instID,church_type,instName,language,instNote,placeName,region,county_orig,county_reg,city_orig,city_reg,state_orig,state_reg,latitude,longitude,attendingInstID,attendingChurch,attendingChurchFrequency,persID,persTitle,persName,persSuffix,persRole,persNote,memberType,member,affiliated,order,year,attendingPersID,attendingChurchNote,diocese,diocese_reg
﻿lou.ky.0016,﻿church,﻿St. Louis,English,,,,﻿Jefferson County,﻿Jefferson County,﻿Louisville,﻿Louisville,﻿KY,﻿KY,﻿#REF!,﻿#REF!,,,,﻿ben_j_flaget_902,﻿Rt. Rev.,﻿Benedict J. Flaget,﻿D.D.,,,,,,,1843,﻿,﻿,﻿hi,Louisville
﻿lou.ky.0016,﻿church,﻿St. Louis,English,,,,﻿Jefferson County,﻿Jefferson County,﻿Louisville,﻿Louisville,﻿KY,,﻿#REF!,﻿#REF!,,,,﻿guy_j_chabrat_902,﻿Rt. Rev.,﻿Guy J. Chabrat,﻿D.D.,﻿Coadjutor,,,,,,1843,﻿,﻿,﻿hi,Louisville
﻿lou.ky.0016,﻿church,﻿St. Louis,English,,,,﻿Jefferson County,﻿Jefferson County,﻿Louisville,﻿Louisville,﻿KY,,﻿#REF!,﻿#REF!,,,,﻿ign_a_reynolds_902,﻿Very Rev.,﻿Ignatius A. Reynolds,,﻿Vic. Gen.,,,,,,1843,﻿,﻿,﻿hi,Louisville
﻿lou.ky.0016,﻿church,﻿St. Louis,English,,,,﻿Jefferson County,﻿Jefferson County,﻿Louisville,﻿Louisville,﻿KY,,﻿#REF!,﻿#REF!,,,,﻿joh_mcgill_902,﻿Rev.,﻿John McGill,,,,,,,,1843,﻿,﻿,﻿hi,Louisville
﻿lou.ky.0016,﻿church,﻿St. Louis,English,,,,﻿Jefferson County,﻿Jefferson County,﻿Louisville,﻿Louisville,﻿KY,,﻿#REF!,﻿#REF!,,,,﻿joh_quinn_902,﻿Rev.,﻿John Quinn,,,,,,,,1843,﻿,﻿,﻿hi,Louisville
﻿lou.ky.0002,﻿church,﻿German Church,﻿german,,,,,,﻿Louisville,,﻿KY,,﻿#REF!,﻿#REF!,,,,﻿cha_blanc_902,﻿Rev.,﻿Charles Blanc,,﻿Pastor,,,,,,1843,﻿,﻿,﻿hi,Louisville
﻿lou.ky.0020,﻿church,﻿Church of St. Joseph,English,,,,,﻿Nelson County,﻿Bardstown,﻿Bardstown,﻿KY,﻿KY,﻿#REF!,﻿#REF!,,,,﻿j_m_spalding_902,﻿Rev.,﻿J. M. Spalding,﻿D.D.,﻿Pastor,﻿assisted by the Rev. gentlemen of St. Joseph's College. Five other stations are visited by the pastor of the Cathedral.,,,,,1843,﻿,﻿,﻿hi,Louisville
﻿lou.ky.0091,﻿church,﻿St. Thomas' Church,English,,,,﻿Nelson County,,,﻿Bardstown,﻿KY,﻿KY,﻿#REF!,﻿#REF!,,,,﻿jno_bruyere_901,﻿Rev.,﻿Jno. Bruyere,,,,,,,,1843,﻿,﻿,﻿hi,Louisville
﻿lou.ky.0063,﻿church,[Unnamed Institution],English,,,,,,,﻿New Haven,﻿KY,,﻿#REF!,﻿#REF!,,,﻿attended by Rev. Jno. Bruyere,﻿jno_bruyere_901,﻿Rev.,﻿Jno. Bruyere,,,﻿and four stations.,,,,,1843,﻿,﻿,﻿hi,Louisville
﻿lou.ky.0038,﻿church,﻿St. Michael's,English,,,,﻿Nelson County,﻿Nelson County,﻿Fairfield,﻿Fairfield,﻿KY,﻿KY,﻿#REF!,﻿#REF!,,,,﻿j_elliott_902,﻿Rev.,﻿J. Elliott,,,﻿attends two stations,,,,,1843,﻿,﻿,﻿hi,Louisville
﻿lou.ky.9036,﻿church,﻿St. Benedict's,English,,,,﻿Spencer County,,﻿Taylorsville,,﻿KY,,﻿#REF!,﻿#REF!,,,,﻿j_elliott_902,﻿Rev.,﻿J. Elliott,,,﻿attends two stations,,,,,1843,﻿,﻿,﻿hi,Louisville
﻿lou.ky.0062,﻿church,﻿St. Vincent of Paul,English,,,,﻿Nelson County,,﻿Nazareth,,﻿KY,,﻿#REF!,﻿#REF!,,,,﻿j_haseltine_902,﻿Rev.,﻿J. Haseltine,,,,,,,,1843,﻿,﻿,﻿hi,Louisville
﻿lou.ky.0083,﻿church,﻿St. John the Baptist's,English,,,,﻿Bullett County,﻿Bullitt County,,,﻿KY,,﻿#REF!,﻿#REF!,,,﻿[visited] once a month by Rev. J. Haseltine,﻿j_haseltine_902,﻿Rev.,﻿J. Haseltine,,,,,,,,1843,﻿,﻿,﻿hi,Louisville
﻿lou.ky.0014,﻿church,[Unnamed Institution],English,,,﻿near Louisville,,,﻿Portland,,﻿KY,,﻿#REF!,﻿#REF!,,,,﻿f_x_evremond_902,﻿Rev.,﻿F. X. Evremond,,,,,,,,1843,﻿,﻿,﻿hi,Louisville
﻿lou.ky.9017,﻿church,﻿St. Paul's,English,,,,﻿Grayson County,,,,﻿KY,,﻿#REF!,﻿#REF!,,,,﻿a_degauquier_902,﻿Rev.,﻿A. Degauquier,,,﻿who attends six stations,,,,,1843,﻿,﻿,﻿hi,Louisville
﻿lou.ky.0064,﻿church,﻿St. Benedict's,English,,,,﻿Grayson County,,,,﻿KY,,﻿#REF!,﻿#REF!,,,,﻿a_degauquier_902,﻿Rev.,﻿A. Degauquier,,,﻿who attends six stations,,,,,1843,﻿,﻿,﻿hi,Louisville
﻿lou.ky.0022,﻿church,﻿St. Augustine's,English,,,,﻿Grayson County,,,,﻿KY,,﻿#REF!,﻿#REF!,,,,﻿a_degauquier_902,﻿Rev.,﻿A. Degauquier,,,﻿who attends six stations,,,,,1843,﻿,﻿,﻿hi,Louisville
﻿lou.ky.0054,﻿church,﻿St. Anthony's,English,,,,﻿Breckenridge County,,,,﻿KY,,﻿#REF!,﻿#REF!,,,,﻿a_degauquier_902,﻿Rev.,﻿A. Degauquier,,,﻿who attends six stations,,,,,1843,﻿,﻿,﻿hi,Louisville
﻿lou.ky.0039,﻿church,﻿St. Theresa's,English,,,,﻿Meade County,,,,﻿KY,,﻿#REF!,﻿#REF!,,,,﻿cha_coomes_903,﻿Rev.,﻿Charles Coomes,,,﻿who attends seventeen stations,,,,,1843,﻿,﻿,﻿hi,Louisville
﻿lou.ky.0042,﻿church,﻿St. Romauld,English,,,,﻿Breckenridge County,,﻿Hardensburgh,,﻿KY,,﻿#REF!,﻿#REF!,,,,﻿jos_adams_902,﻿Rev.,﻿Joseph Adams,,,,,,,,1843,﻿,﻿,﻿hi,Louisville
﻿lou.ky.0085,﻿church,﻿St. Lawrence,English,,,,﻿Davies County,﻿Daviess County,,,﻿KY,﻿KY,﻿#REF!,﻿#REF!,,,,﻿w_s_coomes_902,﻿Rev.,﻿W. S. Coomes,,,,,,,,1843,﻿,﻿,﻿hi,Louisville
﻿lou.ky.0085,﻿church,﻿St. Stephens,English,,,,﻿Davies County,﻿Daviess County,﻿Owenborough,,﻿KY,,﻿#REF!,﻿#REF!,,,,﻿w_s_coomes_902,﻿Rev.,﻿W. S. Coomes,,,,,,,,1843,﻿,﻿,﻿hi,Louisville
﻿lou.ky.0072,﻿church,﻿Sacred Heart,English,,,,﻿Union County,,,,﻿KY,,﻿#REF!,﻿#REF!,,,,﻿e_j_durbin_902,﻿Rev.,﻿E. J. Durbin,,,﻿who attend four distant stations,,,,,1843,﻿,﻿,﻿hi,Louisville
﻿lou.ky.0072,﻿church,﻿Sacred Heart,English,,,,﻿Union County,,,,﻿KY,,﻿#REF!,﻿#REF!,,,,﻿a_hagan_902,﻿Rev.,﻿A. Hagan,,,﻿who attend four distant stations,,,,,1843,﻿,﻿,﻿hi,Louisville
﻿lou.ky.0073,﻿church,﻿St. Ambrose,English,,,,﻿Union County,,,,﻿KY,,﻿#REF!,﻿#REF!,,,,﻿e_j_durbin_902,﻿Rev.,﻿E. J. Durbin,,,﻿who attend four distant stations,,,,,1843,﻿,﻿,﻿hi,Louisville
﻿lou.ky.0073,﻿church,﻿St. Ambrose,English,,,,﻿Union County,,,,﻿KY,,﻿#REF!,﻿#REF!,,,,﻿a_hagan_902,﻿Rev.,﻿A. Hagan,,,﻿who attend four distant stations,,,,,1843,﻿,﻿,﻿hi,Louisville
﻿lou.ky.0080,﻿church,﻿St. Jerome's,English,,,,﻿Graves County,,,,﻿KY,,﻿#REF!,﻿#REF!,,,,﻿e_j_durbin_902,﻿Rev.,﻿E. J. Durbin,,,﻿who attend four distant stations,,,,,1843,﻿,﻿,﻿hi,Louisville
﻿lou.ky.0080,﻿church,﻿St. Jerome's,English,,,,﻿Graves County,,,,﻿KY,,﻿#REF!,﻿#REF!,,,,﻿a_hagan_902,﻿Rev.,﻿A. Hagan,,,,,,,,1843,﻿,﻿,﻿hi,Louisville
﻿lou.ky.0048,﻿church,﻿Holy Cross,English,,,,﻿Marion County,,,,﻿KY,,﻿#REF!,﻿#REF!,,,,﻿rob_byrn_902,﻿Rev.,﻿Robert Byrn,,,﻿who also attends St. Vincent's in Nelson Co. and five stations,,,,,1843,﻿,﻿,﻿hi,Louisville
﻿lou.ky.9044,﻿church,﻿St. Vincent,English,,,,﻿Nelson County,,,,﻿KY,,﻿#REF!,﻿#REF!,,,﻿attended by Rev. Robert Byrn,﻿rob_byrn_902,﻿Rev.,﻿Robert Byrn,,,﻿and [attends] five stations,,,,,1843,﻿,﻿,﻿hi,Louisville
﻿lou.ky.0077,﻿church,﻿St. Charles,English,,,,﻿Marion County,,,,﻿KY,,﻿#REF!,﻿#REF!,,,﻿attended by Rev. Louis Petit,﻿lou_petit_902,﻿Rev.,﻿Louis Petit,,,﻿and [attends] five stations,,,,,1843,﻿,﻿,﻿hi,Louisville
﻿lou.ky.0069,﻿church,[Unnamed Institution],English,,﻿Raywick,,,,,,﻿KY,,﻿#REF!,﻿#REF!,,,﻿attended by Rev. Louis Petit,﻿rob_byrn_902,﻿Rev.,﻿Robert Byrn,,,﻿and [attends] three stations,,,,,1843,﻿,﻿,﻿hi,Louisville
﻿lou.ky.0052,﻿church,﻿St. Augustine's,English,,,,﻿Marion County,﻿Marion County,﻿Lebanon,﻿Lebanon,﻿KY,,﻿#REF!,﻿#REF!,,,,﻿d_a_deparcq_902,﻿Rev.,﻿D. A. Deparcq,,,,,,,,1843,﻿,﻿,﻿hi,Louisville
﻿lou.ky.0049,﻿church,﻿Holy Mary,English,,,,﻿Marion County,﻿Marion County,,,﻿KY,,﻿#REF!,﻿#REF!,,,,﻿d_a_deparcq_902,﻿Rev.,﻿D. A. Deparcq,,,,,,,,1843,﻿,﻿,﻿hi,Louisville
﻿lou.ky.9034_02,﻿church,﻿[Chapel of?] Loretto Convent and Academy [of St. Mary's?],English,,,,,﻿Marion County,﻿Loretto,,﻿KY,,﻿#REF!,﻿#REF!,,,,﻿f_fouche_902,﻿Rev.,﻿F. Fouche,﻿S.J.,,,,,,,1843,﻿,﻿,﻿hi,Louisville
﻿lou.ky.9034_02,﻿church,﻿[Chapel of?] Loretto Convent and Academy [of St. Mary's?],English,﻿p131: https://digital.library.villanova.edu/Item/vudl:325604#?xywh=-111%2C219%2C1488%2C814&cv=130,,,,﻿Marion County,﻿Loretto,,﻿KY,,﻿#REF!,﻿#REF!,,,,,,,,,,,,,,1843,﻿,﻿,﻿hi,Louisville
﻿lou.ky.9034_02,﻿church,﻿[Chapel of?] Loretto Convent and Academy [of St. Mary's?],English,﻿p131: https://digital.library.villanova.edu/Item/vudl:325604#?xywh=-111%2C219%2C1488%2C814&cv=130,,,,﻿Marion County,﻿Loretto,,﻿KY,,﻿#REF!,﻿#REF!,,,,,,,,,,,,,,1843,﻿,﻿,﻿hi,Louisville
﻿lou.ky.9034_02,﻿church,﻿[Chapel of?] Loretto Convent and Academy [of St. Mary's?],English,﻿p131: https://digital.library.villanova.edu/Item/vudl:325604#?xywh=-111%2C219%2C1488%2C814&cv=130,,,,﻿Marion County,﻿Loretto,,﻿KY,,﻿#REF!,﻿#REF!,,,,,,,,,,,,,,1843,﻿,﻿,﻿hi,Louisville
﻿lou.ky.9034_02,﻿church,﻿[Chapel of?] Loretto Convent and Academy [of St. Mary's?],English,﻿p131: https://digital.library.villanova.edu/Item/vudl:325604#?xywh=-111%2C219%2C1488%2C814&cv=130,,,,﻿Marion County,﻿Loretto,,﻿KY,,﻿#REF!,﻿#REF!,,,,,,,,,,,,,,1843,﻿,﻿,﻿hi,Louisville
﻿lou.ky.9034_02,﻿church,﻿[Chapel of?] Loretto Convent and Academy [of St. Mary's?],English,﻿p131: https://digital.library.villanova.edu/Item/vudl:325604#?xywh=-111%2C219%2C1488%2C814&cv=130,,,,﻿Marion County,﻿Loretto,,﻿KY,,﻿#REF!,﻿#REF!,,,,,,,,,,,,,,1843,﻿,﻿,﻿hi,Louisville
﻿lou.ky.9034_02,﻿church,﻿[Chapel of?] Loretto Convent and Academy [of St. Mary's?],English,﻿p131: https://digital.library.villanova.edu/Item/vudl:325604#?xywh=-111%2C219%2C1488%2C814&cv=130,,,,﻿Marion County,﻿Loretto,,﻿KY,,﻿#REF!,﻿#REF!,,,,,,,,,,,,,,1843,﻿,﻿,﻿hi,Louisville
﻿lou.ky.9034_02,﻿church,﻿[Chapel of?] Loretto Convent and Academy [of St. Mary's?],English,﻿p131: https://digital.library.villanova.edu/Item/vudl:325604#?xywh=-111%2C219%2C1488%2C814&cv=130,,,,﻿Marion County,﻿Loretto,,﻿KY,,﻿#REF!,﻿#REF!,,,,,,,,,,,,,,1843,﻿,﻿,﻿hi,Louisville
﻿lou.ky.9034_02,﻿church,﻿[Chapel of?] Loretto Convent and Academy [of St. Mary's?],English,﻿p131: https://digital.library.villanova.edu/Item/vudl:325604#?xywh=-111%2C219%2C1488%2C814&cv=130,,,,﻿Marion County,﻿Loretto,,﻿KY,,﻿#REF!,﻿#REF!,,,,,,,,,,,,,,1843,﻿,﻿,﻿hi,Louisville
﻿lou.ky.9034_02,﻿church,﻿[Chapel of?] Loretto Convent and Academy [of St. Mary's?],English,﻿p131: https://digital.library.villanova.edu/Item/vudl:325604#?xywh=-111%2C219%2C1488%2C814&cv=130,,,,﻿Marion County,﻿Loretto,,﻿KY,,﻿#REF!,﻿#REF!,,,,,,,,,,,,,,1843,﻿,﻿,﻿hi,Louisville
﻿lou.ky.9034_02,﻿church,﻿[Chapel of?] Loretto Convent and Academy [of St. Mary's?],English,﻿p131: https://digital.library.villanova.edu/Item/vudl:325604#?xywh=-111%2C219%2C1488%2C814&cv=130,,,,﻿Marion County,﻿Loretto,,﻿KY,,﻿#REF!,﻿#REF!,,,,,,,,,,,,,,1843,﻿,﻿,﻿hi,Louisville
﻿lou.ky.9034_02,﻿church,﻿[Chapel of?] Loretto Convent and Academy [of St. Mary's?],English,﻿p131: https://digital.library.villanova.edu/Item/vudl:325604#?xywh=-111%2C219%2C1488%2C814&cv=130,,,,﻿Marion County,﻿Loretto,,﻿KY,,﻿#REF!,﻿#REF!,,,,,,,,,,,,,,1843,﻿,﻿,﻿hi,Louisville
﻿lou.ky.9034_02,﻿church,﻿[Chapel of?] Loretto Convent and Academy [of St. Mary's?],English,﻿p131: https://digital.library.villanova.edu/Item/vudl:325604#?xywh=-111%2C219%2C1488%2C814&cv=130,,,,﻿Marion County,﻿Loretto,,﻿KY,,﻿#REF!,﻿#REF!,,,,,,,,,,,,,,1843,﻿,﻿,﻿hi,Louisville
﻿lou.ky.9034_02,﻿church,﻿[Chapel of?] Loretto Convent and Academy [of St. Mary's?],English,﻿p131: https://digital.library.villanova.edu/Item/vudl:325604#?xywh=-111%2C219%2C1488%2C814&cv=130,,,,﻿Marion County,﻿Loretto,,﻿KY,,﻿#REF!,﻿#REF!,,,,,,,,,,,,,,1843,﻿,﻿,﻿hi,Louisville
﻿lou.ky.9034_02,﻿church,﻿[Chapel of?] Loretto Convent and Academy [of St. Mary's?],English,﻿p131: https://digital.library.villanova.edu/Item/vudl:325604#?xywh=-111%2C219%2C1488%2C814&cv=130,,,,﻿Marion County,﻿Loretto,,﻿KY,,﻿#REF!,﻿#REF!,,,,,,,,,,,,,,1843,﻿,﻿,﻿hi,Louisville
﻿lou.ky.9034_02,﻿church,﻿[Chapel of?] Loretto Convent and Academy [of St. Mary's?],English,﻿p131: https://digital.library.villanova.edu/Item/vudl:325604#?xywh=-111%2C219%2C1488%2C814&cv=130,,,,﻿Marion County,﻿Loretto,,﻿KY,,﻿#REF!,﻿#REF!,,,,,,,,,,,,,,1843,﻿,﻿,﻿hi,Louisville
﻿lou.ky.9034_02,﻿church,﻿[Chapel of?] Loretto Convent and Academy [of St. Mary's?],English,﻿p131: https://digital.library.villanova.edu/Item/vudl:325604#?xywh=-111%2C219%2C1488%2C814&cv=130,,,,﻿Marion County,﻿Loretto,,﻿KY,,﻿#REF!,﻿#REF!,,,,,,,,,,,,,,1843,﻿,﻿,﻿hi,Louisville
﻿lou.ky.9034_02,﻿church,﻿[Chapel of?] Loretto Convent and Academy [of St. Mary's?],English,﻿p131: https://digital.library.villanova.edu/Item/vudl:325604#?xywh=-111%2C219%2C1488%2C814&cv=130,,,,﻿Marion County,﻿Loretto,,﻿KY,,﻿#REF!,﻿#REF!,,,,,,,,,,,,,,1843,﻿,﻿,﻿hi,Louisville
﻿lou.ky.9034_02,﻿church,﻿[Chapel of?] Loretto Convent and Academy [of St. Mary's?],English,﻿p131: https://digital.library.villanova.edu/Item/vudl:325604#?xywh=-111%2C219%2C1488%2C814&cv=130,,,,﻿Marion County,﻿Loretto,,﻿KY,,﻿#REF!,﻿#REF!,,,,,,,,,,,,,,1843,﻿,﻿,﻿hi,Louisville
﻿lou.ky.9034_02,﻿church,﻿[Chapel of?] Loretto Convent and Academy [of St. Mary's?],English,﻿p131: https://digital.library.villanova.edu/Item/vudl:325604#?xywh=-111%2C219%2C1488%2C814&cv=130,,,,﻿Marion County,﻿Loretto,,﻿KY,,﻿#REF!,﻿#REF!,,,,,,,,,,,,,,1843,﻿,﻿,﻿hi,Louisville
﻿lou.ky.9034_02,﻿church,﻿[Chapel of?] Loretto Convent and Academy [of St. Mary's?],English,﻿p131: https://digital.library.villanova.edu/Item/vudl:325604#?xywh=-111%2C219%2C1488%2C814&cv=130,,,,﻿Marion County,﻿Loretto,,﻿KY,,﻿#REF!,﻿#REF!,,,,,,,,,,,,,,1843,﻿,﻿,﻿hi,Louisville
﻿lou.ky.9034_02,﻿church,﻿[Chapel of?] Loretto Convent and Academy [of St. Mary's?],English,﻿p131: https://digital.library.villanova.edu/Item/vudl:325604#?xywh=-111%2C219%2C1488%2C814&cv=130,,,,﻿Marion County,﻿Loretto,,﻿KY,,﻿#REF!,﻿#REF!,,,,,,,,,,,,,,1843,﻿,﻿,﻿hi,Louisville
﻿lou.ky.9034_02,﻿church,﻿[Chapel of?] Loretto Convent and Academy [of St. Mary's?],English,﻿p131: https://digital.library.villanova.edu/Item/vudl:325604#?xywh=-111%2C219%2C1488%2C814&cv=130,,,,﻿Marion County,﻿Loretto,,﻿KY,,﻿#REF!,﻿#REF!,,,,,,,,,,,,,,1843,﻿,﻿,﻿hi,Louisville
﻿lou.ky.9034_02,﻿church,﻿[Chapel of?] Loretto Convent and Academy [of St. Mary's?],English,﻿p131: https://digital.library.villanova.edu/Item/vudl:325604#?xywh=-111%2C219%2C1488%2C814&cv=130,,,,﻿Marion County,﻿Loretto,,﻿KY,,﻿#REF!,﻿#REF!,,,,,,,,,,,,,,1843,﻿,﻿,﻿hi,Louisville
﻿lou.ky.9034_02,﻿church,﻿[Chapel of?] Loretto Convent and Academy [of St. Mary's?],English,﻿p131: https://digital.library.villanova.edu/Item/vudl:325604#?xywh=-111%2C219%2C1488%2C814&cv=130,,,,﻿Marion County,﻿Loretto,,﻿KY,,﻿#REF!,﻿#REF!,,,,,,,,,,,,,,1843,﻿,﻿,﻿hi,Louisville
﻿lou.ky.9034_02,﻿church,﻿[Chapel of?] Loretto Convent and Academy [of St. Mary's?],English,﻿p131: https://digital.library.villanova.edu/Item/vudl:325604#?xywh=-111%2C219%2C1488%2C814&cv=130,,,,﻿Marion County,﻿Loretto,,﻿KY,,﻿#REF!,﻿#REF!,,,,,,,,,,,,,,1843,﻿,﻿,﻿hi,Louisville
﻿lou.ky.9034_02,﻿church,﻿[Chapel of?] Loretto Convent and Academy [of St. Mary's?],English,﻿p131: https://digital.library.villanova.edu/Item/vudl:325604#?xywh=-111%2C219%2C1488%2C814&cv=130,,,,﻿Marion County,﻿Loretto,,﻿KY,,﻿#REF!,﻿#REF!,,,,,,,,,,,,,,1843,﻿,﻿,﻿hi,Louisville
﻿lou.ky.9034_02,﻿church,﻿[Chapel of?] Loretto Convent and Academy [of St. Mary's?],English,﻿p131: https://digital.library.villanova.edu/Item/vudl:325604#?xywh=-111%2C219%2C1488%2C814&cv=130,,,,﻿Marion County,﻿Loretto,,﻿KY,,﻿#REF!,﻿#REF!,,,,,,,,,,,,,,1843,﻿,﻿,﻿hi,Louisville
﻿lou.ky.9034_02,﻿church,﻿[Chapel of?] Loretto Convent and Academy [of St. Mary's?],English,﻿p131: https://digital.library.villanova.edu/Item/vudl:325604#?xywh=-111%2C219%2C1488%2C814&cv=130,,,,﻿Marion County,﻿Loretto,,﻿KY,,﻿#REF!,﻿#REF!,,,,,,,,,,,,,,1843,﻿,﻿,﻿hi,Louisville
﻿lou.ky.9034_02,﻿church,﻿[Chapel of?] Loretto Convent and Academy [of St. Mary's?],English,﻿p131: https://digital.library.villanova.edu/Item/vudl:325604#?xywh=-111%2C219%2C1488%2C814&cv=130,,,,﻿Marion County,﻿Loretto,,﻿KY,,﻿#REF!,﻿#REF!,,,,,,,,,,,,,,1843,﻿,﻿,﻿hi,Louisville
﻿lou.ky.9034_02,﻿church,﻿[Chapel of?] Loretto Convent and Academy [of St. Mary's?],English,﻿p131: https://digital.library.villanova.edu/Item/vudl:325604#?xywh=-111%2C219%2C1488%2C814&cv=130,,,,﻿Marion County,﻿Loretto,,﻿KY,,﻿#REF!,﻿#REF!,,,,,,,,,,,,,,1843,﻿,﻿,﻿hi,Louisville
﻿lou.ky.9034_02,﻿church,﻿[Chapel of?] Loretto Convent and Academy [of St. Mary's?],English,﻿p131: https://digital.library.villanova.edu/Item/vudl:325604#?xywh=-111%2C219%2C1488%2C814&cv=130,,,,﻿Marion County,﻿Loretto,,﻿KY,,﻿#REF!,﻿#REF!,,,,,,,,,,,,,,1843,﻿,﻿,﻿hi,Louisville
﻿lou.ky.9034_02,﻿church,﻿[Chapel of?] Loretto Convent and Academy [of St. Mary's?],English,﻿p131: https://digital.library.villanova.edu/Item/vudl:325604#?xywh=-111%2C219%2C1488%2C814&cv=130,,,,﻿Marion County,﻿Loretto,,﻿KY,,﻿#REF!,﻿#REF!,,,,,,,,,,,,,,1843,﻿,﻿,﻿hi,Louisville
﻿lou.ky.9034_02,﻿church,﻿[Chapel of?] Loretto Convent and Academy [of St. Mary's?],English,﻿p131: https://digital.library.villanova.edu/Item/vudl:325604#?xywh=-111%2C219%2C1488%2C814&cv=130,,,,﻿Marion County,﻿Loretto,,﻿KY,,﻿#REF!,﻿#REF!,,,,,,,,,,,,,,1843,﻿,﻿,﻿hi,Louisville
﻿lou.ky.9034_02,﻿church,﻿[Chapel of?] Loretto Convent and Academy [of St. Mary's?],English,﻿p131: https://digital.library.villanova.edu/Item/vudl:325604#?xywh=-111%2C219%2C1488%2C814&cv=130,,,,﻿Marion County,﻿Loretto,,﻿KY,,﻿#REF!,﻿#REF!,,,,,,,,,,,,,,1843,﻿,﻿,﻿hi,Louisville
﻿lou.ky.9034_02,﻿church,﻿[Chapel of?] Loretto Convent and Academy [of St. Mary's?],English,﻿p131: https://digital.library.villanova.edu/Item/vudl:325604#?xywh=-111%2C219%2C1488%2C814&cv=130,,,,﻿Marion County,﻿Loretto,,﻿KY,,﻿#REF!,﻿#REF!,,,,,,,,,,,,,,1843,﻿,﻿,﻿hi,Louisville
﻿lou.ky.9034_02,﻿church,﻿[Chapel of?] Loretto Convent and Academy [of St. Mary's?],English,﻿p131: https://digital.library.villanova.edu/Item/vudl:325604#?xywh=-111%2C219%2C1488%2C814&cv=130,,,,﻿Marion County,﻿Loretto,,﻿KY,,﻿#REF!,﻿#REF!,,,,,,,,,,,,,,1843,﻿,﻿,﻿hi,Louisville
﻿lou.ky.9034_02,﻿church,﻿[Chapel of?] Loretto Convent and Academy [of St. Mary's?],English,﻿p131: https://digital.library.villanova.edu/Item/vudl:325604#?xywh=-111%2C219%2C1488%2C814&cv=130,,,,﻿Marion County,﻿Loretto,,﻿KY,,﻿#REF!,﻿#REF!,,,,,,,,,,,,,,1843,﻿,﻿,﻿hi,Louisville
﻿lou.ky.9034_02,﻿church,﻿[Chapel of?] Loretto Convent and Academy [of St. Mary's?],English,﻿p131: https://digital.library.villanova.edu/Item/vudl:325604#?xywh=-111%2C219%2C1488%2C814&cv=130,,,,﻿Marion County,﻿Loretto,,﻿KY,,﻿#REF!,﻿#REF!,,,,,,,,,,,,,,1843,﻿,﻿,﻿hi,Louisville
﻿lou.ky.9034_02,﻿church,﻿[Chapel of?] Loretto Convent and Academy [of St. Mary's?],English,﻿p131: https://digital.library.villanova.edu/Item/vudl:325604#?xywh=-111%2C219%2C1488%2C814&cv=130,,,,﻿Marion County,﻿Loretto,,﻿KY,,﻿#REF!,﻿#REF!,,,,,,,,,,,,,,1843,﻿,﻿,﻿hi,Louisville
﻿lou.ky.9034_02,﻿church,﻿[Chapel of?] Loretto Convent and Academy [of St. Mary's?],English,﻿p131: https://digital.library.villanova.edu/Item/vudl:325604#?xywh=-111%2C219%2C1488%2C814&cv=130,,,,﻿Marion County,﻿Loretto,,﻿KY,,﻿#REF!,﻿#REF!,,,,,,,,,,,,,,1843,﻿,﻿,﻿hi,Louisville
﻿lou.ky.9034_02,﻿church,﻿[Chapel of?] Loretto Convent and Academy [of St. Mary's?],English,﻿p131: https://digital.library.villanova.edu/Item/vudl:325604#?xywh=-111%2C219%2C1488%2C814&cv=130,,,,﻿Marion County,﻿Loretto,,﻿KY,,﻿#REF!,﻿#REF!,,,,,,,,,,,,,,1843,﻿,﻿,﻿hi,Louisville
﻿lou.ky.9034_02,﻿church,﻿[Chapel of?] Loretto Convent and Academy [of St. Mary's?],English,﻿p131: https://digital.library.villanova.edu/Item/vudl:325604#?xywh=-111%2C219%2C1488%2C814&cv=130,,,,﻿Marion County,﻿Loretto,,﻿KY,,﻿#REF!,﻿#REF!,,,,,,,,,,,,,,1843,﻿,﻿,﻿hi,Louisville
﻿lou.ky.9034_02,﻿church,﻿[Chapel of?] Loretto Convent and Academy [of St. Mary's?],English,﻿p131: https://digital.library.villanova.edu/Item/vudl:325604#?xywh=-111%2C219%2C1488%2C814&cv=130,,,,﻿Marion County,﻿Loretto,,﻿KY,,﻿#REF!,﻿#REF!,,,,,,,,,,,,,,1843,﻿,﻿,﻿hi,Louisville
﻿lou.ky.9034_02,﻿church,﻿[Chapel of?] Loretto Convent and Academy [of St. Mary's?],English,﻿p131: https://digital.library.villanova.edu/Item/vudl:325604#?xywh=-111%2C219%2C1488%2C814&cv=130,,,,﻿Marion County,﻿Loretto,,﻿KY,,﻿#REF!,﻿#REF!,,,,,,,,,,,,,,1843,﻿,﻿,﻿hi,Louisville
﻿lou.ky.9034_02,﻿church,﻿[Chapel of?] Loretto Convent and Academy [of St. Mary's?],English,﻿p131: https://digital.library.villanova.edu/Item/vudl:325604#?xywh=-111%2C219%2C1488%2C814&cv=130,,,,﻿Marion County,﻿Loretto,,﻿KY,,﻿#REF!,﻿#REF!,,,,,,,,,,,,,,1843,﻿,﻿,﻿hi,Louisville
﻿lou.ky.9034_02,﻿church,﻿[Chapel of?] Loretto Convent and Academy [of St. Mary's?],English,﻿p131: https://digital.library.villanova.edu/Item/vudl:325604#?xywh=-111%2C219%2C1488%2C814&cv=130,,,,﻿Marion County,﻿Loretto,,﻿KY,,﻿#REF!,﻿#REF!,,,,,,,,,,,,,,1843,﻿,﻿,﻿hi,Louisville
﻿lou.ky.9034_02,﻿church,﻿[Chapel of?] Loretto Convent and Academy [of St. Mary's?],English,﻿p131: https://digital.library.villanova.edu/Item/vudl:325604#?xywh=-111%2C219%2C1488%2C814&cv=130,,,,﻿Marion County,﻿Loretto,,﻿KY,,﻿#REF!,﻿#REF!,,,,,,,,,,,,,,1843,﻿,﻿,﻿hi,Louisville
﻿lou.ky.9034_02,﻿church,﻿[Chapel of?] Loretto Convent and Academy [of St. Mary's?],English,﻿p131: https://digital.library.villanova.edu/Item/vudl:325604#?xywh=-111%2C219%2C1488%2C814&cv=130,,,,﻿Marion County,﻿Loretto,,﻿KY,,﻿#REF!,﻿#REF!,,,,,,,,,,,,,,1843,﻿,﻿,﻿hi,Louisville
﻿lou.ky.9034_02,﻿church,﻿[Chapel of?] Loretto Convent and Academy [of St. Mary's?],English,﻿p131: https://digital.library.villanova.edu/Item/vudl:325604#?xywh=-111%2C219%2C1488%2C814&cv=130,,,,﻿Marion County,﻿Loretto,,﻿KY,,﻿#REF!,﻿#REF!,,,,,,,,,,,,,,1843,﻿,﻿,﻿hi,Louisville
﻿lou.ky.9034_02,﻿church,﻿[Chapel of?] Loretto Convent and Academy [of St. Mary's?],English,﻿p131: https://digital.library.villanova.edu/Item/vudl:325604#?xywh=-111%2C219%2C1488%2C814&cv=130,,,,﻿Marion County,﻿Loretto,,﻿KY,,﻿#REF!,﻿#REF!,,,,,,,,,,,,,,1843,﻿,﻿,﻿hi,Louisville
﻿lou.ky.9034_02,﻿church,﻿[Chapel of?] Loretto Convent and Academy [of St. Mary's?],English,﻿p131: https://digital.library.villanova.edu/Item/vudl:325604#?xywh=-111%2C219%2C1488%2C814&cv=130,,,,﻿Marion County,﻿Loretto,,﻿KY,,﻿#REF!,﻿#REF!,,,,,,,,,,,,,,1843,﻿,﻿,﻿hi,Louisville
﻿lou.ky.9034_02,﻿church,﻿[Chapel of?] Loretto Convent and Academy [of St. Mary's?],English,﻿p131: https://digital.library.villanova.edu/Item/vudl:325604#?xywh=-111%2C219%2C1488%2C814&cv=130,,,,﻿Marion County,﻿Loretto,,﻿KY,,﻿#REF!,﻿#REF!,,,,,,,,,,,,,,1843,﻿,﻿,﻿hi,Louisville
﻿lou.ky.9034_02,﻿church,﻿[Chapel of?] Loretto Convent and Academy [of St. Mary's?],English,﻿p131: https://digital.library.villanova.edu/Item/vudl:325604#?xywh=-111%2C219%2C1488%2C814&cv=130,,,,﻿Marion County,﻿Loretto,,﻿KY,,﻿#REF!,﻿#REF!,,,,,,,,,,,,,,1843,﻿,﻿,﻿hi,Louisville
﻿lou.ky.9034_02,﻿church,﻿[Chapel of?] Loretto Convent and Academy [of St. Mary's?],English,﻿p131: https://digital.library.villanova.edu/Item/vudl:325604#?xywh=-111%2C219%2C1488%2C814&cv=130,,,,﻿Marion County,﻿Loretto,,﻿KY,,﻿#REF!,﻿#REF!,,,,,,,,,,,,,,1843,﻿,﻿,﻿hi,Louisville
﻿lou.ky.9034_02,﻿church,﻿[Chapel of?] Loretto Convent and Academy [of St. Mary's?],English,﻿p131: https://digital.library.villanova.edu/Item/vudl:325604#?xywh=-111%2C219%2C1488%2C814&cv=130,,,,﻿Marion County,﻿Loretto,,﻿KY,,﻿#REF!,﻿#REF!,,,,,,,,,,,,,,1843,﻿,﻿,﻿hi,Louisville
﻿lou.ky.9034_02,﻿church,﻿[Chapel of?] Loretto Convent and Academy [of St. Mary's?],English,﻿p131: https://digital.library.villanova.edu/Item/vudl:325604#?xywh=-111%2C219%2C1488%2C814&cv=130,,,,﻿Marion County,﻿Loretto,,﻿KY,,﻿#REF!,﻿#REF!,,,,,,,,,,,,,,1843,﻿,﻿,﻿hi,Louisville
﻿lou.ky.9034_02,﻿church,﻿[Chapel of?] Loretto Convent and Academy [of St. Mary's?],English,﻿p131: https://digital.library.villanova.edu/Item/vudl:325604#?xywh=-111%2C219%2C1488%2C814&cv=130,,,,﻿Marion County,﻿Loretto,,﻿KY,,﻿#REF!,﻿#REF!,,,,,,,,,,,,,,1843,﻿,﻿,﻿hi,Louisville
﻿lou.ky.9034_02,﻿church,﻿[Chapel of?] Loretto Convent and Academy [of St. Mary's?],English,﻿p131: https://digital.library.villanova.edu/Item/vudl:325604#?xywh=-111%2C219%2C1488%2C814&cv=130,,,,﻿Marion County,﻿Loretto,,﻿KY,,﻿#REF!,﻿#REF!,,,,,,,,,,,,,,1843,﻿,﻿,﻿hi,Louisville
﻿lou.ky.9034_02,﻿church,﻿[Chapel of?] Loretto Convent and Academy [of St. Mary's?],English,﻿p131: https://digital.library.villanova.edu/Item/vudl:325604#?xywh=-111%2C219%2C1488%2C814&cv=130,,,,﻿Marion County,﻿Loretto,,﻿KY,,﻿#REF!,﻿#REF!,,,,,,,,,,,,,,1843,﻿,﻿,﻿hi,Louisville
﻿lou.ky.9034_02,﻿church,﻿[Chapel of?] Loretto Convent and Academy [of St. Mary's?],English,﻿p131: https://digital.library.villanova.edu/Item/vudl:325604#?xywh=-111%2C219%2C1488%2C814&cv=130,,,,﻿Marion County,﻿Loretto,,﻿KY,,﻿#REF!,﻿#REF!,,,,,,,,,,,,,,1843,﻿,﻿,﻿hi,Louisville
﻿lou.ky.9034_02,﻿church,﻿[Chapel of?] Loretto Convent and Academy [of St. Mary's?],English,﻿p131: https://digital.library.villanova.edu/Item/vudl:325604#?xywh=-111%2C219%2C1488%2C814&cv=130,,,,﻿Marion County,﻿Loretto,,﻿KY,,﻿#REF!,﻿#REF!,,,,,,,,,,,,,,1843,﻿,﻿,﻿hi,Louisville
﻿lou.ky.9034_02,﻿church,﻿[Chapel of?] Loretto Convent and Academy [of St. Mary's?],English,﻿p131: https://digital.library.villanova.edu/Item/vudl:325604#?xywh=-111%2C219%2C1488%2C814&cv=130,,,,﻿Marion County,﻿Loretto,,﻿KY,,﻿#REF!,﻿#REF!,,,,,,,,,,,,,,1843,﻿,﻿,﻿hi,Louisville
﻿lou.ky.9034_02,﻿church,﻿[Chapel of?] Loretto Convent and Academy [of St. Mary's?],English,﻿p131: https://digital.library.villanova.edu/Item/vudl:325604#?xywh=-111%2C219%2C1488%2C814&cv=130,,,,﻿Marion County,﻿Loretto,,﻿KY,,﻿#REF!,﻿#REF!,,,,,,,,,,,,,,1843,﻿,﻿,﻿hi,Louisville
﻿lou.ky.9034_02,﻿church,﻿[Chapel of?] Loretto Convent and Academy [of St. Mary's?],English,﻿p131: https://digital.library.villanova.edu/Item/vudl:325604#?xywh=-111%2C219%2C1488%2C814&cv=130,,,,﻿Marion County,﻿Loretto,,﻿KY,,﻿#REF!,﻿#REF!,,,,,,,,,,,,,,1843,﻿,﻿,﻿hi,Louisville
﻿lou.ky.9034_02,﻿church,﻿[Chapel of?] Loretto Convent and Academy [of St. Mary's?],English,﻿p131: https://digital.library.villanova.edu/Item/vudl:325604#?xywh=-111%2C219%2C1488%2C814&cv=130,,,,﻿Marion County,﻿Loretto,,﻿KY,,﻿#REF!,﻿#REF!,,,,,,,,,,,,,,1843,﻿,﻿,﻿hi,Louisville
﻿lou.ky.9034_02,﻿church,﻿[Chapel of?] Loretto Convent and Academy [of St. Mary's?],English,﻿p131: https://digital.library.villanova.edu/Item/vudl:325604#?xywh=-111%2C219%2C1488%2C814&cv=130,,,,﻿Marion County,﻿Loretto,,﻿KY,,﻿#REF!,﻿#REF!,,,,,,,,,,,,,,1843,﻿,﻿,﻿hi,Louisville
﻿lou.ky.9034_02,﻿church,﻿[Chapel of?] Loretto Convent and Academy [of St. Mary's?],English,﻿p131: https://digital.library.villanova.edu/Item/vudl:325604#?xywh=-111%2C219%2C1488%2C814&cv=130,,,,﻿Marion County,﻿Loretto,,﻿KY,,﻿#REF!,﻿#REF!,,,,,,,,,,,,,,1843,﻿,﻿,﻿hi,Louisville
﻿lou.ky.9034_02,﻿church,﻿[Chapel of?] Loretto Convent and Academy [of St. Mary's?],English,﻿p131: https://digital.library.villanova.edu/Item/vudl:325604#?xywh=-111%2C219%2C1488%2C814&cv=130,,,,﻿Marion County,﻿Loretto,,﻿KY,,﻿#REF!,﻿#REF!,,,,,,,,,,,,,,1843,﻿,﻿,﻿hi,Louisville
﻿lou.ky.9034_02,﻿church,﻿[Chapel of?] Loretto Convent and Academy [of St. Mary's?],English,﻿p131: https://digital.library.villanova.edu/Item/vudl:325604#?xywh=-111%2C219%2C1488%2C814&cv=130,,,,﻿Marion County,﻿Loretto,,﻿KY,,﻿#REF!,﻿#REF!,,,,,,,,,,,,,,1843,﻿,﻿,﻿hi,Louisville
﻿lou.ky.9034_02,﻿church,﻿[Chapel of?] Loretto Convent and Academy [of St. Mary's?],English,﻿p131: https://digital.library.villanova.edu/Item/vudl:325604#?xywh=-111%2C219%2C1488%2C814&cv=130,,,,﻿Marion County,﻿Loretto,,﻿KY,,﻿#REF!,﻿#REF!,,,,,,,,,,,,,,1843,﻿,﻿,﻿hi,Louisville
﻿lou.ky.9034_02,﻿church,﻿[Chapel of?] Loretto Convent and Academy [of St. Mary's?],English,﻿p131: https://digital.library.villanova.edu/Item/vudl:325604#?xywh=-111%2C219%2C1488%2C814&cv=130,,,,﻿Marion County,﻿Loretto,,﻿KY,,﻿#REF!,﻿#REF!,,,,,,,,,,,,,,1843,﻿,﻿,﻿hi,Louisville
﻿lou.ky.9034_02,﻿church,﻿[Chapel of?] Loretto Convent and Academy [of St. Mary's?],English,﻿p131: https://digital.library.villanova.edu/Item/vudl:325604#?xywh=-111%2C219%2C1488%2C814&cv=130,,,,﻿Marion County,﻿Loretto,,﻿KY,,﻿#REF!,﻿#REF!,,,,,,,,,,,,,,1843,﻿,﻿,﻿hi,Louisville
﻿lou.ky.9034_02,﻿church,﻿[Chapel of?] Loretto Convent and Academy [of St. Mary's?],English,﻿p131: https://digital.library.villanova.edu/Item/vudl:325604#?xywh=-111%2C219%2C1488%2C814&cv=130,,,,﻿Marion County,﻿Loretto,,﻿KY,,﻿#REF!,﻿#REF!,,,,,,,,,,,,,,1843,﻿,﻿,﻿hi,Louisville
﻿lou.ky.9034_02,﻿church,﻿[Chapel of?] Loretto Convent and Academy [of St. Mary's?],English,﻿p131: https://digital.library.villanova.edu/Item/vudl:325604#?xywh=-111%2C219%2C1488%2C814&cv=130,,,,﻿Marion County,﻿Loretto,,﻿KY,,﻿#REF!,﻿#REF!,,,,,,,,,,,,,,1843,﻿,﻿,﻿hi,Louisville
﻿lou.ky.9034_02,﻿church,﻿[Chapel of?] Loretto Convent and Academy [of St. Mary's?],English,﻿p131: https://digital.library.villanova.edu/Item/vudl:325604#?xywh=-111%2C219%2C1488%2C814&cv=130,,,,﻿Marion County,﻿Loretto,,﻿KY,,﻿#REF!,﻿#REF!,,,,,,,,,,,,,,1843,﻿,﻿,﻿hi,Louisville
﻿lou.ky.9034_02,﻿church,﻿[Chapel of?] Loretto Convent and Academy [of St. Mary's?],English,﻿p131: https://digital.library.villanova.edu/Item/vudl:325604#?xywh=-111%2C219%2C1488%2C814&cv=130,,,,﻿Marion County,﻿Loretto,,﻿KY,,﻿#REF!,﻿#REF!,,,,,,,,,,,,,,1843,﻿,﻿,﻿hi,Louisville
﻿lou.ky.9034_02,﻿church,﻿[Chapel of?] Loretto Convent and Academy [of St. Mary's?],English,﻿p131: https://digital.library.villanova.edu/Item/vudl:325604#?xywh=-111%2C219%2C1488%2C814&cv=130,,,,﻿Marion County,﻿Loretto,,﻿KY,,﻿#REF!,﻿#REF!,,,,,,,,,,,,,,1843,﻿,﻿,﻿hi,Louisville
﻿lou.ky.9034_02,﻿church,﻿[Chapel of?] Loretto Convent and Academy [of St. Mary's?],English,﻿p131: https://digital.library.villanova.edu/Item/vudl:325604#?xywh=-111%2C219%2C1488%2C814&cv=130,,,,﻿Marion County,﻿Loretto,,﻿KY,,﻿#REF!,﻿#REF!,,,,,,,,,,,,,,1843,﻿,﻿,﻿hi,Louisville
﻿lou.ky.9034_02,﻿church,﻿[Chapel of?] Loretto Convent and Academy [of St. Mary's?],English,﻿p131: https://digital.library.villanova.edu/Item/vudl:325604#?xywh=-111%2C219%2C1488%2C814&cv=130,,,,﻿Marion County,﻿Loretto,,﻿KY,,﻿#REF!,﻿#REF!,,,,,,,,,,,,,,1843,﻿,﻿,﻿hi,Louisville
﻿lou.ky.9034_02,﻿church,﻿[Chapel of?] Loretto Convent and Academy [of St. Mary's?],English,﻿p131: https://digital.library.villanova.edu/Item/vudl:325604#?xywh=-111%2C219%2C1488%2C814&cv=130,,,,﻿Marion County,﻿Loretto,,﻿KY,,﻿#REF!,﻿#REF!,,,,,,,,,,,,,,1843,﻿,﻿,﻿hi,Louisville
﻿lou.ky.9034_02,﻿church,﻿[Chapel of?] Loretto Convent and Academy [of St. Mary's?],English,﻿p131: https://digital.library.villanova.edu/Item/vudl:325604#?xywh=-111%2C219%2C1488%2C814&cv=130,,,,﻿Marion County,﻿Loretto,,﻿KY,,﻿#REF!,﻿#REF!,,,,,,,,,,,,,,1843,﻿,﻿,﻿hi,Louisville
﻿lou.ky.9034_02,﻿church,﻿[Chapel of?] Loretto Convent and Academy [of St. Mary's?],English,﻿p131: https://digital.library.villanova.edu/Item/vudl:325604#?xywh=-111%2C219%2C1488%2C814&cv=130,,,,﻿Marion County,﻿Loretto,,﻿KY,,﻿#REF!,﻿#REF!,,,,,,,,,,,,,,1843,﻿,﻿,﻿hi,Louisville
﻿lou.ky.9034_02,﻿church,﻿[Chapel of?] Loretto Convent and Academy [of St. Mary's?],English,﻿p131: https://digital.library.villanova.edu/Item/vudl:325604#?xywh=-111%2C219%2C1488%2C814&cv=130,,,,﻿Marion County,﻿Loretto,,﻿KY,,﻿#REF!,﻿#REF!,,,,,,,,,,,,,,1843,﻿,﻿,﻿hi,Louisville
﻿lou.ky.9034_02,﻿church,﻿[Chapel of?] Loretto Convent and Academy [of St. Mary's?],English,﻿p131: https://digital.library.villanova.edu/Item/vudl:325604#?xywh=-111%2C219%2C1488%2C814&cv=130,,,,﻿Marion County,﻿Loretto,,﻿KY,,﻿#REF!,﻿#REF!,,,,,,,,,,,,,,1843,﻿,﻿,﻿hi,Louisville
﻿lou.ky.9034_02,﻿church,﻿[Chapel of?] Loretto Convent and Academy [of St. Mary's?],English,﻿p131: https://digital.library.villanova.edu/Item/vudl:325604#?xywh=-111%2C219%2C1488%2C814&cv=130,,,,﻿Marion County,﻿Loretto,,﻿KY,,﻿#REF!,﻿#REF!,,,,,,,,,,,,,,1843,﻿,﻿,﻿hi,Louisville
﻿lou.ky.9034_02,﻿church,﻿[Chapel of?] Loretto Convent and Academy [of St. Mary's?],English,﻿p131: https://digital.library.villanova.edu/Item/vudl:325604#?xywh=-111%2C219%2C1488%2C814&cv=130,,,,﻿Marion County,﻿Loretto,,﻿KY,,﻿#REF!,﻿#REF!,,,,,,,,,,,,,,1843,﻿,﻿,﻿hi,Louisville
﻿lou.ky.9034_02,﻿church,﻿[Chapel of?] Loretto Convent and Academy [of St. Mary's?],English,﻿p131: https://digital.library.villanova.edu/Item/vudl:325604#?xywh=-111%2C219%2C1488%2C814&cv=130,,,,﻿Marion County,﻿Loretto,,﻿KY,,﻿#REF!,﻿#REF!,,,,,,,,,,,,,,1843,﻿,﻿,﻿hi,Louisville
﻿lou.ky.9034_02,﻿church,﻿[Chapel of?] Loretto Convent and Academy [of St. Mary's?],English,﻿p131: https://digital.library.villanova.edu/Item/vudl:325604#?xywh=-111%2C219%2C1488%2C814&cv=130,,,,﻿Marion County,﻿Loretto,,﻿KY,,﻿#REF!,﻿#REF!,,,,,,,,,,,,,,1843,﻿,﻿,﻿hi,Louisville
﻿lou.ky.9034_02,﻿church,﻿[Chapel of?] Loretto Convent and Academy [of St. Mary's?],English,﻿p131: https://digital.library.villanova.edu/Item/vudl:325604#?xywh=-111%2C219%2C1488%2C814&cv=130,,,,﻿Marion County,﻿Loretto,,﻿KY,,﻿#REF!,﻿#REF!,,,,,,,,,,,,,,1843,﻿,﻿,﻿hi,Louisville
﻿lou.ky.9034_02,﻿church,﻿[Chapel of?] Loretto Convent and Academy [of St. Mary's?],English,﻿p131: https://digital.library.villanova.edu/Item/vudl:325604#?xywh=-111%2C219%2C1488%2C814&cv=130,,,,﻿Marion County,﻿Loretto,,﻿KY,,﻿#REF!,﻿#REF!,,,,,,,,,,,,,,1843,﻿,﻿,﻿hi,Louisville
﻿lou.ky.9034_02,﻿church,﻿[Chapel of?] Loretto Convent and Academy [of St. Mary's?],English,﻿p131: https://digital.library.villanova.edu/Item/vudl:325604#?xywh=-111%2C219%2C1488%2C814&cv=130,,,,﻿Marion County,﻿Loretto,,﻿KY,,﻿#REF!,﻿#REF!,,,,,,,,,,,,,,1843,﻿,﻿,﻿hi,Louisville
﻿lou.ky.9034_02,﻿church,﻿[Chapel of?] Loretto Convent and Academy [of St. Mary's?],English,﻿p131: https://digital.library.villanova.edu/Item/vudl:325604#?xywh=-111%2C219%2C1488%2C814&cv=130,,,,﻿Marion County,﻿Loretto,,﻿KY,,﻿#REF!,﻿#REF!,,,,,,,,,,,,,,1843,﻿,﻿,﻿hi,Louisville
﻿lou.ky.9034_02,﻿church,﻿[Chapel of?] Loretto Convent and Academy [of St. Mary's?],English,﻿p131: https://digital.library.villanova.edu/Item/vudl:325604#?xywh=-111%2C219%2C1488%2C814&cv=130,,,,﻿Marion County,﻿Loretto,,﻿KY,,﻿#REF!,﻿#REF!,,,,,,,,,,,,,,1843,﻿,﻿,﻿hi,Louisville
﻿lou.ky.9034_02,﻿church,﻿[Chapel of?] Loretto Convent and Academy [of St. Mary's?],English,﻿p131: https://digital.library.villanova.edu/Item/vudl:325604#?xywh=-111%2C219%2C1488%2C814&cv=130,,,,﻿Marion County,﻿Loretto,,﻿KY,,﻿#REF!,﻿#REF!,,,,,,,,,,,,,,1843,﻿,﻿,﻿hi,Louisville
﻿lou.ky.9034_02,﻿church,﻿[Chapel of?] Loretto Convent and Academy [of St. Mary's?],English,﻿p131: https://digital.library.villanova.edu/Item/vudl:325604#?xywh=-111%2C219%2C1488%2C814&cv=130,,,,﻿Marion County,﻿Loretto,,﻿KY,,﻿#REF!,﻿#REF!,,,,,,,,,,,,,,1843,﻿,﻿,﻿hi,Louisville
﻿lou.ky.9034_02,﻿church,﻿[Chapel of?] Loretto Convent and Academy [of St. Mary's?],English,﻿p131: https://digital.library.villanova.edu/Item/vudl:325604#?xywh=-111%2C219%2C1488%2C814&cv=130,,,,﻿Marion County,﻿Loretto,,﻿KY,,﻿#REF!,﻿#REF!,,,,,,,,,,,,,,1843,﻿,﻿,﻿hi,Louisville
﻿lou.ky.9034_02,﻿church,﻿[Chapel of?] Loretto Convent and Academy [of St. Mary's?],English,﻿p131: https://digital.library.villanova.edu/Item/vudl:325604#?xywh=-111%2C219%2C1488%2C814&cv=130,,,,﻿Marion County,﻿Loretto,,﻿KY,,﻿#REF!,﻿#REF!,,,,,,,,,,,,,,1843,﻿,﻿,﻿hi,Louisville
﻿lou.ky.9034_02,﻿church,﻿[Chapel of?] Loretto Convent and Academy [of St. Mary's?],English,﻿p131: https://digital.library.villanova.edu/Item/vudl:325604#?xywh=-111%2C219%2C1488%2C814&cv=130,,,,﻿Marion County,﻿Loretto,,﻿KY,,﻿#REF!,﻿#REF!,,,,,,,,,,,,,,1843,﻿,﻿,﻿hi,Louisville
﻿lou.ky.9034_02,﻿church,﻿[Chapel of?] Loretto Convent and Academy [of St. Mary's?],English,﻿p131: https://digital.library.villanova.edu/Item/vudl:325604#?xywh=-111%2C219%2C1488%2C814&cv=130,,,,﻿Marion County,﻿Loretto,,﻿KY,,﻿#REF!,﻿#REF!,,,,,,,,,,,,,,1843,﻿,﻿,﻿hi,Louisville
﻿lou.ky.9034_02,﻿church,﻿[Chapel of?] Loretto Convent and Academy [of St. Mary's?],English,﻿p131: https://digital.library.villanova.edu/Item/vudl:325604#?xywh=-111%2C219%2C1488%2C814&cv=130,,,,﻿Marion County,﻿Loretto,,﻿KY,,﻿#REF!,﻿#REF!,,,,,,,,,,,,,,1843,﻿,﻿,﻿hi,Louisville
﻿lou.ky.9034_02,﻿church,﻿[Chapel of?] Loretto Convent and Academy [of St. Mary's?],English,﻿p131: https://digital.library.villanova.edu/Item/vudl:325604#?xywh=-111%2C219%2C1488%2C814&cv=130,,,,﻿Marion County,﻿Loretto,,﻿KY,,﻿#REF!,﻿#REF!,,,,,,,,,,,,,,1843,﻿,﻿,﻿hi,Louisville
﻿lou.ky.9034_02,﻿church,﻿[Chapel of?] Loretto Convent and Academy [of St. Mary's?],English,﻿p131: https://digital.library.villanova.edu/Item/vudl:325604#?xywh=-111%2C219%2C1488%2C814&cv=130,,,,﻿Marion County,﻿Loretto,,﻿KY,,﻿#REF!,﻿#REF!,,,,,,,,,,,,,,1843,﻿,﻿,﻿hi,Louisville
﻿lou.ky.9034_02,﻿church,﻿[Chapel of?] Loretto Convent and Academy [of St. Mary's?],English,﻿p131: https://digital.library.villanova.edu/Item/vudl:325604#?xywh=-111%2C219%2C1488%2C814&cv=130,,,,﻿Marion County,﻿Loretto,,﻿KY,,﻿#REF!,﻿#REF!,,,,,,,,,,,,,,1843,﻿,﻿,﻿hi,Louisville
﻿lou.ky.9034_02,﻿church,﻿[Chapel of?] Loretto Convent and Academy [of St. Mary's?],English,﻿p131: https://digital.library.villanova.edu/Item/vudl:325604#?xywh=-111%2C219%2C1488%2C814&cv=130,,,,﻿Marion County,﻿Loretto,,﻿KY,,﻿#REF!,﻿#REF!,,,,,,,,,,,,,,1843,﻿,﻿,﻿hi,Louisville
﻿lou.ky.9034_02,﻿church,﻿[Chapel of?] Loretto Convent and Academy [of St. Mary's?],English,﻿p131: https://digital.library.villanova.edu/Item/vudl:325604#?xywh=-111%2C219%2C1488%2C814&cv=130,,,,﻿Marion County,﻿Loretto,,﻿KY,,﻿#REF!,﻿#REF!,,,,,,,,,,,,,,1843,﻿,﻿,﻿hi,Louisville
﻿lou.ky.9034_02,﻿church,﻿[Chapel of?] Loretto Convent and Academy [of St. Mary's?],English,﻿p131: https://digital.library.villanova.edu/Item/vudl:325604#?xywh=-111%2C219%2C1488%2C814&cv=130,,,,﻿Marion County,﻿Loretto,,﻿KY,,﻿#REF!,﻿#REF!,,,,,,,,,,,,,,1843,﻿,﻿,﻿hi,Louisville
﻿lou.ky.9034_02,﻿church,﻿[Chapel of?] Loretto Convent and Academy [of St. Mary's?],English,﻿p131: https://digital.library.villanova.edu/Item/vudl:325604#?xywh=-111%2C219%2C1488%2C814&cv=130,,,,﻿Marion County,﻿Loretto,,﻿KY,,﻿#REF!,﻿#REF!,,,,,,,,,,,,,,1843,﻿,﻿,﻿hi,Louisville
﻿lou.ky.9034_02,﻿church,﻿[Chapel of?] Loretto Convent and Academy [of St. Mary's?],English,﻿p131: https://digital.library.villanova.edu/Item/vudl:325604#?xywh=-111%2C219%2C1488%2C814&cv=130,,,,﻿Marion County,﻿Loretto,,﻿KY,,﻿#REF!,﻿#REF!,,,,,,,,,,,,,,1843,﻿,﻿,﻿hi,Louisville
﻿lou.ky.9034_02,﻿church,﻿[Chapel of?] Loretto Convent and Academy [of St. Mary's?],English,﻿p131: https://digital.library.villanova.edu/Item/vudl:325604#?xywh=-111%2C219%2C1488%2C814&cv=130,,,,﻿Marion County,﻿Loretto,,﻿KY,,﻿#REF!,﻿#REF!,,,,,,,,,,,,,,1843,﻿,﻿,﻿hi,Louisville
﻿lou.ky.9034_02,﻿church,﻿[Chapel of?] Loretto Convent and Academy [of St. Mary's?],English,﻿p131: https://digital.library.villanova.edu/Item/vudl:325604#?xywh=-111%2C219%2C1488%2C814&cv=130,,,,﻿Marion County,﻿Loretto,,﻿KY,,﻿#REF!,﻿#REF!,,,,,,,,,,,,,,1843,﻿,﻿,﻿hi,Louisville
﻿lou.ky.9034_02,﻿church,﻿[Chapel of?] Loretto Convent and Academy [of St. Mary's?],English,﻿p131: https://digital.library.villanova.edu/Item/vudl:325604#?xywh=-111%2C219%2C1488%2C814&cv=130,,,,﻿Marion County,﻿Loretto,,﻿KY,,﻿#REF!,﻿#REF!,,,,,,,,,,,,,,1843,﻿,﻿,﻿hi,Louisville
﻿lou.ky.9034_02,﻿church,﻿[Chapel of?] Loretto Convent and Academy [of St. Mary's?],English,﻿p131: https://digital.library.villanova.edu/Item/vudl:325604#?xywh=-111%2C219%2C1488%2C814&cv=130,,,,﻿Marion County,﻿Loretto,,﻿KY,,﻿#REF!,﻿#REF!,,,,,,,,,,,,,,1843,﻿,﻿,﻿hi,Louisville
﻿lou.ky.9034_02,﻿church,﻿[Chapel of?] Loretto Convent and Academy [of St. Mary's?],English,﻿p131: https://digital.library.villanova.edu/Item/vudl:325604#?xywh=-111%2C219%2C1488%2C814&cv=130,,,,﻿Marion County,﻿Loretto,,﻿KY,,﻿#REF!,﻿#REF!,,,,,,,,,,,,,,1843,﻿,﻿,﻿hi,Louisville
﻿lou.ky.9034_02,﻿church,﻿[Chapel of?] Loretto Convent and Academy [of St. Mary's?],English,﻿p131: https://digital.library.villanova.edu/Item/vudl:325604#?xywh=-111%2C219%2C1488%2C814&cv=130,,,,﻿Marion County,﻿Loretto,,﻿KY,,﻿#REF!,﻿#REF!,,,,,,,,,,,,,,1843,﻿,﻿,﻿hi,Louisville
﻿lou.ky.9034_02,﻿church,﻿[Chapel of?] Loretto Convent and Academy [of St. Mary's?],English,﻿p131: https://digital.library.villanova.edu/Item/vudl:325604#?xywh=-111%2C219%2C1488%2C814&cv=130,,,,﻿Marion County,﻿Loretto,,﻿KY,,﻿#REF!,﻿#REF!,,,,,,,,,,,,,,1843,﻿,﻿,﻿hi,Louisville
﻿lou.ky.9034_02,﻿church,﻿[Chapel of?] Loretto Convent and Academy [of St. Mary's?],English,﻿p131: https://digital.library.villanova.edu/Item/vudl:325604#?xywh=-111%2C219%2C1488%2C814&cv=130,,,,﻿Marion County,﻿Loretto,,﻿KY,,﻿#REF!,﻿#REF!,,,,,,,,,,,,,,1843,﻿,﻿,﻿hi,Louisville
﻿lou.ky.9034_02,﻿church,﻿[Chapel of?] Loretto Convent and Academy [of St. Mary's?],English,﻿p131: https://digital.library.villanova.edu/Item/vudl:325604#?xywh=-111%2C219%2C1488%2C814&cv=130,,,,﻿Marion County,﻿Loretto,,﻿KY,,﻿#REF!,﻿#REF!,,,,,,,,,,,,,,1843,﻿,﻿,﻿hi,Louisville
﻿lou.ky.9034_02,﻿church,﻿[Chapel of?] Loretto Convent and Academy [of St. Mary's?],English,﻿p131: https://digital.library.villanova.edu/Item/vudl:325604#?xywh=-111%2C219%2C1488%2C814&cv=130,,,,﻿Marion County,﻿Loretto,,﻿KY,,﻿#REF!,﻿#REF!,,,,,,,,,,,,,,1843,﻿,﻿,﻿hi,Louisville
﻿lou.ky.9034_02,﻿church,﻿[Chapel of?] Loretto Convent and Academy [of St. Mary's?],English,﻿p131: https://digital.library.villanova.edu/Item/vudl:325604#?xywh=-111%2C219%2C1488%2C814&cv=130,,,,﻿Marion County,﻿Loretto,,﻿KY,,﻿#REF!,﻿#REF!,,,,,,,,,,,,,,1843,﻿,﻿,﻿hi,Louisville
﻿lou.ky.9034_02,﻿church,﻿[Chapel of?] Loretto Convent and Academy [of St. Mary's?],English,﻿p131: https://digital.library.villanova.edu/Item/vudl:325604#?xywh=-111%2C219%2C1488%2C814&cv=130,,,,﻿Marion County,﻿Loretto,,﻿KY,,﻿#REF!,﻿#REF!,,,,,,,,,,,,,,1843,﻿,﻿,﻿hi,Louisville
﻿lou.ky.9034_02,﻿church,﻿[Chapel of?] Loretto Convent and Academy [of St. Mary's?],English,﻿p131: https://digital.library.villanova.edu/Item/vudl:325604#?xywh=-111%2C219%2C1488%2C814&cv=130,,,,﻿Marion County,﻿Loretto,,﻿KY,,﻿#REF!,﻿#REF!,,,,,,,,,,,,,,1843,﻿,﻿,﻿hi,Louisville
﻿lou.ky.9034_02,﻿church,﻿[Chapel of?] Loretto Convent and Academy [of St. Mary's?],English,﻿p131: https://digital.library.villanova.edu/Item/vudl:325604#?xywh=-111%2C219%2C1488%2C814&cv=130,,,,﻿Marion County,﻿Loretto,,﻿KY,,﻿#REF!,﻿#REF!,,,,,,,,,,,,,,1843,﻿,﻿,﻿hi,Louisville
﻿lou.ky.9034_02,﻿church,﻿[Chapel of?] Loretto Convent and Academy [of St. Mary's?],English,﻿p131: https://digital.library.villanova.edu/Item/vudl:325604#?xywh=-111%2C219%2C1488%2C814&cv=130,,,,﻿Marion County,﻿Loretto,,﻿KY,,﻿#REF!,﻿#REF!,,,,,,,,,,,,,,1843,﻿,﻿,﻿hi,Louisville
﻿lou.ky.9034_02,﻿church,﻿[Chapel of?] Loretto Convent and Academy [of St. Mary's?],English,﻿p131: https://digital.library.villanova.edu/Item/vudl:325604#?xywh=-111%2C219%2C1488%2C814&cv=130,,,,﻿Marion County,﻿Loretto,,﻿KY,,﻿#REF!,﻿#REF!,,,,,,,,,,,,,,1843,﻿,﻿,﻿hi,Louisville
﻿lou.ky.9034_02,﻿church,﻿[Chapel of?] Loretto Convent and Academy [of St. Mary's?],English,﻿p131: https://digital.library.villanova.edu/Item/vudl:325604#?xywh=-111%2C219%2C1488%2C814&cv=130,,,,﻿Marion County,﻿Loretto,,﻿KY,,﻿#REF!,﻿#REF!,,,,,,,,,,,,,,1843,﻿,﻿,﻿hi,Louisville
﻿lou.ky.9034_02,﻿church,﻿[Chapel of?] Loretto Convent and Academy [of St. Mary's?],English,﻿p131: https://digital.library.villanova.edu/Item/vudl:325604#?xywh=-111%2C219%2C1488%2C814&cv=130,,,,﻿Marion County,﻿Loretto,,﻿KY,,﻿#REF!,﻿#REF!,,,,,,,,,,,,,,1843,﻿,﻿,﻿hi,Louisville
﻿lou.ky.9034_02,﻿church,﻿[Chapel of?] Loretto Convent and Academy [of St. Mary's?],English,﻿p131: https://digital.library.villanova.edu/Item/vudl:325604#?xywh=-111%2C219%2C1488%2C814&cv=130,,,,﻿Marion County,﻿Loretto,,﻿KY,,﻿#REF!,﻿#REF!,,,,,,,,,,,,,,1843,﻿,﻿,﻿hi,Louisville
﻿lou.ky.9034_02,﻿church,﻿[Chapel of?] Loretto Convent and Academy [of St. Mary's?],English,﻿p131: https://digital.library.villanova.edu/Item/vudl:325604#?xywh=-111%2C219%2C1488%2C814&cv=130,,,,﻿Marion County,﻿Loretto,,﻿KY,,﻿#REF!,﻿#REF!,,,,,,,,,,,,,,1843,﻿,﻿,﻿hi,Louisville
﻿lou.ky.9034_02,﻿church,﻿[Chapel of?] Loretto Convent and Academy [of St. Mary's?],English,﻿p131: https://digital.library.villanova.edu/Item/vudl:325604#?xywh=-111%2C219%2C1488%2C814&cv=130,,,,﻿Marion County,﻿Loretto,,﻿KY,,﻿#REF!,﻿#REF!,,,,,,,,,,,,,,1843,﻿,﻿,﻿hi,Louisville
﻿lou.ky.9034_02,﻿church,﻿[Chapel of?] Loretto Convent and Academy [of St. Mary's?],English,﻿p131: https://digital.library.villanova.edu/Item/vudl:325604#?xywh=-111%2C219%2C1488%2C814&cv=130,,,,﻿Marion County,﻿Loretto,,﻿KY,,﻿#REF!,﻿#REF!,,,,,,,,,,,,,,1843,﻿,﻿,﻿hi,Louisville
﻿lou.ky.9034_02,﻿church,﻿[Chapel of?] Loretto Convent and Academy [of St. Mary's?],English,﻿p131: https://digital.library.villanova.edu/Item/vudl:325604#?xywh=-111%2C219%2C1488%2C814&cv=130,,,,﻿Marion County,﻿Loretto,,﻿KY,,﻿#REF!,﻿#REF!,,,,,,,,,,,,,,1843,﻿,﻿,﻿hi,Louisville
﻿lou.ky.9034_02,﻿church,﻿[Chapel of?] Loretto Convent and Academy [of St. Mary's?],English,﻿p131: https://digital.library.villanova.edu/Item/vudl:325604#?xywh=-111%2C219%2C1488%2C814&cv=130,,,,﻿Marion County,﻿Loretto,,﻿KY,,﻿#REF!,﻿#REF!,,,,,,,,,,,,,,1843,﻿,﻿,﻿hi,Louisville
﻿lou.ky.9034_02,﻿church,﻿[Chapel of?] Loretto Convent and Academy [of St. Mary's?],English,﻿p131: https://digital.library.villanova.edu/Item/vudl:325604#?xywh=-111%2C219%2C1488%2C814&cv=130,,,,﻿Marion County,﻿Loretto,,﻿KY,,﻿#REF!,﻿#REF!,,,,,,,,,,,,,,1843,﻿,﻿,﻿hi,Louisville
﻿lou.ky.9034_02,﻿church,﻿[Chapel of?] Loretto Convent and Academy [of St. Mary's?],English,﻿p131: https://digital.library.villanova.edu/Item/vudl:325604#?xywh=-111%2C219%2C1488%2C814&cv=130,,,,﻿Marion County,﻿Loretto,,﻿KY,,﻿#REF!,﻿#REF!,,,,,,,,,,,,,,1843,﻿,﻿,﻿hi,Louisville
﻿lou.ky.9034_02,﻿church,﻿[Chapel of?] Loretto Convent and Academy [of St. Mary's?],English,﻿p131: https://digital.library.villanova.edu/Item/vudl:325604#?xywh=-111%2C219%2C1488%2C814&cv=130,,,,﻿Marion County,﻿Loretto,,﻿KY,,﻿#REF!,﻿#REF!,,,,,,,,,,,,,,1843,﻿,﻿,﻿hi,Louisville
﻿lou.ky.9034_02,﻿church,﻿[Chapel of?] Loretto Convent and Academy [of St. Mary's?],English,﻿p131: https://digital.library.villanova.edu/Item/vudl:325604#?xywh=-111%2C219%2C1488%2C814&cv=130,,,,﻿Marion County,﻿Loretto,,﻿KY,,﻿#REF!,﻿#REF!,,,,,,,,,,,,,,1843,﻿,﻿,﻿hi,Louisville
﻿lou.ky.9034_02,﻿church,﻿[Chapel of?] Loretto Convent and Academy [of St. Mary's?],English,﻿p131: https://digital.library.villanova.edu/Item/vudl:325604#?xywh=-111%2C219%2C1488%2C814&cv=130,,,,﻿Marion County,﻿Loretto,,﻿KY,,﻿#REF!,﻿#REF!,,,,,,,,,,,,,,1843,﻿,﻿,﻿hi,Louisville
﻿lou.ky.9034_02,﻿church,﻿[Chapel of?] Loretto Convent and Academy [of St. Mary's?],English,﻿p131: https://digital.library.villanova.edu/Item/vudl:325604#?xywh=-111%2C219%2C1488%2C814&cv=130,,,,﻿Marion County,﻿Loretto,,﻿KY,,﻿#REF!,﻿#REF!,,,,,,,,,,,,,,1843,﻿,﻿,﻿hi,Louisville
﻿lou.ky.9034_02,﻿church,﻿[Chapel of?] Loretto Convent and Academy [of St. Mary's?],English,﻿p131: https://digital.library.villanova.edu/Item/vudl:325604#?xywh=-111%2C219%2C1488%2C814&cv=130,,,,﻿Marion County,﻿Loretto,,﻿KY,,﻿#REF!,﻿#REF!,,,,,,,,,,,,,,1843,﻿,﻿,﻿hi,Louisville
﻿lou.ky.9034_02,﻿church,﻿[Chapel of?] Loretto Convent and Academy [of St. Mary's?],English,﻿p131: https://digital.library.villanova.edu/Item/vudl:325604#?xywh=-111%2C219%2C1488%2C814&cv=130,,,,﻿Marion County,﻿Loretto,,﻿KY,,﻿#REF!,﻿#REF!,,,,,,,,,,,,,,1843,﻿,﻿,﻿hi,Louisville
﻿lou.ky.9034_02,﻿church,﻿[Chapel of?] Loretto Convent and Academy [of St. Mary's?],English,﻿p131: https://digital.library.villanova.edu/Item/vudl:325604#?xywh=-111%2C219%2C1488%2C814&cv=130,,,,﻿Marion County,﻿Loretto,,﻿KY,,﻿#REF!,﻿#REF!,,,,,,,,,,,,,,1843,﻿,﻿,﻿hi,Louisville
﻿lou.ky.9034_02,﻿church,﻿[Chapel of?] Loretto Convent and Academy [of St. Mary's?],English,﻿p131: https://digital.library.villanova.edu/Item/vudl:325604#?xywh=-111%2C219%2C1488%2C814&cv=130,,,,﻿Marion County,﻿Loretto,,﻿KY,,﻿#REF!,﻿#REF!,,,,,,,,,,,,,,1843,﻿,﻿,﻿hi,Louisville
﻿lou.ky.9034_02,﻿church,﻿[Chapel of?] Loretto Convent and Academy [of St. Mary's?],English,﻿p131: https://digital.library.villanova.edu/Item/vudl:325604#?xywh=-111%2C219%2C1488%2C814&cv=130,,,,﻿Marion County,﻿Loretto,,﻿KY,,﻿#REF!,﻿#REF!,,,,,,,,,,,,,,1843,﻿,﻿,﻿hi,Louisville
﻿lou.ky.9034_02,﻿church,﻿[Chapel of?] Loretto Convent and Academy [of St. Mary's?],English,﻿p131: https://digital.library.villanova.edu/Item/vudl:325604#?xywh=-111%2C219%2C1488%2C814&cv=130,,,,﻿Marion County,﻿Loretto,,﻿KY,,﻿#REF!,﻿#REF!,,,,,,,,,,,,,,1843,﻿,﻿,﻿hi,Louisville
﻿lou.ky.9034_02,﻿church,﻿[Chapel of?] Loretto Convent and Academy [of St. Mary's?],English,﻿p131: https://digital.library.villanova.edu/Item/vudl:325604#?xywh=-111%2C219%2C1488%2C814&cv=130,,,,﻿Marion County,﻿Loretto,,﻿KY,,﻿#REF!,﻿#REF!,,,,,,,,,,,,,,1843,﻿,﻿,﻿hi,Louisville
﻿lou.ky.9034_02,﻿church,﻿[Chapel of?] Loretto Convent and Academy [of St. Mary's?],English,﻿p131: https://digital.library.villanova.edu/Item/vudl:325604#?xywh=-111%2C219%2C1488%2C814&cv=130,,,,﻿Marion County,﻿Loretto,,﻿KY,,﻿#REF!,﻿#REF!,,,,,,,,,,,,,,1843,﻿,﻿,﻿hi,Louisville
﻿lou.ky.9034_02,﻿church,﻿[Chapel of?] Loretto Convent and Academy [of St. Mary's?],English,﻿p131: https://digital.library.villanova.edu/Item/vudl:325604#?xywh=-111%2C219%2C1488%2C814&cv=130,,,,﻿Marion County,﻿Loretto,,﻿KY,,﻿#REF!,﻿#REF!,,,,,,,,,,,,,,1843,﻿,﻿,﻿hi,Louisville
﻿lou.ky.9034_02,﻿church,﻿[Chapel of?] Loretto Convent and Academy [of St. Mary's?],English,﻿p131: https://digital.library.villanova.edu/Item/vudl:325604#?xywh=-111%2C219%2C1488%2C814&cv=130,,,,﻿Marion County,﻿Loretto,,﻿KY,,﻿#REF!,﻿#REF!,,,,,,,,,,,,,,1843,﻿,﻿,﻿hi,Louisville
﻿lou.ky.9034_02,﻿church,﻿[Chapel of?] Loretto Convent and Academy [of St. Mary's?],English,﻿p131: https://digital.library.villanova.edu/Item/vudl:325604#?xywh=-111%2C219%2C1488%2C814&cv=130,,,,﻿Marion County,﻿Loretto,,﻿KY,,﻿#REF!,﻿#REF!,,,,,,,,,,,,,,1843,﻿,﻿,﻿hi,Louisville
﻿lou.ky.9034_02,﻿church,﻿[Chapel of?] Loretto Convent and Academy [of St. Mary's?],English,﻿p131: https://digital.library.villanova.edu/Item/vudl:325604#?xywh=-111%2C219%2C1488%2C814&cv=130,,,,﻿Marion County,﻿Loretto,,﻿KY,,﻿#REF!,﻿#REF!,,,,,,,,,,,,,,1843,﻿,﻿,﻿hi,Louisville
﻿lou.ky.9034_02,﻿church,﻿[Chapel of?] Loretto Convent and Academy [of St. Mary's?],English,﻿p131: https://digital.library.villanova.edu/Item/vudl:325604#?xywh=-111%2C219%2C1488%2C814&cv=130,,,,﻿Marion County,﻿Loretto,,﻿KY,,﻿#REF!,﻿#REF!,,,,,,,,,,,,,,1843,﻿,﻿,﻿hi,Louisville
﻿lou.ky.9034_02,﻿church,﻿[Chapel of?] Loretto Convent and Academy [of St. Mary's?],English,﻿p131: https://digital.library.villanova.edu/Item/vudl:325604#?xywh=-111%2C219%2C1488%2C814&cv=130,,,,﻿Marion County,﻿Loretto,,﻿KY,,﻿#REF!,﻿#REF!,,,,,,,,,,,,,,1843,﻿,﻿,﻿hi,Louisville
﻿lou.ky.9034_02,﻿church,﻿[Chapel of?] Loretto Convent and Academy [of St. Mary's?],English,﻿p131: https://digital.library.villanova.edu/Item/vudl:325604#?xywh=-111%2C219%2C1488%2C814&cv=130,,,,﻿Marion County,﻿Loretto,,﻿KY,,﻿#REF!,﻿#REF!,,,,,,,,,,,,,,1843,﻿,﻿,﻿hi,Louisville
﻿lou.ky.9034_02,﻿church,﻿[Chapel of?] Loretto Convent and Academy [of St. Mary's?],English,﻿p131: https://digital.library.villanova.edu/Item/vudl:325604#?xywh=-111%2C219%2C1488%2C814&cv=130,,,,﻿Marion County,﻿Loretto,,﻿KY,,﻿#REF!,﻿#REF!,,,,,,,,,,,,,,1843,﻿,﻿,﻿hi,Louisville
﻿lou.ky.9034_02,﻿church,﻿[Chapel of?] Loretto Convent and Academy [of St. Mary's?],English,﻿p131: https://digital.library.villanova.edu/Item/vudl:325604#?xywh=-111%2C219%2C1488%2C814&cv=130,,,,﻿Marion County,﻿Loretto,,﻿KY,,﻿#REF!,﻿#REF!,,,,,,,,,,,,,,1843,﻿,﻿,﻿hi,Louisville
﻿lou.ky.9034_02,﻿church,﻿[Chapel of?] Loretto Convent and Academy [of St. Mary's?],English,﻿p131: https://digital.library.villanova.edu/Item/vudl:325604#?xywh=-111%2C219%2C1488%2C814&cv=130,,,,﻿Marion County,﻿Loretto,,﻿KY,,﻿#REF!,﻿#REF!,,,,,,,,,,,,,,1843,﻿,﻿,﻿hi,Louisville
﻿lou.ky.9034_02,﻿church,﻿[Chapel of?] Loretto Convent and Academy [of St. Mary's?],English,﻿p131: https://digital.library.villanova.edu/Item/vudl:325604#?xywh=-111%2C219%2C1488%2C814&cv=130,,,,﻿Marion County,﻿Loretto,,﻿KY,,﻿#REF!,﻿#REF!,,,,,,,,,,,,,,1843,﻿,﻿,﻿hi,Louisville
﻿lou.ky.9034_02,﻿church,﻿[Chapel of?] Loretto Convent and Academy [of St. Mary's?],English,﻿p131: https://digital.library.villanova.edu/Item/vudl:325604#?xywh=-111%2C219%2C1488%2C814&cv=130,,,,﻿Marion County,﻿Loretto,,﻿KY,,﻿#REF!,﻿#REF!,,,,,,,,,,,,,,1843,﻿,﻿,﻿hi,Louisville
﻿lou.ky.9034_02,﻿church,﻿[Chapel of?] Loretto Convent and Academy [of St. Mary's?],English,﻿p131: https://digital.library.villanova.edu/Item/vudl:325604#?xywh=-111%2C219%2C1488%2C814&cv=130,,,,﻿Marion County,﻿Loretto,,﻿KY,,﻿#REF!,﻿#REF!,,,,,,,,,,,,,,1843,﻿,﻿,﻿hi,Louisville
﻿lou.ky.9034_02,﻿church,﻿[Chapel of?] Loretto Convent and Academy [of St. Mary's?],English,﻿p131: https://digital.library.villanova.edu/Item/vudl:325604#?xywh=-111%2C219%2C1488%2C814&cv=130,,,,﻿Marion County,﻿Loretto,,﻿KY,,﻿#REF!,﻿#REF!,,,,,,,,,,,,,,1843,﻿,﻿,﻿hi,Louisville
﻿lou.ky.9034_02,﻿church,﻿[Chapel of?] Loretto Convent and Academy [of St. Mary's?],English,﻿p131: https://digital.library.villanova.edu/Item/vudl:325604#?xywh=-111%2C219%2C1488%2C814&cv=130,,,,﻿Marion County,﻿Loretto,,﻿KY,,﻿#REF!,﻿#REF!,,,,,,,,,,,,,,1843,﻿,﻿,﻿hi,Louisville
﻿lou.ky.9034_02,﻿church,﻿[Chapel of?] Loretto Convent and Academy [of St. Mary's?],English,﻿p131: https://digital.library.villanova.edu/Item/vudl:325604#?xywh=-111%2C219%2C1488%2C814&cv=130,,,,﻿Marion County,﻿Loretto,,﻿KY,,﻿#REF!,﻿#REF!,,,,,,,,,,,,,,1843,﻿,﻿,﻿hi,Louisville
﻿lou.ky.9034_02,﻿church,﻿[Chapel of?] Loretto Convent and Academy [of St. Mary's?],English,﻿p131: https://digital.library.villanova.edu/Item/vudl:325604#?xywh=-111%2C219%2C1488%2C814&cv=130,,,,﻿Marion County,﻿Loretto,,﻿KY,,﻿#REF!,﻿#REF!,,,,,,,,,,,,,,1843,﻿,﻿,﻿hi,Louisville
﻿lou.ky.9034_02,﻿church,﻿[Chapel of?] Loretto Convent and Academy [of St. Mary's?],English,﻿p131: https://digital.library.villanova.edu/Item/vudl:325604#?xywh=-111%2C219%2C1488%2C814&cv=130,,,,﻿Marion County,﻿Loretto,,﻿KY,,﻿#REF!,﻿#REF!,,,,,,,,,,,,,,1843,﻿,﻿,﻿hi,Louisville
﻿lou.ky.9034_02,﻿church,﻿[Chapel of?] Loretto Convent and Academy [of St. Mary's?],English,﻿p131: https://digital.library.villanova.edu/Item/vudl:325604#?xywh=-111%2C219%2C1488%2C814&cv=130,,,,﻿Marion County,﻿Loretto,,﻿KY,,﻿#REF!,﻿#REF!,,,,,,,,,,,,,,1843,﻿,﻿,﻿hi,Louisville
﻿lou.ky.9034_02,﻿church,﻿[Chapel of?] Loretto Convent and Academy [of St. Mary's?],English,﻿p131: https://digital.library.villanova.edu/Item/vudl:325604#?xywh=-111%2C219%2C1488%2C814&cv=130,,,,﻿Marion County,﻿Loretto,,﻿KY,,﻿#REF!,﻿#REF!,,,,,,,,,,,,,,1843,﻿,﻿,﻿hi,Louisville
﻿lou.ky.9034_02,﻿church,﻿[Chapel of?] Loretto Convent and Academy [of St. Mary's?],English,﻿p131: https://digital.library.villanova.edu/Item/vudl:325604#?xywh=-111%2C219%2C1488%2C814&cv=130,,,,﻿Marion County,﻿Loretto,,﻿KY,,﻿#REF!,﻿#REF!,,,,,,,,,,,,,,1843,﻿,﻿,﻿hi,Louisville
﻿lou.ky.9034_02,﻿church,﻿[Chapel of?] Loretto Convent and Academy [of St. Mary's?],English,﻿p131: https://digital.library.villanova.edu/Item/vudl:325604#?xywh=-111%2C219%2C1488%2C814&cv=130,,,,﻿Marion County,﻿Loretto,,﻿KY,,﻿#REF!,﻿#REF!,,,,,,,,,,,,,,1843,﻿,﻿,﻿hi,Louisville
﻿lou.ky.9034_02,﻿church,﻿[Chapel of?] Loretto Convent and Academy [of St. Mary's?],English,﻿p131: https://digital.library.villanova.edu/Item/vudl:325604#?xywh=-111%2C219%2C1488%2C814&cv=130,,,,﻿Marion County,﻿Loretto,,﻿KY,,﻿#REF!,﻿#REF!,,,,,,,,,,,,,,1843,﻿,﻿,﻿hi,Louisville
﻿lou.ky.9034_02,﻿church,﻿[Chapel of?] Loretto Convent and Academy [of St. Mary's?],English,﻿p131: https://digital.library.villanova.edu/Item/vudl:325604#?xywh=-111%2C219%2C1488%2C814&cv=130,,,,﻿Marion County,﻿Loretto,,﻿KY,,﻿#REF!,﻿#REF!,,,,,,,,,,,,,,1843,﻿,﻿,﻿hi,Louisville
﻿lou.ky.9034_02,﻿church,﻿[Chapel of?] Loretto Convent and Academy [of St. Mary's?],English,﻿p131: https://digital.library.villanova.edu/Item/vudl:325604#?xywh=-111%2C219%2C1488%2C814&cv=130,,,,﻿Marion County,﻿Loretto,,﻿KY,,﻿#REF!,﻿#REF!,,,,,,,,,,,,,,1843,﻿,﻿,﻿hi,Louisville
﻿lou.ky.9034_02,﻿church,﻿[Chapel of?] Loretto Convent and Academy [of St. Mary's?],English,﻿p131: https://digital.library.villanova.edu/Item/vudl:325604#?xywh=-111%2C219%2C1488%2C814&cv=130,,,,﻿Marion County,﻿Loretto,,﻿KY,,﻿#REF!,﻿#REF!,,,,,,,,,,,,,,1843,﻿,﻿,﻿hi,Louisville
﻿lou.ky.9034_02,﻿church,﻿[Chapel of?] Loretto Convent and Academy [of St. Mary's?],English,﻿p131: https://digital.library.villanova.edu/Item/vudl:325604#?xywh=-111%2C219%2C1488%2C814&cv=130,,,,﻿Marion County,﻿Loretto,,﻿KY,,﻿#REF!,﻿#REF!,,,,,,,,,,,,,,1843,﻿,﻿,﻿hi,Louisville
﻿lou.ky.9034_02,﻿church,﻿[Chapel of?] Loretto Convent and Academy [of St. Mary's?],English,﻿p131: https://digital.library.villanova.edu/Item/vudl:325604#?xywh=-111%2C219%2C1488%2C814&cv=130,,,,﻿Marion County,﻿Loretto,,﻿KY,,﻿#REF!,﻿#REF!,,,,,,,,,,,,,,1843,﻿,﻿,﻿hi,Louisville
﻿lou.ky.9034_02,﻿church,﻿[Chapel of?] Loretto Convent and Academy [of St. Mary's?],English,﻿p131: https://digital.library.villanova.edu/Item/vudl:325604#?xywh=-111%2C219%2C1488%2C814&cv=130,,,,﻿Marion County,﻿Loretto,,﻿KY,,﻿#REF!,﻿#REF!,,,,,,,,,,,,,,1843,﻿,﻿,﻿hi,Louisville
﻿lou.ky.9034_02,﻿church,﻿[Chapel of?] Loretto Convent and Academy [of St. Mary's?],English,﻿p131: https://digital.library.villanova.edu/Item/vudl:325604#?xywh=-111%2C219%2C1488%2C814&cv=130,,,,﻿Marion County,﻿Loretto,,﻿KY,,﻿#REF!,﻿#REF!,,,,,,,,,,,,,,1843,﻿,﻿,﻿hi,Louisville
﻿lou.ky.9034_02,﻿church,﻿[Chapel of?] Loretto Convent and Academy [of St. Mary's?],English,﻿p131: https://digital.library.villanova.edu/Item/vudl:325604#?xywh=-111%2C219%2C1488%2C814&cv=130,,,,﻿Marion County,﻿Loretto,,﻿KY,,﻿#REF!,﻿#REF!,,,,,,,,,,,,,,1843,﻿,﻿,﻿hi,Louisville
﻿lou.ky.9034_02,﻿church,﻿[Chapel of?] Loretto Convent and Academy [of St. Mary's?],English,﻿p131: https://digital.library.villanova.edu/Item/vudl:325604#?xywh=-111%2C219%2C1488%2C814&cv=130,,,,﻿Marion County,﻿Loretto,,﻿KY,,﻿#REF!,﻿#REF!,,,,,,,,,,,,,,1843,﻿,﻿,﻿hi,Louisville
﻿lou.ky.9034_02,﻿church,﻿[Chapel of?] Loretto Convent and Academy [of St. Mary's?],English,﻿p131: https://digital.library.villanova.edu/Item/vudl:325604#?xywh=-111%2C219%2C1488%2C814&cv=130,,,,﻿Marion County,﻿Loretto,,﻿KY,,﻿#REF!,﻿#REF!,,,,,,,,,,,,,,1843,﻿,﻿,﻿hi,Louisville
﻿lou.ky.9034_02,﻿church,﻿[Chapel of?] Loretto Convent and Academy [of St. Mary's?],English,﻿p131: https://digital.library.villanova.edu/Item/vudl:325604#?xywh=-111%2C219%2C1488%2C814&cv=130,,,,﻿Marion County,﻿Loretto,,﻿KY,,﻿#REF!,﻿#REF!,,,,,,,,,,,,,,1843,﻿,﻿,﻿hi,Louisville
﻿lou.ky.9034_02,﻿church,﻿[Chapel of?] Loretto Convent and Academy [of St. Mary's?],English,﻿p131: https://digital.library.villanova.edu/Item/vudl:325604#?xywh=-111%2C219%2C1488%2C814&cv=130,,,,﻿Marion County,﻿Loretto,,﻿KY,,﻿#REF!,﻿#REF!,,,,,,,,,,,,,,1843,﻿,﻿,﻿hi,Louisville
﻿lou.ky.9034_02,﻿church,﻿[Chapel of?] Loretto Convent and Academy [of St. Mary's?],English,﻿p131: https://digital.library.villanova.edu/Item/vudl:325604#?xywh=-111%2C219%2C1488%2C814&cv=130,,,,﻿Marion County,﻿Loretto,,﻿KY,,﻿#REF!,﻿#REF!,,,,,,,,,,,,,,1843,﻿,﻿,﻿hi,Louisville
﻿lou.ky.9034_02,﻿church,﻿[Chapel of?] Loretto Convent and Academy [of St. Mary's?],English,﻿p131: https://digital.library.villanova.edu/Item/vudl:325604#?xywh=-111%2C219%2C1488%2C814&cv=130,,,,﻿Marion County,﻿Loretto,,﻿KY,,﻿#REF!,﻿#REF!,,,,,,,,,,,,,,1843,﻿,﻿,﻿hi,Louisville
﻿lou.ky.9034_02,﻿church,﻿[Chapel of?] Loretto Convent and Academy [of St. Mary's?],English,﻿p131: https://digital.library.villanova.edu/Item/vudl:325604#?xywh=-111%2C219%2C1488%2C814&cv=130,,,,﻿Marion County,﻿Loretto,,﻿KY,,﻿#REF!,﻿#REF!,,,,,,,,,,,,,,1843,﻿,﻿,﻿hi,Louisville
﻿lou.ky.9034_02,﻿church,﻿[Chapel of?] Loretto Convent and Academy [of St. Mary's?],English,﻿p131: https://digital.library.villanova.edu/Item/vudl:325604#?xywh=-111%2C219%2C1488%2C814&cv=130,,,,﻿Marion County,﻿Loretto,,﻿KY,,﻿#REF!,﻿#REF!,,,,,,,,,,,,,,1843,﻿,﻿,﻿hi,Louisville
﻿lou.ky.9034_02,﻿church,﻿[Chapel of?] Loretto Convent and Academy [of St. Mary's?],English,﻿p131: https://digital.library.villanova.edu/Item/vudl:325604#?xywh=-111%2C219%2C1488%2C814&cv=130,,,,﻿Marion County,﻿Loretto,,﻿KY,,﻿#REF!,﻿#REF!,,,,,,,,,,,,,,1843,﻿,﻿,﻿hi,Louisville
﻿lou.ky.9034_02,﻿church,﻿[Chapel of?] Loretto Convent and Academy [of St. Mary's?],English,﻿p131: https://digital.library.villanova.edu/Item/vudl:325604#?xywh=-111%2C219%2C1488%2C814&cv=130,,,,﻿Marion County,﻿Loretto,,﻿KY,,﻿#REF!,﻿#REF!,,,,,,,,,,,,,,1843,﻿,﻿,﻿hi,Louisville
﻿lou.ky.9034_02,﻿church,﻿[Chapel of?] Loretto Convent and Academy [of St. Mary's?],English,﻿p131: https://digital.library.villanova.edu/Item/vudl:325604#?xywh=-111%2C219%2C1488%2C814&cv=130,,,,﻿Marion County,﻿Loretto,,﻿KY,,﻿#REF!,﻿#REF!,,,,,,,,,,,,,,1843,﻿,﻿,﻿hi,Louisville
﻿lou.ky.9034_02,﻿church,﻿[Chapel of?] Loretto Convent and Academy [of St. Mary's?],English,﻿p131: https://digital.library.villanova.edu/Item/vudl:325604#?xywh=-111%2C219%2C1488%2C814&cv=130,,,,﻿Marion County,﻿Loretto,,﻿KY,,﻿#REF!,﻿#REF!,,,,,,,,,,,,,,1843,﻿,﻿,﻿hi,Louisville
﻿lou.ky.9034_02,﻿church,﻿[Chapel of?] Loretto Convent and Academy [of St. Mary's?],English,﻿p131: https://digital.library.villanova.edu/Item/vudl:325604#?xywh=-111%2C219%2C1488%2C814&cv=130,,,,﻿Marion County,﻿Loretto,,﻿KY,,﻿#REF!,﻿#REF!,,,,,,,,,,,,,,1843,﻿,﻿,﻿hi,Louisville
﻿lou.ky.9034_02,﻿church,﻿[Chapel of?] Loretto Convent and Academy [of St. Mary's?],English,﻿p131: https://digital.library.villanova.edu/Item/vudl:325604#?xywh=-111%2C219%2C1488%2C814&cv=130,,,,﻿Marion County,﻿Loretto,,﻿KY,,﻿#REF!,﻿#REF!,,,,,,,,,,,,,,1843,﻿,﻿,﻿hi,Louisville
﻿lou.ky.9034_02,﻿church,﻿[Chapel of?] Loretto Convent and Academy [of St. Mary's?],English,﻿p131: https://digital.library.villanova.edu/Item/vudl:325604#?xywh=-111%2C219%2C1488%2C814&cv=130,,,,﻿Marion County,﻿Loretto,,﻿KY,,﻿#REF!,﻿#REF!,,,,,,,,,,,,,,1843,﻿,﻿,﻿hi,Louisville
﻿lou.ky.9034_02,﻿church,﻿[Chapel of?] Loretto Convent and Academy [of St. Mary's?],English,﻿p131: https://digital.library.villanova.edu/Item/vudl:325604#?xywh=-111%2C219%2C1488%2C814&cv=130,,,,﻿Marion County,﻿Loretto,,﻿KY,,﻿#REF!,﻿#REF!,,,,,,,,,,,,,,1843,﻿,﻿,﻿hi,Louisville
﻿lou.ky.9034_02,﻿church,﻿[Chapel of?] Loretto Convent and Academy [of St. Mary's?],English,﻿p131: https://digital.library.villanova.edu/Item/vudl:325604#?xywh=-111%2C219%2C1488%2C814&cv=130,,,,﻿Marion County,﻿Loretto,,﻿KY,,﻿#REF!,﻿#REF!,,,,,,,,,,,,,,1843,﻿,﻿,﻿hi,Louisville
﻿lou.ky.9034_02,﻿church,﻿[Chapel of?] Loretto Convent and Academy [of St. Mary's?],English,﻿p131: https://digital.library.villanova.edu/Item/vudl:325604#?xywh=-111%2C219%2C1488%2C814&cv=130,,,,﻿Marion County,﻿Loretto,,﻿KY,,﻿#REF!,﻿#REF!,,,,,,,,,,,,,,1843,﻿,﻿,﻿hi,Louisville
﻿lou.ky.9034_02,﻿church,﻿[Chapel of?] Loretto Convent and Academy [of St. Mary's?],English,﻿p131: https://digital.library.villanova.edu/Item/vudl:325604#?xywh=-111%2C219%2C1488%2C814&cv=130,,,,﻿Marion County,﻿Loretto,,﻿KY,,﻿#REF!,﻿#REF!,,,,,,,,,,,,,,1843,﻿,﻿,﻿hi,Louisville
﻿lou.ky.9034_02,﻿church,﻿[Chapel of?] Loretto Convent and Academy [of St. Mary's?],English,﻿p131: https://digital.library.villanova.edu/Item/vudl:325604#?xywh=-111%2C219%2C1488%2C814&cv=130,,,,﻿Marion County,﻿Loretto,,﻿KY,,﻿#REF!,﻿#REF!,,,,,,,,,,,,,,1843,﻿,﻿,﻿hi,Louisville
﻿lou.ky.9034_02,﻿church,﻿[Chapel of?] Loretto Convent and Academy [of St. Mary's?],English,﻿p131: https://digital.library.villanova.edu/Item/vudl:325604#?xywh=-111%2C219%2C1488%2C814&cv=130,,,,﻿Marion County,﻿Loretto,,﻿KY,,﻿#REF!,﻿#REF!,,,,,,,,,,,,,,1843,﻿,﻿,﻿hi,Louisville
﻿lou.ky.9034_02,﻿church,﻿[Chapel of?] Loretto Convent and Academy [of St. Mary's?],English,﻿p131: https://digital.library.villanova.edu/Item/vudl:325604#?xywh=-111%2C219%2C1488%2C814&cv=130,,,,﻿Marion County,﻿Loretto,,﻿KY,,﻿#REF!,﻿#REF!,,,,,,,,,,,,,,1843,﻿,﻿,﻿hi,Louisville
﻿lou.ky.9034_02,﻿church,﻿[Chapel of?] Loretto Convent and Academy [of St. Mary's?],English,﻿p131: https://digital.library.villanova.edu/Item/vudl:325604#?xywh=-111%2C219%2C1488%2C814&cv=130,,,,﻿Marion County,﻿Loretto,,﻿KY,,﻿#REF!,﻿#REF!,,,,,,,,,,,,,,1843,﻿,﻿,﻿hi,Louisville
﻿lou.ky.9034_02,﻿church,﻿[Chapel of?] Loretto Convent and Academy [of St. Mary's?],English,﻿p131: https://digital.library.villanova.edu/Item/vudl:325604#?xywh=-111%2C219%2C1488%2C814&cv=130,,,,﻿Marion County,﻿Loretto,,﻿KY,,﻿#REF!,﻿#REF!,,,,,,,,,,,,,,1843,﻿,﻿,﻿hi,Louisville
﻿lou.ky.9034_02,﻿church,﻿[Chapel of?] Loretto Convent and Academy [of St. Mary's?],English,﻿p131: https://digital.library.villanova.edu/Item/vudl:325604#?xywh=-111%2C219%2C1488%2C814&cv=130,,,,﻿Marion County,﻿Loretto,,﻿KY,,﻿#REF!,﻿#REF!,,,,,,,,,,,,,,1843,﻿,﻿,﻿hi,Louisville
﻿lou.ky.9034_02,﻿church,﻿[Chapel of?] Loretto Convent and Academy [of St. Mary's?],English,﻿p131: https://digital.library.villanova.edu/Item/vudl:325604#?xywh=-111%2C219%2C1488%2C814&cv=130,,,,﻿Marion County,﻿Loretto,,﻿KY,,﻿#REF!,﻿#REF!,,,,,,,,,,,,,,1843,﻿,﻿,﻿hi,Louisville
﻿lou.ky.9034_02,﻿church,﻿[Chapel of?] Loretto Convent and Academy [of St. Mary's?],English,﻿p131: https://digital.library.villanova.edu/Item/vudl:325604#?xywh=-111%2C219%2C1488%2C814&cv=130,,,,﻿Marion County,﻿Loretto,,﻿KY,,﻿#REF!,﻿#REF!,,,,,,,,,,,,,,1843,﻿,﻿,﻿hi,Louisville
﻿lou.ky.9034_02,﻿church,﻿[Chapel of?] Loretto Convent and Academy [of St. Mary's?],English,﻿p131: https://digital.library.villanova.edu/Item/vudl:325604#?xywh=-111%2C219%2C1488%2C814&cv=130,,,,﻿Marion County,﻿Loretto,,﻿KY,,﻿#REF!,﻿#REF!,,,,,,,,,,,,,,1843,﻿,﻿,﻿hi,Louisville
﻿lou.ky.9034_02,﻿church,﻿[Chapel of?] Loretto Convent and Academy [of St. Mary's?],English,﻿p131: https://digital.library.villanova.edu/Item/vudl:325604#?xywh=-111%2C219%2C1488%2C814&cv=130,,,,﻿Marion County,﻿Loretto,,﻿KY,,﻿#REF!,﻿#REF!,,,,,,,,,,,,,,1843,﻿,﻿,﻿hi,Louisville
﻿lou.ky.9034_02,﻿church,﻿[Chapel of?] Loretto Convent and Academy [of St. Mary's?],English,﻿p131: https://digital.library.villanova.edu/Item/vudl:325604#?xywh=-111%2C219%2C1488%2C814&cv=130,,,,﻿Marion County,﻿Loretto,,﻿KY,,﻿#REF!,﻿#REF!,,,,,,,,,,,,,,1843,﻿,﻿,﻿hi,Louisville
﻿lou.ky.9034_02,﻿church,﻿[Chapel of?] Loretto Convent and Academy [of St. Mary's?],English,﻿p131: https://digital.library.villanova.edu/Item/vudl:325604#?xywh=-111%2C219%2C1488%2C814&cv=130,,,,﻿Marion County,﻿Loretto,,﻿KY,,﻿#REF!,﻿#REF!,,,,,,,,,,,,,,1843,﻿,﻿,﻿hi,Louisville
﻿lou.ky.9034_02,﻿church,﻿[Chapel of?] Loretto Convent and Academy [of St. Mary's?],English,﻿p131: https://digital.library.villanova.edu/Item/vudl:325604#?xywh=-111%2C219%2C1488%2C814&cv=130,,,,﻿Marion County,﻿Loretto,,﻿KY,,﻿#REF!,﻿#REF!,,,,,,,,,,,,,,1843,﻿,﻿,﻿hi,Louisville
﻿lou.ky.9034_02,﻿church,﻿[Chapel of?] Loretto Convent and Academy [of St. Mary's?],English,﻿p131: https://digital.library.villanova.edu/Item/vudl:325604#?xywh=-111%2C219%2C1488%2C814&cv=130,,,,﻿Marion County,﻿Loretto,,﻿KY,,﻿#REF!,﻿#REF!,,,,,,,,,,,,,,1843,﻿,﻿,﻿hi,Louisville
﻿lou.ky.9034_02,﻿church,﻿[Chapel of?] Loretto Convent and Academy [of St. Mary's?],English,﻿p131: https://digital.library.villanova.edu/Item/vudl:325604#?xywh=-111%2C219%2C1488%2C814&cv=130,,,,﻿Marion County,﻿Loretto,,﻿KY,,﻿#REF!,﻿#REF!,,,,,,,,,,,,,,1843,﻿,﻿,﻿hi,Louisville
﻿lou.ky.9034_02,﻿church,﻿[Chapel of?] Loretto Convent and Academy [of St. Mary's?],English,﻿p131: https://digital.library.villanova.edu/Item/vudl:325604#?xywh=-111%2C219%2C1488%2C814&cv=130,,,,﻿Marion County,﻿Loretto,,﻿KY,,﻿#REF!,﻿#REF!,,,,,,,,,,,,,,1843,﻿,﻿,﻿hi,Louisville
﻿lou.ky.9034_02,﻿church,﻿[Chapel of?] Loretto Convent and Academy [of St. Mary's?],English,﻿p131: https://digital.library.villanova.edu/Item/vudl:325604#?xywh=-111%2C219%2C1488%2C814&cv=130,,,,﻿Marion County,﻿Loretto,,﻿KY,,﻿#REF!,﻿#REF!,,,,,,,,,,,,,,1843,﻿,﻿,﻿hi,Louisville
﻿lou.ky.9034_02,﻿church,﻿[Chapel of?] Loretto Convent and Academy [of St. Mary's?],English,﻿p131: https://digital.library.villanova.edu/Item/vudl:325604#?xywh=-111%2C219%2C1488%2C814&cv=130,,,,﻿Marion County,﻿Loretto,,﻿KY,,﻿#REF!,﻿#REF!,,,,,,,,,,,,,,1843,﻿,﻿,﻿hi,Louisville
﻿lou.ky.9034_02,﻿church,﻿[Chapel of?] Loretto Convent and Academy [of St. Mary's?],English,﻿p131: https://digital.library.villanova.edu/Item/vudl:325604#?xywh=-111%2C219%2C1488%2C814&cv=130,,,,﻿Marion County,﻿Loretto,,﻿KY,,﻿#REF!,﻿#REF!,,,,,,,,,,,,,,1843,﻿,﻿,﻿hi,Louisville
﻿lou.ky.9034_02,﻿church,﻿[Chapel of?] Loretto Convent and Academy [of St. Mary's?],English,﻿p131: https://digital.library.villanova.edu/Item/vudl:325604#?xywh=-111%2C219%2C1488%2C814&cv=130,,,,﻿Marion County,﻿Loretto,,﻿KY,,﻿#REF!,﻿#REF!,,,,,,,,,,,,,,1843,﻿,﻿,﻿hi,Louisville
﻿lou.ky.9034_02,﻿church,﻿[Chapel of?] Loretto Convent and Academy [of St. Mary's?],English,﻿p131: https://digital.library.villanova.edu/Item/vudl:325604#?xywh=-111%2C219%2C1488%2C814&cv=130,,,,﻿Marion County,﻿Loretto,,﻿KY,,﻿#REF!,﻿#REF!,,,,,,,,,,,,,,1843,﻿,﻿,﻿hi,Louisville
﻿lou.ky.9034_02,﻿church,﻿[Chapel of?] Loretto Convent and Academy [of St. Mary's?],English,﻿p131: https://digital.library.villanova.edu/Item/vudl:325604#?xywh=-111%2C219%2C1488%2C814&cv=130,,,,﻿Marion County,﻿Loretto,,﻿KY,,﻿#REF!,﻿#REF!,,,,,,,,,,,,,,1843,﻿,﻿,﻿hi,Louisville
﻿lou.ky.9034_02,﻿church,﻿[Chapel of?] Loretto Convent and Academy [of St. Mary's?],English,﻿p131: https://digital.library.villanova.edu/Item/vudl:325604#?xywh=-111%2C219%2C1488%2C814&cv=130,,,,﻿Marion County,﻿Loretto,,﻿KY,,﻿#REF!,﻿#REF!,,,,,,,,,,,,,,1843,﻿,﻿,﻿hi,Louisville
﻿lou.ky.9034_02,﻿church,﻿[Chapel of?] Loretto Convent and Academy [of St. Mary's?],English,﻿p131: https://digital.library.villanova.edu/Item/vudl:325604#?xywh=-111%2C219%2C1488%2C814&cv=130,,,,﻿Marion County,﻿Loretto,,﻿KY,,﻿#REF!,﻿#REF!,,,,,,,,,,,,,,1843,﻿,﻿,﻿hi,Louisville
﻿lou.ky.9034_02,﻿church,﻿[Chapel of?] Loretto Convent and Academy [of St. Mary's?],English,﻿p131: https://digital.library.villanova.edu/Item/vudl:325604#?xywh=-111%2C219%2C1488%2C814&cv=130,,,,﻿Marion County,﻿Loretto,,﻿KY,,﻿#REF!,﻿#REF!,,,,,,,,,,,,,,1843,﻿,﻿,﻿hi,Louisville
﻿lou.ky.9034_02,﻿church,﻿[Chapel of?] Loretto Convent and Academy [of St. Mary's?],English,﻿p131: https://digital.library.villanova.edu/Item/vudl:325604#?xywh=-111%2C219%2C1488%2C814&cv=130,,,,﻿Marion County,﻿Loretto,,﻿KY,,﻿#REF!,﻿#REF!,,,,,,,,,,,,,,1843,﻿,﻿,﻿hi,Louisville
﻿lou.ky.9034_02,﻿church,﻿[Chapel of?] Loretto Convent and Academy [of St. Mary's?],English,﻿p131: https://digital.library.villanova.edu/Item/vudl:325604#?xywh=-111%2C219%2C1488%2C814&cv=130,,,,﻿Marion County,﻿Loretto,,﻿KY,,﻿#REF!,﻿#REF!,,,,,,,,,,,,,,1843,﻿,﻿,﻿hi,Louisville
﻿lou.ky.9034_02,﻿church,﻿[Chapel of?] Loretto Convent and Academy [of St. Mary's?],English,﻿p131: https://digital.library.villanova.edu/Item/vudl:325604#?xywh=-111%2C219%2C1488%2C814&cv=130,,,,﻿Marion County,﻿Loretto,,﻿KY,,﻿#REF!,﻿#REF!,,,,,,,,,,,,,,1843,﻿,﻿,﻿hi,Louisville
﻿lou.ky.9034_02,﻿church,﻿[Chapel of?] Loretto Convent and Academy [of St. Mary's?],English,﻿p131: https://digital.library.villanova.edu/Item/vudl:325604#?xywh=-111%2C219%2C1488%2C814&cv=130,,,,﻿Marion County,﻿Loretto,,﻿KY,,﻿#REF!,﻿#REF!,,,,,,,,,,,,,,1843,﻿,﻿,﻿hi,Louisville
﻿lou.ky.9034_02,﻿church,﻿[Chapel of?] Loretto Convent and Academy [of St. Mary's?],English,﻿p131: https://digital.library.villanova.edu/Item/vudl:325604#?xywh=-111%2C219%2C1488%2C814&cv=130,,,,﻿Marion County,﻿Loretto,,﻿KY,,﻿#REF!,﻿#REF!,,,,,,,,,,,,,,1843,﻿,﻿,﻿hi,Louisville
﻿lou.ky.9034_02,﻿church,﻿[Chapel of?] Loretto Convent and Academy [of St. Mary's?],English,﻿p131: https://digital.library.villanova.edu/Item/vudl:325604#?xywh=-111%2C219%2C1488%2C814&cv=130,,,,﻿Marion County,﻿Loretto,,﻿KY,,﻿#REF!,﻿#REF!,,,,,,,,,,,,,,1843,﻿,﻿,﻿hi,Louisville
﻿lou.ky.9034_02,﻿church,﻿[Chapel of?] Loretto Convent and Academy [of St. Mary's?],English,﻿p131: https://digital.library.villanova.edu/Item/vudl:325604#?xywh=-111%2C219%2C1488%2C814&cv=130,,,,﻿Marion County,﻿Loretto,,﻿KY,,﻿#REF!,﻿#REF!,,,,,,,,,,,,,,1843,﻿,﻿,﻿hi,Louisville
﻿lou.ky.9034_02,﻿church,﻿[Chapel of?] Loretto Convent and Academy [of St. Mary's?],English,﻿p131: https://digital.library.villanova.edu/Item/vudl:325604#?xywh=-111%2C219%2C1488%2C814&cv=130,,,,﻿Marion County,﻿Loretto,,﻿KY,,﻿#REF!,﻿#REF!,,,,,,,,,,,,,,1843,﻿,﻿,﻿hi,Louisville
﻿lou.ky.9034_02,﻿church,﻿[Chapel of?] Loretto Convent and Academy [of St. Mary's?],English,﻿p131: https://digital.library.villanova.edu/Item/vudl:325604#?xywh=-111%2C219%2C1488%2C814&cv=130,,,,﻿Marion County,﻿Loretto,,﻿KY,,﻿#REF!,﻿#REF!,,,,,,,,,,,,,,1843,﻿,﻿,﻿hi,Louisville
﻿lou.ky.9034_02,﻿church,﻿[Chapel of?] Loretto Convent and Academy [of St. Mary's?],English,﻿p131: https://digital.library.villanova.edu/Item/vudl:325604#?xywh=-111%2C219%2C1488%2C814&cv=130,,,,﻿Marion County,﻿Loretto,,﻿KY,,﻿#REF!,﻿#REF!,,,,,,,,,,,,,,1843,﻿,﻿,﻿hi,Louisville
﻿lou.ky.9034_02,﻿church,﻿[Chapel of?] Loretto Convent and Academy [of St. Mary's?],English,﻿p131: https://digital.library.villanova.edu/Item/vudl:325604#?xywh=-111%2C219%2C1488%2C814&cv=130,,,,﻿Marion County,﻿Loretto,,﻿KY,,﻿#REF!,﻿#REF!,,,,,,,,,,,,,,1843,﻿,﻿,﻿hi,Louisville
﻿lou.ky.9034_02,﻿church,﻿[Chapel of?] Loretto Convent and Academy [of St. Mary's?],English,﻿p131: https://digital.library.villanova.edu/Item/vudl:325604#?xywh=-111%2C219%2C1488%2C814&cv=130,,,,﻿Marion County,﻿Loretto,,﻿KY,,﻿#REF!,﻿#REF!,,,,,,,,,,,,,,1843,﻿,﻿,﻿hi,Louisville
﻿lou.ky.9034_02,﻿church,﻿[Chapel of?] Loretto Convent and Academy [of St. Mary's?],English,﻿p131: https://digital.library.villanova.edu/Item/vudl:325604#?xywh=-111%2C219%2C1488%2C814&cv=130,,,,﻿Marion County,﻿Loretto,,﻿KY,,﻿#REF!,﻿#REF!,,,,,,,,,,,,,,1843,﻿,﻿,﻿hi,Louisville
﻿lou.ky.9034_02,﻿church,﻿[Chapel of?] Loretto Convent and Academy [of St. Mary's?],English,﻿p131: https://digital.library.villanova.edu/Item/vudl:325604#?xywh=-111%2C219%2C1488%2C814&cv=130,,,,﻿Marion County,﻿Loretto,,﻿KY,,﻿#REF!,﻿#REF!,,,,,,,,,,,,,,1843,﻿,﻿,﻿hi,Louisville
﻿lou.ky.9034_02,﻿church,﻿[Chapel of?] Loretto Convent and Academy [of St. Mary's?],English,﻿p131: https://digital.library.villanova.edu/Item/vudl:325604#?xywh=-111%2C219%2C1488%2C814&cv=130,,,,﻿Marion County,﻿Loretto,,﻿KY,,﻿#REF!,﻿#REF!,,,,,,,,,,,,,,1843,﻿,﻿,﻿hi,Louisville
﻿lou.ky.9034_02,﻿church,﻿[Chapel of?] Loretto Convent and Academy [of St. Mary's?],English,﻿p131: https://digital.library.villanova.edu/Item/vudl:325604#?xywh=-111%2C219%2C1488%2C814&cv=130,,,,﻿Marion County,﻿Loretto,,﻿KY,,﻿#REF!,﻿#REF!,,,,,,,,,,,,,,1843,﻿,﻿,﻿hi,Louisville
﻿lou.ky.9034_02,﻿church,﻿[Chapel of?] Loretto Convent and Academy [of St. Mary's?],English,﻿p131: https://digital.library.villanova.edu/Item/vudl:325604#?xywh=-111%2C219%2C1488%2C814&cv=130,,,,﻿Marion County,﻿Loretto,,﻿KY,,﻿#REF!,﻿#REF!,,,,,,,,,,,,,,1843,﻿,﻿,﻿hi,Louisville
﻿lou.ky.9034_02,﻿church,﻿[Chapel of?] Loretto Convent and Academy [of St. Mary's?],English,﻿p131: https://digital.library.villanova.edu/Item/vudl:325604#?xywh=-111%2C219%2C1488%2C814&cv=130,,,,﻿Marion County,﻿Loretto,,﻿KY,,﻿#REF!,﻿#REF!,,,,,,,,,,,,,,1843,﻿,﻿,﻿hi,Louisville
﻿lou.ky.9034_02,﻿church,﻿[Chapel of?] Loretto Convent and Academy [of St. Mary's?],English,﻿p131: https://digital.library.villanova.edu/Item/vudl:325604#?xywh=-111%2C219%2C1488%2C814&cv=130,,,,﻿Marion County,﻿Loretto,,﻿KY,,﻿#REF!,﻿#REF!,,,,,,,,,,,,,,1843,﻿,﻿,﻿hi,Louisville
﻿lou.ky.9034_02,﻿church,﻿[Chapel of?] Loretto Convent and Academy [of St. Mary's?],English,﻿p131: https://digital.library.villanova.edu/Item/vudl:325604#?xywh=-111%2C219%2C1488%2C814&cv=130,,,,﻿Marion County,﻿Loretto,,﻿KY,,﻿#REF!,﻿#REF!,,,,,,,,,,,,,,1843,﻿,﻿,﻿hi,Louisville
﻿lou.ky.9034_02,﻿church,﻿[Chapel of?] Loretto Convent and Academy [of St. Mary's?],English,﻿p131: https://digital.library.villanova.edu/Item/vudl:325604#?xywh=-111%2C219%2C1488%2C814&cv=130,,,,﻿Marion County,﻿Loretto,,﻿KY,,﻿#REF!,﻿#REF!,,,,,,,,,,,,,,1843,﻿,﻿,﻿hi,Louisville
﻿lou.ky.9034_02,﻿church,﻿[Chapel of?] Loretto Convent and Academy [of St. Mary's?],English,﻿p131: https://digital.library.villanova.edu/Item/vudl:325604#?xywh=-111%2C219%2C1488%2C814&cv=130,,,,﻿Marion County,﻿Loretto,,﻿KY,,﻿#REF!,﻿#REF!,,,,,,,,,,,,,,1843,﻿,﻿,﻿hi,Louisville
﻿lou.ky.9034_02,﻿church,﻿[Chapel of?] Loretto Convent and Academy [of St. Mary's?],English,﻿p131: https://digital.library.villanova.edu/Item/vudl:325604#?xywh=-111%2C219%2C1488%2C814&cv=130,,,,﻿Marion County,﻿Loretto,,﻿KY,,﻿#REF!,﻿#REF!,,,,,,,,,,,,,,1843,﻿,﻿,﻿hi,Louisville
﻿lou.ky.9034_02,﻿church,﻿[Chapel of?] Loretto Convent and Academy [of St. Mary's?],English,﻿p131: https://digital.library.villanova.edu/Item/vudl:325604#?xywh=-111%2C219%2C1488%2C814&cv=130,,,,﻿Marion County,﻿Loretto,,﻿KY,,﻿#REF!,﻿#REF!,,,,,,,,,,,,,,1843,﻿,﻿,﻿hi,Louisville
﻿lou.ky.9034_02,﻿church,﻿[Chapel of?] Loretto Convent and Academy [of St. Mary's?],English,﻿p131: https://digital.library.villanova.edu/Item/vudl:325604#?xywh=-111%2C219%2C1488%2C814&cv=130,,,,﻿Marion County,﻿Loretto,,﻿KY,,﻿#REF!,﻿#REF!,,,,,,,,,,,,,,1843,﻿,﻿,﻿hi,Louisville
﻿lou.ky.9034_02,﻿church,﻿[Chapel of?] Loretto Convent and Academy [of St. Mary's?],English,﻿p131: https://digital.library.villanova.edu/Item/vudl:325604#?xywh=-111%2C219%2C1488%2C814&cv=130,,,,﻿Marion County,﻿Loretto,,﻿KY,,﻿#REF!,﻿#REF!,,,,,,,,,,,,,,1843,﻿,﻿,﻿hi,Louisville
﻿lou.ky.9034_02,﻿church,﻿[Chapel of?] Loretto Convent and Academy [of St. Mary's?],English,﻿p131: https://digital.library.villanova.edu/Item/vudl:325604#?xywh=-111%2C219%2C1488%2C814&cv=130,,,,﻿Marion County,﻿Loretto,,﻿KY,,﻿#REF!,﻿#REF!,,,,,,,,,,,,,,1843,﻿,﻿,﻿hi,Louisville
﻿lou.ky.9034_02,﻿church,﻿[Chapel of?] Loretto Convent and Academy [of St. Mary's?],English,﻿p131: https://digital.library.villanova.edu/Item/vudl:325604#?xywh=-111%2C219%2C1488%2C814&cv=130,,,,﻿Marion County,﻿Loretto,,﻿KY,,﻿#REF!,﻿#REF!,,,,,,,,,,,,,,1843,﻿,﻿,﻿hi,Louisville
﻿lou.ky.9034_02,﻿church,﻿[Chapel of?] Loretto Convent and Academy [of St. Mary's?],English,﻿p131: https://digital.library.villanova.edu/Item/vudl:325604#?xywh=-111%2C219%2C1488%2C814&cv=130,,,,﻿Marion County,﻿Loretto,,﻿KY,,﻿#REF!,﻿#REF!,,,,,,,,,,,,,,1843,﻿,﻿,﻿hi,Louisville
﻿lou.ky.9034_02,﻿church,﻿[Chapel of?] Loretto Convent and Academy [of St. Mary's?],English,﻿p131: https://digital.library.villanova.edu/Item/vudl:325604#?xywh=-111%2C219%2C1488%2C814&cv=130,,,,﻿Marion County,﻿Loretto,,﻿KY,,﻿#REF!,﻿#REF!,,,,,,,,,,,,,,1843,﻿,﻿,﻿hi,Louisville
﻿lou.ky.9034_02,﻿church,﻿[Chapel of?] Loretto Convent and Academy [of St. Mary's?],English,﻿p131: https://digital.library.villanova.edu/Item/vudl:325604#?xywh=-111%2C219%2C1488%2C814&cv=130,,,,﻿Marion County,﻿Loretto,,﻿KY,,﻿#REF!,﻿#REF!,,,,,,,,,,,,,,1843,﻿,﻿,﻿hi,Louisville
﻿lou.ky.9034_02,﻿church,﻿[Chapel of?] Loretto Convent and Academy [of St. Mary's?],English,﻿p131: https://digital.library.villanova.edu/Item/vudl:325604#?xywh=-111%2C219%2C1488%2C814&cv=130,,,,﻿Marion County,﻿Loretto,,﻿KY,,﻿#REF!,﻿#REF!,,,,,,,,,,,,,,1843,﻿,﻿,﻿hi,Louisville
﻿lou.ky.9034_02,﻿church,﻿[Chapel of?] Loretto Convent and Academy [of St. Mary's?],English,﻿p131: https://digital.library.villanova.edu/Item/vudl:325604#?xywh=-111%2C219%2C1488%2C814&cv=130,,,,﻿Marion County,﻿Loretto,,﻿KY,,﻿#REF!,﻿#REF!,,,,,,,,,,,,,,1843,﻿,﻿,﻿hi,Louisville
﻿lou.ky.9034_02,﻿church,﻿[Chapel of?] Loretto Convent and Academy [of St. Mary's?],English,﻿p131: https://digital.library.villanova.edu/Item/vudl:325604#?xywh=-111%2C219%2C1488%2C814&cv=130,,,,﻿Marion County,﻿Loretto,,﻿KY,,﻿#REF!,﻿#REF!,,,,,,,,,,,,,,1843,﻿,﻿,﻿hi,Louisville
﻿lou.ky.9034_02,﻿church,﻿[Chapel of?] Loretto Convent and Academy [of St. Mary's?],English,﻿p131: https://digital.library.villanova.edu/Item/vudl:325604#?xywh=-111%2C219%2C1488%2C814&cv=130,,,,﻿Marion County,﻿Loretto,,﻿KY,,﻿#REF!,﻿#REF!,,,,,,,,,,,,,,1843,﻿,﻿,﻿hi,Louisville
﻿lou.ky.9034_02,﻿church,﻿[Chapel of?] Loretto Convent and Academy [of St. Mary's?],English,﻿p131: https://digital.library.villanova.edu/Item/vudl:325604#?xywh=-111%2C219%2C1488%2C814&cv=130,,,,﻿Marion County,﻿Loretto,,﻿KY,,﻿#REF!,﻿#REF!,,,,,,,,,,,,,,1843,﻿,﻿,﻿hi,Louisville
﻿lou.ky.9034_02,﻿church,﻿[Chapel of?] Loretto Convent and Academy [of St. Mary's?],English,﻿p131: https://digital.library.villanova.edu/Item/vudl:325604#?xywh=-111%2C219%2C1488%2C814&cv=130,,,,﻿Marion County,﻿Loretto,,﻿KY,,﻿#REF!,﻿#REF!,,,,,,,,,,,,,,1843,﻿,﻿,﻿hi,Louisville
﻿lou.ky.9034_02,﻿church,﻿[Chapel of?] Loretto Convent and Academy [of St. Mary's?],English,﻿p131: https://digital.library.villanova.edu/Item/vudl:325604#?xywh=-111%2C219%2C1488%2C814&cv=130,,,,﻿Marion County,﻿Loretto,,﻿KY,,﻿#REF!,﻿#REF!,,,,,,,,,,,,,,1843,﻿,﻿,﻿hi,Louisville
﻿lou.ky.9034_02,﻿church,﻿[Chapel of?] Loretto Convent and Academy [of St. Mary's?],English,﻿p131: https://digital.library.villanova.edu/Item/vudl:325604#?xywh=-111%2C219%2C1488%2C814&cv=130,,,,﻿Marion County,﻿Loretto,,﻿KY,,﻿#REF!,﻿#REF!,,,,,,,,,,,,,,1843,﻿,﻿,﻿hi,Louisville
﻿lou.ky.9034_02,﻿church,﻿[Chapel of?] Loretto Convent and Academy [of St. Mary's?],English,﻿p131: https://digital.library.villanova.edu/Item/vudl:325604#?xywh=-111%2C219%2C1488%2C814&cv=130,,,,﻿Marion County,﻿Loretto,,﻿KY,,﻿#REF!,﻿#REF!,,,,,,,,,,,,,,1843,﻿,﻿,﻿hi,Louisville
﻿lou.ky.9034_02,﻿church,﻿[Chapel of?] Loretto Convent and Academy [of St. Mary's?],English,﻿p131: https://digital.library.villanova.edu/Item/vudl:325604#?xywh=-111%2C219%2C1488%2C814&cv=130,,,,﻿Marion County,﻿Loretto,,﻿KY,,﻿#REF!,﻿#REF!,,,,,,,,,,,,,,1843,﻿,﻿,﻿hi,Louisville
﻿lou.ky.9034_02,﻿church,﻿[Chapel of?] Loretto Convent and Academy [of St. Mary's?],English,﻿p131: https://digital.library.villanova.edu/Item/vudl:325604#?xywh=-111%2C219%2C1488%2C814&cv=130,,,,﻿Marion County,﻿Loretto,,﻿KY,,﻿#REF!,﻿#REF!,,,,,,,,,,,,,,1843,﻿,﻿,﻿hi,Louisville
﻿lou.ky.9034_02,﻿church,﻿[Chapel of?] Loretto Convent and Academy [of St. Mary's?],English,﻿p131: https://digital.library.villanova.edu/Item/vudl:325604#?xywh=-111%2C219%2C1488%2C814&cv=130,,,,﻿Marion County,﻿Loretto,,﻿KY,,﻿#REF!,﻿#REF!,,,,,,,,,,,,,,1843,﻿,﻿,﻿hi,Louisville
﻿lou.ky.9034_02,﻿church,﻿[Chapel of?] Loretto Convent and Academy [of St. Mary's?],English,﻿p131: https://digital.library.villanova.edu/Item/vudl:325604#?xywh=-111%2C219%2C1488%2C814&cv=130,,,,﻿Marion County,﻿Loretto,,﻿KY,,﻿#REF!,﻿#REF!,,,,,,,,,,,,,,1843,﻿,﻿,﻿hi,Louisville
﻿lou.ky.9034_02,﻿church,﻿[Chapel of?] Loretto Convent and Academy [of St. Mary's?],English,﻿p131: https://digital.library.villanova.edu/Item/vudl:325604#?xywh=-111%2C219%2C1488%2C814&cv=130,,,,﻿Marion County,﻿Loretto,,﻿KY,,﻿#REF!,﻿#REF!,,,,,,,,,,,,,,1843,﻿,﻿,﻿hi,Louisville
﻿lou.ky.9034_02,﻿church,﻿[Chapel of?] Loretto Convent and Academy [of St. Mary's?],English,﻿p131: https://digital.library.villanova.edu/Item/vudl:325604#?xywh=-111%2C219%2C1488%2C814&cv=130,,,,﻿Marion County,﻿Loretto,,﻿KY,,﻿#REF!,﻿#REF!,,,,,,,,,,,,,,1843,﻿,﻿,﻿hi,Louisville
﻿lou.ky.9034_02,﻿church,﻿[Chapel of?] Loretto Convent and Academy [of St. Mary's?],English,﻿p131: https://digital.library.villanova.edu/Item/vudl:325604#?xywh=-111%2C219%2C1488%2C814&cv=130,,,,﻿Marion County,﻿Loretto,,﻿KY,,﻿#REF!,﻿#REF!,,,,,,,,,,,,,,1843,﻿,﻿,﻿hi,Louisville
﻿lou.ky.9034_02,﻿church,﻿[Chapel of?] Loretto Convent and Academy [of St. Mary's?],English,﻿p131: https://digital.library.villanova.edu/Item/vudl:325604#?xywh=-111%2C219%2C1488%2C814&cv=130,,,,﻿Marion County,﻿Loretto,,﻿KY,,﻿#REF!,﻿#REF!,,,,,,,,,,,,,,1843,﻿,﻿,﻿hi,Louisville
﻿lou.ky.9034_02,﻿church,﻿[Chapel of?] Loretto Convent and Academy [of St. Mary's?],English,﻿p131: https://digital.library.villanova.edu/Item/vudl:325604#?xywh=-111%2C219%2C1488%2C814&cv=130,,,,﻿Marion County,﻿Loretto,,﻿KY,,﻿#REF!,﻿#REF!,,,,,,,,,,,,,,1843,﻿,﻿,﻿hi,Louisville
﻿lou.ky.9034_02,﻿church,﻿[Chapel of?] Loretto Convent and Academy [of St. Mary's?],English,﻿p131: https://digital.library.villanova.edu/Item/vudl:325604#?xywh=-111%2C219%2C1488%2C814&cv=130,,,,﻿Marion County,﻿Loretto,,﻿KY,,﻿#REF!,﻿#REF!,,,,,,,,,,,,,,1843,﻿,﻿,﻿hi,Louisville
﻿lou.ky.9034_02,﻿church,﻿[Chapel of?] Loretto Convent and Academy [of St. Mary's?],English,﻿p131: https://digital.library.villanova.edu/Item/vudl:325604#?xywh=-111%2C219%2C1488%2C814&cv=130,,,,﻿Marion County,﻿Loretto,,﻿KY,,﻿#REF!,﻿#REF!,,,,,,,,,,,,,,1843,﻿,﻿,﻿hi,Louisville
﻿lou.ky.9034_02,﻿church,﻿[Chapel of?] Loretto Convent and Academy [of St. Mary's?],English,﻿p131: https://digital.library.villanova.edu/Item/vudl:325604#?xywh=-111%2C219%2C1488%2C814&cv=130,,,,﻿Marion County,﻿Loretto,,﻿KY,,﻿#REF!,﻿#REF!,,,,,,,,,,,,,,1843,﻿,﻿,﻿hi,Louisville
﻿lou.ky.9034_02,﻿church,﻿[Chapel of?] Loretto Convent and Academy [of St. Mary's?],English,﻿p131: https://digital.library.villanova.edu/Item/vudl:325604#?xywh=-111%2C219%2C1488%2C814&cv=130,,,,﻿Marion County,﻿Loretto,,﻿KY,,﻿#REF!,﻿#REF!,,,,,,,,,,,,,,1843,﻿,﻿,﻿hi,Louisville
﻿lou.ky.9034_02,﻿church,﻿[Chapel of?] Loretto Convent and Academy [of St. Mary's?],English,﻿p131: https://digital.library.villanova.edu/Item/vudl:325604#?xywh=-111%2C219%2C1488%2C814&cv=130,,,,﻿Marion County,﻿Loretto,,﻿KY,,﻿#REF!,﻿#REF!,,,,,,,,,,,,,,1843,﻿,﻿,﻿hi,Louisville
﻿lou.ky.9034_02,﻿church,﻿[Chapel of?] Loretto Convent and Academy [of St. Mary's?],English,﻿p131: https://digital.library.villanova.edu/Item/vudl:325604#?xywh=-111%2C219%2C1488%2C814&cv=130,,,,﻿Marion County,﻿Loretto,,﻿KY,,﻿#REF!,﻿#REF!,,,,,,,,,,,,,,1843,﻿,﻿,﻿hi,Louisville
﻿lou.ky.9034_02,﻿church,﻿[Chapel of?] Loretto Convent and Academy [of St. Mary's?],English,﻿p131: https://digital.library.villanova.edu/Item/vudl:325604#?xywh=-111%2C219%2C1488%2C814&cv=130,,,,﻿Marion County,﻿Loretto,,﻿KY,,﻿#REF!,﻿#REF!,,,,,,,,,,,,,,1843,﻿,﻿,﻿hi,Louisville
﻿lou.ky.9034_02,﻿church,﻿[Chapel of?] Loretto Convent and Academy [of St. Mary's?],English,﻿p131: https://digital.library.villanova.edu/Item/vudl:325604#?xywh=-111%2C219%2C1488%2C814&cv=130,,,,﻿Marion County,﻿Loretto,,﻿KY,,﻿#REF!,﻿#REF!,,,,,,,,,,,,,,1843,﻿,﻿,﻿hi,Louisville
﻿lou.ky.9034_02,﻿church,﻿[Chapel of?] Loretto Convent and Academy [of St. Mary's?],English,﻿p131: https://digital.library.villanova.edu/Item/vudl:325604#?xywh=-111%2C219%2C1488%2C814&cv=130,,,,﻿Marion County,﻿Loretto,,﻿KY,,﻿#REF!,﻿#REF!,,,,,,,,,,,,,,1843,﻿,﻿,﻿hi,Louisville
﻿lou.ky.9034_02,﻿church,﻿[Chapel of?] Loretto Convent and Academy [of St. Mary's?],English,﻿p131: https://digital.library.villanova.edu/Item/vudl:325604#?xywh=-111%2C219%2C1488%2C814&cv=130,,,,﻿Marion County,﻿Loretto,,﻿KY,,﻿#REF!,﻿#REF!,,,,,,,,,,,,,,1843,﻿,﻿,﻿hi,Louisville
﻿lou.ky.9034_02,﻿church,﻿[Chapel of?] Loretto Convent and Academy [of St. Mary's?],English,﻿p131: https://digital.library.villanova.edu/Item/vudl:325604#?xywh=-111%2C219%2C1488%2C814&cv=130,,,,﻿Marion County,﻿Loretto,,﻿KY,,﻿#REF!,﻿#REF!,,,,,,,,,,,,,,1843,﻿,﻿,﻿hi,Louisville
﻿lou.ky.9034_02,﻿church,﻿[Chapel of?] Loretto Convent and Academy [of St. Mary's?],English,﻿p131: https://digital.library.villanova.edu/Item/vudl:325604#?xywh=-111%2C219%2C1488%2C814&cv=130,,,,﻿Marion County,﻿Loretto,,﻿KY,,﻿#REF!,﻿#REF!,,,,,,,,,,,,,,1843,﻿,﻿,﻿hi,Louisville
﻿lou.ky.9034_02,﻿church,﻿[Chapel of?] Loretto Convent and Academy [of St. Mary's?],English,﻿p131: https://digital.library.villanova.edu/Item/vudl:325604#?xywh=-111%2C219%2C1488%2C814&cv=130,,,,﻿Marion County,﻿Loretto,,﻿KY,,﻿#REF!,﻿#REF!,,,,,,,,,,,,,,1843,﻿,﻿,﻿hi,Louisville
﻿lou.ky.9034_02,﻿church,﻿[Chapel of?] Loretto Convent and Academy [of St. Mary's?],English,﻿p131: https://digital.library.villanova.edu/Item/vudl:325604#?xywh=-111%2C219%2C1488%2C814&cv=130,,,,﻿Marion County,﻿Loretto,,﻿KY,,﻿#REF!,﻿#REF!,,,,,,,,,,,,,,1843,﻿,﻿,﻿hi,Louisville
﻿lou.ky.9034_02,﻿church,﻿[Chapel of?] Loretto Convent and Academy [of St. Mary's?],English,﻿p131: https://digital.library.villanova.edu/Item/vudl:325604#?xywh=-111%2C219%2C1488%2C814&cv=130,,,,﻿Marion County,﻿Loretto,,﻿KY,,﻿#REF!,﻿#REF!,,,,,,,,,,,,,,1843,﻿,﻿,﻿hi,Louisville
﻿lou.ky.9034_02,﻿church,﻿[Chapel of?] Loretto Convent and Academy [of St. Mary's?],English,﻿p131: https://digital.library.villanova.edu/Item/vudl:325604#?xywh=-111%2C219%2C1488%2C814&cv=130,,,,﻿Marion County,﻿Loretto,,﻿KY,,﻿#REF!,﻿#REF!,,,,,,,,,,,,,,1843,﻿,﻿,﻿hi,Louisville
﻿lou.ky.9034_02,﻿church,﻿[Chapel of?] Loretto Convent and Academy [of St. Mary's?],English,﻿p131: https://digital.library.villanova.edu/Item/vudl:325604#?xywh=-111%2C219%2C1488%2C814&cv=130,,,,﻿Marion County,﻿Loretto,,﻿KY,,﻿#REF!,﻿#REF!,,,,,,,,,,,,,,1843,﻿,﻿,﻿hi,Louisville
﻿lou.ky.9034_02,﻿church,﻿[Chapel of?] Loretto Convent and Academy [of St. Mary's?],English,﻿p131: https://digital.library.villanova.edu/Item/vudl:325604#?xywh=-111%2C219%2C1488%2C814&cv=130,,,,﻿Marion County,﻿Loretto,,﻿KY,,﻿#REF!,﻿#REF!,,,,,,,,,,,,,,1843,﻿,﻿,﻿hi,Louisville
﻿lou.ky.9034_02,﻿church,﻿[Chapel of?] Loretto Convent and Academy [of St. Mary's?],English,﻿p131: https://digital.library.villanova.edu/Item/vudl:325604#?xywh=-111%2C219%2C1488%2C814&cv=130,,,,﻿Marion County,﻿Loretto,,﻿KY,,﻿#REF!,﻿#REF!,,,,,,,,,,,,,,1843,﻿,﻿,﻿hi,Louisville
﻿lou.ky.9034_02,﻿church,﻿[Chapel of?] Loretto Convent and Academy [of St. Mary's?],English,﻿p131: https://digital.library.villanova.edu/Item/vudl:325604#?xywh=-111%2C219%2C1488%2C814&cv=130,,,,﻿Marion County,﻿Loretto,,﻿KY,,﻿#REF!,﻿#REF!,,,,,,,,,,,,,,1843,﻿,﻿,﻿hi,Louisville
﻿lou.ky.9034_02,﻿church,﻿[Chapel of?] Loretto Convent and Academy [of St. Mary's?],English,﻿p131: https://digital.library.villanova.edu/Item/vudl:325604#?xywh=-111%2C219%2C1488%2C814&cv=130,,,,﻿Marion County,﻿Loretto,,﻿KY,,﻿#REF!,﻿#REF!,,,,,,,,,,,,,,1843,﻿,﻿,﻿hi,Louisville
﻿lou.ky.9034_02,﻿church,﻿[Chapel of?] Loretto Convent and Academy [of St. Mary's?],English,﻿p131: https://digital.library.villanova.edu/Item/vudl:325604#?xywh=-111%2C219%2C1488%2C814&cv=130,,,,﻿Marion County,﻿Loretto,,﻿KY,,﻿#REF!,﻿#REF!,,,,,,,,,,,,,,1843,﻿,﻿,﻿hi,Louisville
﻿lou.ky.9034_02,﻿church,﻿[Chapel of?] Loretto Convent and Academy [of St. Mary's?],English,﻿p131: https://digital.library.villanova.edu/Item/vudl:325604#?xywh=-111%2C219%2C1488%2C814&cv=130,,,,﻿Marion County,﻿Loretto,,﻿KY,,﻿#REF!,﻿#REF!,,,,,,,,,,,,,,1843,﻿,﻿,﻿hi,Louisville
﻿lou.ky.9034_02,﻿church,﻿[Chapel of?] Loretto Convent and Academy [of St. Mary's?],English,﻿p131: https://digital.library.villanova.edu/Item/vudl:325604#?xywh=-111%2C219%2C1488%2C814&cv=130,,,,﻿Marion County,﻿Loretto,,﻿KY,,﻿#REF!,﻿#REF!,,,,,,,,,,,,,,1843,﻿,﻿,﻿hi,Louisville
﻿lou.ky.9034_02,﻿church,﻿[Chapel of?] Loretto Convent and Academy [of St. Mary's?],English,﻿p131: https://digital.library.villanova.edu/Item/vudl:325604#?xywh=-111%2C219%2C1488%2C814&cv=130,,,,﻿Marion County,﻿Loretto,,﻿KY,,﻿#REF!,﻿#REF!,,,,,,,,,,,,,,1843,﻿,﻿,﻿hi,Louisville
﻿lou.ky.9034_02,﻿church,﻿[Chapel of?] Loretto Convent and Academy [of St. Mary's?],English,﻿p131: https://digital.library.villanova.edu/Item/vudl:325604#?xywh=-111%2C219%2C1488%2C814&cv=130,,,,﻿Marion County,﻿Loretto,,﻿KY,,﻿#REF!,﻿#REF!,,,,,,,,,,,,,,1843,﻿,﻿,﻿hi,Louisville
﻿lou.ky.9034_02,﻿church,﻿[Chapel of?] Loretto Convent and Academy [of St. Mary's?],English,﻿p131: https://digital.library.villanova.edu/Item/vudl:325604#?xywh=-111%2C219%2C1488%2C814&cv=130,,,,﻿Marion County,﻿Loretto,,﻿KY,,﻿#REF!,﻿#REF!,,,,,,,,,,,,,,1843,﻿,﻿,﻿hi,Louisville
﻿lou.ky.9034_02,﻿church,﻿[Chapel of?] Loretto Convent and Academy [of St. Mary's?],English,﻿p131: https://digital.library.villanova.edu/Item/vudl:325604#?xywh=-111%2C219%2C1488%2C814&cv=130,,,,﻿Marion County,﻿Loretto,,﻿KY,,﻿#REF!,﻿#REF!,,,,,,,,,,,,,,1843,﻿,﻿,﻿hi,Louisville
﻿lou.ky.9034_02,﻿church,﻿[Chapel of?] Loretto Convent and Academy [of St. Mary's?],English,﻿p131: https://digital.library.villanova.edu/Item/vudl:325604#?xywh=-111%2C219%2C1488%2C814&cv=130,,,,﻿Marion County,﻿Loretto,,﻿KY,,﻿#REF!,﻿#REF!,,,,,,,,,,,,,,1843,﻿,﻿,﻿hi,Louisville
﻿lou.ky.9034_02,﻿church,﻿[Chapel of?] Loretto Convent and Academy [of St. Mary's?],English,﻿p131: https://digital.library.villanova.edu/Item/vudl:325604#?xywh=-111%2C219%2C1488%2C814&cv=130,,,,﻿Marion County,﻿Loretto,,﻿KY,,﻿#REF!,﻿#REF!,,,,,,,,,,,,,,1843,﻿,﻿,﻿hi,Louisville
﻿lou.ky.9034_02,﻿church,﻿[Chapel of?] Loretto Convent and Academy [of St. Mary's?],English,﻿p131: https://digital.library.villanova.edu/Item/vudl:325604#?xywh=-111%2C219%2C1488%2C814&cv=130,,,,﻿Marion County,﻿Loretto,,﻿KY,,﻿#REF!,﻿#REF!,,,,,,,,,,,,,,1843,﻿,﻿,﻿hi,Louisville
﻿lou.ky.9034_02,﻿church,﻿[Chapel of?] Loretto Convent and Academy [of St. Mary's?],English,﻿p131: https://digital.library.villanova.edu/Item/vudl:325604#?xywh=-111%2C219%2C1488%2C814&cv=130,,,,﻿Marion County,﻿Loretto,,﻿KY,,﻿#REF!,﻿#REF!,,,,,,,,,,,,,,1843,﻿,﻿,﻿hi,Louisville
﻿lou.ky.9034_02,﻿church,﻿[Chapel of?] Loretto Convent and Academy [of St. Mary's?],English,﻿p131: https://digital.library.villanova.edu/Item/vudl:325604#?xywh=-111%2C219%2C1488%2C814&cv=130,,,,﻿Marion County,﻿Loretto,,﻿KY,,﻿#REF!,﻿#REF!,,,,,,,,,,,,,,1843,﻿,﻿,﻿hi,Louisville
﻿lou.ky.9034_02,﻿church,﻿[Chapel of?] Loretto Convent and Academy [of St. Mary's?],English,﻿p131: https://digital.library.villanova.edu/Item/vudl:325604#?xywh=-111%2C219%2C1488%2C814&cv=130,,,,﻿Marion County,﻿Loretto,,﻿KY,,﻿#REF!,﻿#REF!,,,,,,,,,,,,,,1843,﻿,﻿,﻿hi,Louisville
﻿lou.ky.9034_02,﻿church,﻿[Chapel of?] Loretto Convent and Academy [of St. Mary's?],English,﻿p131: https://digital.library.villanova.edu/Item/vudl:325604#?xywh=-111%2C219%2C1488%2C814&cv=130,,,,﻿Marion County,﻿Loretto,,﻿KY,,﻿#REF!,﻿#REF!,,,,,,,,,,,,,,1843,﻿,﻿,﻿hi,Louisville
﻿lou.ky.9034_02,﻿church,﻿[Chapel of?] Loretto Convent and Academy [of St. Mary's?],English,﻿p131: https://digital.library.villanova.edu/Item/vudl:325604#?xywh=-111%2C219%2C1488%2C814&cv=130,,,,﻿Marion County,﻿Loretto,,﻿KY,,﻿#REF!,﻿#REF!,,,,,,,,,,,,,,1843,﻿,﻿,﻿hi,Louisville
﻿lou.ky.9034_02,﻿church,﻿[Chapel of?] Loretto Convent and Academy [of St. Mary's?],English,﻿p131: https://digital.library.villanova.edu/Item/vudl:325604#?xywh=-111%2C219%2C1488%2C814&cv=130,,,,﻿Marion County,﻿Loretto,,﻿KY,,﻿#REF!,﻿#REF!,,,,,,,,,,,,,,1843,﻿,﻿,﻿hi,Louisville
﻿lou.ky.9034_02,﻿church,﻿[Chapel of?] Loretto Convent and Academy [of St. Mary's?],English,﻿p131: https://digital.library.villanova.edu/Item/vudl:325604#?xywh=-111%2C219%2C1488%2C814&cv=130,,,,﻿Marion County,﻿Loretto,,﻿KY,,﻿#REF!,﻿#REF!,,,,,,,,,,,,,,1843,﻿,﻿,﻿hi,Louisville
﻿lou.ky.9034_02,﻿church,﻿[Chapel of?] Loretto Convent and Academy [of St. Mary's?],English,﻿p131: https://digital.library.villanova.edu/Item/vudl:325604#?xywh=-111%2C219%2C1488%2C814&cv=130,,,,﻿Marion County,﻿Loretto,,﻿KY,,﻿#REF!,﻿#REF!,,,,,,,,,,,,,,1843,﻿,﻿,﻿hi,Louisville
﻿lou.ky.9034_02,﻿church,﻿[Chapel of?] Loretto Convent and Academy [of St. Mary's?],English,﻿p131: https://digital.library.villanova.edu/Item/vudl:325604#?xywh=-111%2C219%2C1488%2C814&cv=130,,,,﻿Marion County,﻿Loretto,,﻿KY,,﻿#REF!,﻿#REF!,,,,,,,,,,,,,,1843,﻿,﻿,﻿hi,Louisville
﻿lou.ky.9034_02,﻿church,﻿[Chapel of?] Loretto Convent and Academy [of St. Mary's?],English,﻿p131: https://digital.library.villanova.edu/Item/vudl:325604#?xywh=-111%2C219%2C1488%2C814&cv=130,,,,﻿Marion County,﻿Loretto,,﻿KY,,﻿#REF!,﻿#REF!,,,,,,,,,,,,,,1843,﻿,﻿,﻿hi,Louisville
﻿lou.ky.9034_02,﻿church,﻿[Chapel of?] Loretto Convent and Academy [of St. Mary's?],English,﻿p131: https://digital.library.villanova.edu/Item/vudl:325604#?xywh=-111%2C219%2C1488%2C814&cv=130,,,,﻿Marion County,﻿Loretto,,﻿KY,,﻿#REF!,﻿#REF!,,,,,,,,,,,,,,1843,﻿,﻿,﻿hi,Louisville
﻿lou.ky.9034_02,﻿church,﻿[Chapel of?] Loretto Convent and Academy [of St. Mary's?],English,﻿p131: https://digital.library.villanova.edu/Item/vudl:325604#?xywh=-111%2C219%2C1488%2C814&cv=130,,,,﻿Marion County,﻿Loretto,,﻿KY,,﻿#REF!,﻿#REF!,,,,,,,,,,,,,,1843,﻿,﻿,﻿hi,Louisville
﻿lou.ky.9034_02,﻿church,﻿[Chapel of?] Loretto Convent and Academy [of St. Mary's?],English,﻿p131: https://digital.library.villanova.edu/Item/vudl:325604#?xywh=-111%2C219%2C1488%2C814&cv=130,,,,﻿Marion County,﻿Loretto,,﻿KY,,﻿#REF!,﻿#REF!,,,,,,,,,,,,,,1843,﻿,﻿,﻿hi,Louisville
﻿lou.ky.9034_02,﻿church,﻿[Chapel of?] Loretto Convent and Academy [of St. Mary's?],English,﻿p131: https://digital.library.villanova.edu/Item/vudl:325604#?xywh=-111%2C219%2C1488%2C814&cv=130,,,,﻿Marion County,﻿Loretto,,﻿KY,,﻿#REF!,﻿#REF!,,,,,,,,,,,,,,1843,﻿,﻿,﻿hi,Louisville
﻿lou.ky.9034_02,﻿church,﻿[Chapel of?] Loretto Convent and Academy [of St. Mary's?],English,﻿p131: https://digital.library.villanova.edu/Item/vudl:325604#?xywh=-111%2C219%2C1488%2C814&cv=130,,,,﻿Marion County,﻿Loretto,,﻿KY,,﻿#REF!,﻿#REF!,,,,,,,,,,,,,,1843,﻿,﻿,﻿hi,Louisville
﻿lou.ky.9034_02,﻿church,﻿[Chapel of?] Loretto Convent and Academy [of St. Mary's?],English,﻿p131: https://digital.library.villanova.edu/Item/vudl:325604#?xywh=-111%2C219%2C1488%2C814&cv=130,,,,﻿Marion County,﻿Loretto,,﻿KY,,﻿#REF!,﻿#REF!,,,,,,,,,,,,,,1843,﻿,﻿,﻿hi,Louisville
﻿lou.ky.9034_02,﻿church,﻿[Chapel of?] Loretto Convent and Academy [of St. Mary's?],English,﻿p131: https://digital.library.villanova.edu/Item/vudl:325604#?xywh=-111%2C219%2C1488%2C814&cv=130,,,,﻿Marion County,﻿Loretto,,﻿KY,,﻿#REF!,﻿#REF!,,,,,,,,,,,,,,1843,﻿,﻿,﻿hi,Louisville
﻿lou.ky.9034_02,﻿church,﻿[Chapel of?] Loretto Convent and Academy [of St. Mary's?],English,﻿p131: https://digital.library.villanova.edu/Item/vudl:325604#?xywh=-111%2C219%2C1488%2C814&cv=130,,,,﻿Marion County,﻿Loretto,,﻿KY,,﻿#REF!,﻿#REF!,,,,,,,,,,,,,,1843,﻿,﻿,﻿hi,Louisville
﻿lou.ky.9034_02,﻿church,﻿[Chapel of?] Loretto Convent and Academy [of St. Mary's?],English,﻿p131: https://digital.library.villanova.edu/Item/vudl:325604#?xywh=-111%2C219%2C1488%2C814&cv=130,,,,﻿Marion County,﻿Loretto,,﻿KY,,﻿#REF!,﻿#REF!,,,,,,,,,,,,,,1843,﻿,﻿,﻿hi,Louisville
﻿lou.ky.9034_02,﻿church,﻿[Chapel of?] Loretto Convent and Academy [of St. Mary's?],English,﻿p131: https://digital.library.villanova.edu/Item/vudl:325604#?xywh=-111%2C219%2C1488%2C814&cv=130,,,,﻿Marion County,﻿Loretto,,﻿KY,,﻿#REF!,﻿#REF!,,,,,,,,,,,,,,1843,﻿,﻿,﻿hi,Louisville
﻿lou.ky.9034_02,﻿church,﻿[Chapel of?] Loretto Convent and Academy [of St. Mary's?],English,﻿p131: https://digital.library.villanova.edu/Item/vudl:325604#?xywh=-111%2C219%2C1488%2C814&cv=130,,,,﻿Marion County,﻿Loretto,,﻿KY,,﻿#REF!,﻿#REF!,,,,,,,,,,,,,,1843,﻿,﻿,﻿hi,Louisville
﻿lou.ky.9034_02,﻿church,﻿[Chapel of?] Loretto Convent and Academy [of St. Mary's?],English,﻿p131: https://digital.library.villanova.edu/Item/vudl:325604#?xywh=-111%2C219%2C1488%2C814&cv=130,,,,﻿Marion County,﻿Loretto,,﻿KY,,﻿#REF!,﻿#REF!,,,,,,,,,,,,,,1843,﻿,﻿,﻿hi,Louisville
﻿lou.ky.9034_02,﻿church,﻿[Chapel of?] Loretto Convent and Academy [of St. Mary's?],English,﻿p131: https://digital.library.villanova.edu/Item/vudl:325604#?xywh=-111%2C219%2C1488%2C814&cv=130,,,,﻿Marion County,﻿Loretto,,﻿KY,,﻿#REF!,﻿#REF!,,,,,,,,,,,,,,1843,﻿,﻿,﻿hi,Louisville
﻿lou.ky.9034_02,﻿church,﻿[Chapel of?] Loretto Convent and Academy [of St. Mary's?],English,﻿p131: https://digital.library.villanova.edu/Item/vudl:325604#?xywh=-111%2C219%2C1488%2C814&cv=130,,,,﻿Marion County,﻿Loretto,,﻿KY,,﻿#REF!,﻿#REF!,,,,,,,,,,,,,,1843,﻿,﻿,﻿hi,Louisville
﻿lou.ky.9034_02,﻿church,﻿[Chapel of?] Loretto Convent and Academy [of St. Mary's?],English,﻿p131: https://digital.library.villanova.edu/Item/vudl:325604#?xywh=-111%2C219%2C1488%2C814&cv=130,,,,﻿Marion County,﻿Loretto,,﻿KY,,﻿#REF!,﻿#REF!,,,,,,,,,,,,,,1843,﻿,﻿,﻿hi,Louisville
﻿lou.ky.9034_02,﻿church,﻿[Chapel of?] Loretto Convent and Academy [of St. Mary's?],English,﻿p131: https://digital.library.villanova.edu/Item/vudl:325604#?xywh=-111%2C219%2C1488%2C814&cv=130,,,,﻿Marion County,﻿Loretto,,﻿KY,,﻿#REF!,﻿#REF!,,,,,,,,,,,,,,1843,﻿,﻿,﻿hi,Louisville
﻿lou.ky.9034_02,﻿church,﻿[Chapel of?] Loretto Convent and Academy [of St. Mary's?],English,﻿p131: https://digital.library.villanova.edu/Item/vudl:325604#?xywh=-111%2C219%2C1488%2C814&cv=130,,,,﻿Marion County,﻿Loretto,,﻿KY,,﻿#REF!,﻿#REF!,,,,,,,,,,,,,,1843,﻿,﻿,﻿hi,Louisville
﻿lou.ky.9034_02,﻿church,﻿[Chapel of?] Loretto Convent and Academy [of St. Mary's?],English,﻿p131: https://digital.library.villanova.edu/Item/vudl:325604#?xywh=-111%2C219%2C1488%2C814&cv=130,,,,﻿Marion County,﻿Loretto,,﻿KY,,﻿#REF!,﻿#REF!,,,,,,,,,,,,,,1843,﻿,﻿,﻿hi,Louisville
﻿lou.ky.9034_02,﻿church,﻿[Chapel of?] Loretto Convent and Academy [of St. Mary's?],English,﻿p131: https://digital.library.villanova.edu/Item/vudl:325604#?xywh=-111%2C219%2C1488%2C814&cv=130,,,,﻿Marion County,﻿Loretto,,﻿KY,,﻿#REF!,﻿#REF!,,,,,,,,,,,,,,1843,﻿,﻿,﻿hi,Louisville
﻿lou.ky.9034_02,﻿church,﻿[Chapel of?] Loretto Convent and Academy [of St. Mary's?],English,﻿p131: https://digital.library.villanova.edu/Item/vudl:325604#?xywh=-111%2C219%2C1488%2C814&cv=130,,,,﻿Marion County,﻿Loretto,,﻿KY,,﻿#REF!,﻿#REF!,,,,,,,,,,,,,,1843,﻿,﻿,﻿hi,Louisville
﻿lou.ky.9034_02,﻿church,﻿[Chapel of?] Loretto Convent and Academy [of St. Mary's?],English,﻿p131: https://digital.library.villanova.edu/Item/vudl:325604#?xywh=-111%2C219%2C1488%2C814&cv=130,,,,﻿Marion County,﻿Loretto,,﻿KY,,﻿#REF!,﻿#REF!,,,,,,,,,,,,,,1843,﻿,﻿,﻿hi,Louisville
﻿lou.ky.9034_02,﻿church,﻿[Chapel of?] Loretto Convent and Academy [of St. Mary's?],English,﻿p131: https://digital.library.villanova.edu/Item/vudl:325604#?xywh=-111%2C219%2C1488%2C814&cv=130,,,,﻿Marion County,﻿Loretto,,﻿KY,,﻿#REF!,﻿#REF!,,,,,,,,,,,,,,1843,﻿,﻿,﻿hi,Louisville
﻿lou.ky.9034_02,﻿church,﻿[Chapel of?] Loretto Convent and Academy [of St. Mary's?],English,﻿p131: https://digital.library.villanova.edu/Item/vudl:325604#?xywh=-111%2C219%2C1488%2C814&cv=130,,,,﻿Marion County,﻿Loretto,,﻿KY,,﻿#REF!,﻿#REF!,,,,,,,,,,,,,,1843,﻿,﻿,﻿hi,Louisville
﻿lou.ky.9034_02,﻿church,﻿[Chapel of?] Loretto Convent and Academy [of St. Mary's?],English,﻿p131: https://digital.library.villanova.edu/Item/vudl:325604#?xywh=-111%2C219%2C1488%2C814&cv=130,,,,﻿Marion County,﻿Loretto,,﻿KY,,﻿#REF!,﻿#REF!,,,,,,,,,,,,,,1843,﻿,﻿,﻿hi,Louisville
﻿lou.ky.9034_02,﻿church,﻿[Chapel of?] Loretto Convent and Academy [of St. Mary's?],English,﻿p131: https://digital.library.villanova.edu/Item/vudl:325604#?xywh=-111%2C219%2C1488%2C814&cv=130,,,,﻿Marion County,﻿Loretto,,﻿KY,,﻿#REF!,﻿#REF!,,,,,,,,,,,,,,1843,﻿,﻿,﻿hi,Louisville
﻿lou.ky.9034_02,﻿church,﻿[Chapel of?] Loretto Convent and Academy [of St. Mary's?],English,﻿p131: https://digital.library.villanova.edu/Item/vudl:325604#?xywh=-111%2C219%2C1488%2C814&cv=130,,,,﻿Marion County,﻿Loretto,,﻿KY,,﻿#REF!,﻿#REF!,,,,,,,,,,,,,,1843,﻿,﻿,﻿hi,Louisville
﻿lou.ky.9034_02,﻿church,﻿[Chapel of?] Loretto Convent and Academy [of St. Mary's?],English,﻿p131: https://digital.library.villanova.edu/Item/vudl:325604#?xywh=-111%2C219%2C1488%2C814&cv=130,,,,﻿Marion County,﻿Loretto,,﻿KY,,﻿#REF!,﻿#REF!,,,,,,,,,,,,,,1843,﻿,﻿,﻿hi,Louisville
﻿lou.ky.9034_02,﻿church,﻿[Chapel of?] Loretto Convent and Academy [of St. Mary's?],English,﻿p131: https://digital.library.villanova.edu/Item/vudl:325604#?xywh=-111%2C219%2C1488%2C814&cv=130,,,,﻿Marion County,﻿Loretto,,﻿KY,,﻿#REF!,﻿#REF!,,,,,,,,,,,,,,1843,﻿,﻿,﻿hi,Louisville
﻿lou.ky.9034_02,﻿church,﻿[Chapel of?] Loretto Convent and Academy [of St. Mary's?],English,﻿p131: https://digital.library.villanova.edu/Item/vudl:325604#?xywh=-111%2C219%2C1488%2C814&cv=130,,,,﻿Marion County,﻿Loretto,,﻿KY,,﻿#REF!,﻿#REF!,,,,,,,,,,,,,,1843,﻿,﻿,﻿hi,Louisville
﻿lou.ky.9034_02,﻿church,﻿[Chapel of?] Loretto Convent and Academy [of St. Mary's?],English,﻿p131: https://digital.library.villanova.edu/Item/vudl:325604#?xywh=-111%2C219%2C1488%2C814&cv=130,,,,﻿Marion County,﻿Loretto,,﻿KY,,﻿#REF!,﻿#REF!,,,,,,,,,,,,,,1843,﻿,﻿,﻿hi,Louisville
﻿lou.ky.9034_02,﻿church,﻿[Chapel of?] Loretto Convent and Academy [of St. Mary's?],English,﻿p131: https://digital.library.villanova.edu/Item/vudl:325604#?xywh=-111%2C219%2C1488%2C814&cv=130,,,,﻿Marion County,﻿Loretto,,﻿KY,,﻿#REF!,﻿#REF!,,,,,,,,,,,,,,1843,﻿,﻿,﻿hi,Louisville
﻿lou.ky.9034_02,﻿church,﻿[Chapel of?] Loretto Convent and Academy [of St. Mary's?],English,﻿p131: https://digital.library.villanova.edu/Item/vudl:325604#?xywh=-111%2C219%2C1488%2C814&cv=130,,,,﻿Marion County,﻿Loretto,,﻿KY,,﻿#REF!,﻿#REF!,,,,,,,,,,,,,,1843,﻿,﻿,﻿hi,Louisville
﻿lou.ky.9034_02,﻿church,﻿[Chapel of?] Loretto Convent and Academy [of St. Mary's?],English,﻿p131: https://digital.library.villanova.edu/Item/vudl:325604#?xywh=-111%2C219%2C1488%2C814&cv=130,,,,﻿Marion County,﻿Loretto,,﻿KY,,﻿#REF!,﻿#REF!,,,,,,,,,,,,,,1843,﻿,﻿,﻿hi,Louisville
﻿lou.ky.9034_02,﻿church,﻿[Chapel of?] Loretto Convent and Academy [of St. Mary's?],English,﻿p131: https://digital.library.villanova.edu/Item/vudl:325604#?xywh=-111%2C219%2C1488%2C814&cv=130,,,,﻿Marion County,﻿Loretto,,﻿KY,,﻿#REF!,﻿#REF!,,,,,,,,,,,,,,1843,﻿,﻿,﻿hi,Louisville
﻿lou.ky.9034_02,﻿church,﻿[Chapel of?] Loretto Convent and Academy [of St. Mary's?],English,﻿p131: https://digital.library.villanova.edu/Item/vudl:325604#?xywh=-111%2C219%2C1488%2C814&cv=130,,,,﻿Marion County,﻿Loretto,,﻿KY,,﻿#REF!,﻿#REF!,,,,,,,,,,,,,,1843,﻿,﻿,﻿hi,Louisville
﻿lou.ky.9034_02,﻿church,﻿[Chapel of?] Loretto Convent and Academy [of St. Mary's?],English,﻿p131: https://digital.library.villanova.edu/Item/vudl:325604#?xywh=-111%2C219%2C1488%2C814&cv=130,,,,﻿Marion County,﻿Loretto,,﻿KY,,﻿#REF!,﻿#REF!,,,,,,,,,,,,,,1843,﻿,﻿,﻿hi,Louisville
﻿lou.ky.9034_02,﻿church,﻿[Chapel of?] Loretto Convent and Academy [of St. Mary's?],English,﻿p131: https://digital.library.villanova.edu/Item/vudl:325604#?xywh=-111%2C219%2C1488%2C814&cv=130,,,,﻿Marion County,﻿Loretto,,﻿KY,,﻿#REF!,﻿#REF!,,,,,,,,,,,,,,1843,﻿,﻿,﻿hi,Louisville
﻿lou.ky.9034_02,﻿church,﻿[Chapel of?] Loretto Convent and Academy [of St. Mary's?],English,﻿p131: https://digital.library.villanova.edu/Item/vudl:325604#?xywh=-111%2C219%2C1488%2C814&cv=130,,,,﻿Marion County,﻿Loretto,,﻿KY,,﻿#REF!,﻿#REF!,,,,,,,,,,,,,,1843,﻿,﻿,﻿hi,Louisville
﻿lou.ky.9034_02,﻿church,﻿[Chapel of?] Loretto Convent and Academy [of St. Mary's?],English,﻿p131: https://digital.library.villanova.edu/Item/vudl:325604#?xywh=-111%2C219%2C1488%2C814&cv=130,,,,﻿Marion County,﻿Loretto,,﻿KY,,﻿#REF!,﻿#REF!,,,,,,,,,,,,,,1843,﻿,﻿,﻿hi,Louisville
﻿lou.ky.9034_02,﻿church,﻿[Chapel of?] Loretto Convent and Academy [of St. Mary's?],English,﻿p131: https://digital.library.villanova.edu/Item/vudl:325604#?xywh=-111%2C219%2C1488%2C814&cv=130,,,,﻿Marion County,﻿Loretto,,﻿KY,,﻿#REF!,﻿#REF!,,,,,,,,,,,,,,1843,﻿,﻿,﻿hi,Louisville
﻿lou.ky.9034_02,﻿church,﻿[Chapel of?] Loretto Convent and Academy [of St. Mary's?],English,﻿p131: https://digital.library.villanova.edu/Item/vudl:325604#?xywh=-111%2C219%2C1488%2C814&cv=130,,,,﻿Marion County,﻿Loretto,,﻿KY,,﻿#REF!,﻿#REF!,,,,,,,,,,,,,,1843,﻿,﻿,﻿hi,Louisville
﻿lou.ky.9034_02,﻿church,﻿[Chapel of?] Loretto Convent and Academy [of St. Mary's?],English,﻿p131: https://digital.library.villanova.edu/Item/vudl:325604#?xywh=-111%2C219%2C1488%2C814&cv=130,,,,﻿Marion County,﻿Loretto,,﻿KY,,﻿#REF!,﻿#REF!,,,,,,,,,,,,,,1843,﻿,﻿,﻿hi,Louisville
﻿lou.ky.9034_02,﻿church,﻿[Chapel of?] Loretto Convent and Academy [of St. Mary's?],English,﻿p131: https://digital.library.villanova.edu/Item/vudl:325604#?xywh=-111%2C219%2C1488%2C814&cv=130,,,,﻿Marion County,﻿Loretto,,﻿KY,,﻿#REF!,﻿#REF!,,,,,,,,,,,,,,1843,﻿,﻿,﻿hi,Louisville
﻿lou.ky.9034_02,﻿church,﻿[Chapel of?] Loretto Convent and Academy [of St. Mary's?],English,﻿p131: https://digital.library.villanova.edu/Item/vudl:325604#?xywh=-111%2C219%2C1488%2C814&cv=130,,,,﻿Marion County,﻿Loretto,,﻿KY,,﻿#REF!,﻿#REF!,,,,,,,,,,,,,,1843,﻿,﻿,﻿hi,Louisville
﻿lou.ky.9034_02,﻿church,﻿[Chapel of?] Loretto Convent and Academy [of St. Mary's?],English,﻿p131: https://digital.library.villanova.edu/Item/vudl:325604#?xywh=-111%2C219%2C1488%2C814&cv=130,,,,﻿Marion County,﻿Loretto,,﻿KY,,﻿#REF!,﻿#REF!,,,,,,,,,,,,,,1843,﻿,﻿,﻿hi,Louisville
﻿lou.ky.9034_02,﻿church,﻿[Chapel of?] Loretto Convent and Academy [of St. Mary's?],English,﻿p131: https://digital.library.villanova.edu/Item/vudl:325604#?xywh=-111%2C219%2C1488%2C814&cv=130,,,,﻿Marion County,﻿Loretto,,﻿KY,,﻿#REF!,﻿#REF!,,,,,,,,,,,,,,1843,﻿,﻿,﻿hi,Louisville
﻿lou.ky.9034_02,﻿church,﻿[Chapel of?] Loretto Convent and Academy [of St. Mary's?],English,﻿p131: https://digital.library.villanova.edu/Item/vudl:325604#?xywh=-111%2C219%2C1488%2C814&cv=130,,,,﻿Marion County,﻿Loretto,,﻿KY,,﻿#REF!,﻿#REF!,,,,,,,,,,,,,,1843,﻿,﻿,﻿hi,Louisville
﻿lou.ky.9034_02,﻿church,﻿[Chapel of?] Loretto Convent and Academy [of St. Mary's?],English,﻿p131: https://digital.library.villanova.edu/Item/vudl:325604#?xywh=-111%2C219%2C1488%2C814&cv=130,,,,﻿Marion County,﻿Loretto,,﻿KY,,﻿#REF!,﻿#REF!,,,,,,,,,,,,,,1843,﻿,﻿,﻿hi,Louisville
﻿lou.ky.9034_02,﻿church,﻿[Chapel of?] Loretto Convent and Academy [of St. Mary's?],English,﻿p131: https://digital.library.villanova.edu/Item/vudl:325604#?xywh=-111%2C219%2C1488%2C814&cv=130,,,,﻿Marion County,﻿Loretto,,﻿KY,,﻿#REF!,﻿#REF!,,,,,,,,,,,,,,1843,﻿,﻿,﻿hi,Louisville
﻿lou.ky.9034_02,﻿church,﻿[Chapel of?] Loretto Convent and Academy [of St. Mary's?],English,﻿p131: https://digital.library.villanova.edu/Item/vudl:325604#?xywh=-111%2C219%2C1488%2C814&cv=130,,,,﻿Marion County,﻿Loretto,,﻿KY,,﻿#REF!,﻿#REF!,,,,,,,,,,,,,,1843,﻿,﻿,﻿hi,Louisville
﻿lou.ky.9034_02,﻿church,﻿[Chapel of?] Loretto Convent and Academy [of St. Mary's?],English,﻿p131: https://digital.library.villanova.edu/Item/vudl:325604#?xywh=-111%2C219%2C1488%2C814&cv=130,,,,﻿Marion County,﻿Loretto,,﻿KY,,﻿#REF!,﻿#REF!,,,,,,,,,,,,,,1843,﻿,﻿,﻿hi,Louisville
﻿lou.ky.9034_02,﻿church,﻿[Chapel of?] Loretto Convent and Academy [of St. Mary's?],English,﻿p131: https://digital.library.villanova.edu/Item/vudl:325604#?xywh=-111%2C219%2C1488%2C814&cv=130,,,,﻿Marion County,﻿Loretto,,﻿KY,,﻿#REF!,﻿#REF!,,,,,,,,,,,,,,1843,﻿,﻿,﻿hi,Louisville
﻿lou.ky.9034_02,﻿church,﻿[Chapel of?] Loretto Convent and Academy [of St. Mary's?],English,﻿p131: https://digital.library.villanova.edu/Item/vudl:325604#?xywh=-111%2C219%2C1488%2C814&cv=130,,,,﻿Marion County,﻿Loretto,,﻿KY,,﻿#REF!,﻿#REF!,,,,,,,,,,,,,,1843,﻿,﻿,﻿hi,Louisville
﻿lou.ky.9034_02,﻿church,﻿[Chapel of?] Loretto Convent and Academy [of St. Mary's?],English,﻿p131: https://digital.library.villanova.edu/Item/vudl:325604#?xywh=-111%2C219%2C1488%2C814&cv=130,,,,﻿Marion County,﻿Loretto,,﻿KY,,﻿#REF!,﻿#REF!,,,,,,,,,,,,,,1843,﻿,﻿,﻿hi,Louisville
﻿lou.ky.9034_02,﻿church,﻿[Chapel of?] Loretto Convent and Academy [of St. Mary's?],English,﻿p131: https://digital.library.villanova.edu/Item/vudl:325604#?xywh=-111%2C219%2C1488%2C814&cv=130,,,,﻿Marion County,﻿Loretto,,﻿KY,,﻿#REF!,﻿#REF!,,,,,,,,,,,,,,1843,﻿,﻿,﻿hi,Louisville
﻿lou.ky.9034_02,﻿church,﻿[Chapel of?] Loretto Convent and Academy [of St. Mary's?],English,﻿p131: https://digital.library.villanova.edu/Item/vudl:325604#?xywh=-111%2C219%2C1488%2C814&cv=130,,,,﻿Marion County,﻿Loretto,,﻿KY,,﻿#REF!,﻿#REF!,,,,,,,,,,,,,,1843,﻿,﻿,﻿hi,Louisville
﻿lou.ky.9034_02,﻿church,﻿[Chapel of?] Loretto Convent and Academy [of St. Mary's?],English,﻿p131: https://digital.library.villanova.edu/Item/vudl:325604#?xywh=-111%2C219%2C1488%2C814&cv=130,,,,﻿Marion County,﻿Loretto,,﻿KY,,﻿#REF!,﻿#REF!,,,,,,,,,,,,,,1843,﻿,﻿,﻿hi,Louisville
﻿lou.ky.9034_02,﻿church,﻿[Chapel of?] Loretto Convent and Academy [of St. Mary's?],English,﻿p131: https://digital.library.villanova.edu/Item/vudl:325604#?xywh=-111%2C219%2C1488%2C814&cv=130,,,,﻿Marion County,﻿Loretto,,﻿KY,,﻿#REF!,﻿#REF!,,,,,,,,,,,,,,1843,﻿,﻿,﻿hi,Louisville
﻿lou.ky.9034_02,﻿church,﻿[Chapel of?] Loretto Convent and Academy [of St. Mary's?],English,﻿p131: https://digital.library.villanova.edu/Item/vudl:325604#?xywh=-111%2C219%2C1488%2C814&cv=130,,,,﻿Marion County,﻿Loretto,,﻿KY,,﻿#REF!,﻿#REF!,,,,,,,,,,,,,,1843,﻿,﻿,﻿hi,Louisville
﻿lou.ky.9034_02,﻿church,﻿[Chapel of?] Loretto Convent and Academy [of St. Mary's?],English,﻿p131: https://digital.library.villanova.edu/Item/vudl:325604#?xywh=-111%2C219%2C1488%2C814&cv=130,,,,﻿Marion County,﻿Loretto,,﻿KY,,﻿#REF!,﻿#REF!,,,,,,,,,,,,,,1843,﻿,﻿,﻿hi,Louisville
﻿lou.ky.9034_02,﻿church,﻿[Chapel of?] Loretto Convent and Academy [of St. Mary's?],English,﻿p131: https://digital.library.villanova.edu/Item/vudl:325604#?xywh=-111%2C219%2C1488%2C814&cv=130,,,,﻿Marion County,﻿Loretto,,﻿KY,,﻿#REF!,﻿#REF!,,,,,,,,,,,,,,1843,﻿,﻿,﻿hi,Louisville
﻿lou.ky.9034_02,﻿church,﻿[Chapel of?] Loretto Convent and Academy [of St. Mary's?],English,﻿p131: https://digital.library.villanova.edu/Item/vudl:325604#?xywh=-111%2C219%2C1488%2C814&cv=130,,,,﻿Marion County,﻿Loretto,,﻿KY,,﻿#REF!,﻿#REF!,,,,,,,,,,,,,,1843,﻿,﻿,﻿hi,Louisville
﻿lou.ky.9034_02,﻿church,﻿[Chapel of?] Loretto Convent and Academy [of St. Mary's?],English,﻿p131: https://digital.library.villanova.edu/Item/vudl:325604#?xywh=-111%2C219%2C1488%2C814&cv=130,,,,﻿Marion County,﻿Loretto,,﻿KY,,﻿#REF!,﻿#REF!,,,,,,,,,,,,,,1843,﻿,﻿,﻿hi,Louisville
﻿lou.ky.9034_02,﻿church,﻿[Chapel of?] Loretto Convent and Academy [of St. Mary's?],English,﻿p131: https://digital.library.villanova.edu/Item/vudl:325604#?xywh=-111%2C219%2C1488%2C814&cv=130,,,,﻿Marion County,﻿Loretto,,﻿KY,,﻿#REF!,﻿#REF!,,,,,,,,,,,,,,1843,﻿,﻿,﻿hi,Louisville
﻿lou.ky.9034_02,﻿church,﻿[Chapel of?] Loretto Convent and Academy [of St. Mary's?],English,﻿p131: https://digital.library.villanova.edu/Item/vudl:325604#?xywh=-111%2C219%2C1488%2C814&cv=130,,,,﻿Marion County,﻿Loretto,,﻿KY,,﻿#REF!,﻿#REF!,,,,,,,,,,,,,,1843,﻿,﻿,﻿hi,Louisville
﻿lou.ky.9034_02,﻿church,﻿[Chapel of?] Loretto Convent and Academy [of St. Mary's?],English,﻿p131: https://digital.library.villanova.edu/Item/vudl:325604#?xywh=-111%2C219%2C1488%2C814&cv=130,,,,﻿Marion County,﻿Loretto,,﻿KY,,﻿#REF!,﻿#REF!,,,,,,,,,,,,,,1843,﻿,﻿,﻿hi,Louisville
﻿lou.ky.9034_02,﻿church,﻿[Chapel of?] Loretto Convent and Academy [of St. Mary's?],English,﻿p131: https://digital.library.villanova.edu/Item/vudl:325604#?xywh=-111%2C219%2C1488%2C814&cv=130,,,,﻿Marion County,﻿Loretto,,﻿KY,,﻿#REF!,﻿#REF!,,,,,,,,,,,,,,1843,﻿,﻿,﻿hi,Louisville
﻿lou.ky.9034_02,﻿church,﻿[Chapel of?] Loretto Convent and Academy [of St. Mary's?],English,﻿p131: https://digital.library.villanova.edu/Item/vudl:325604#?xywh=-111%2C219%2C1488%2C814&cv=130,,,,﻿Marion County,﻿Loretto,,﻿KY,,﻿#REF!,﻿#REF!,,,,,,,,,,,,,,1843,﻿,﻿,﻿hi,Louisville
﻿lou.ky.9034_02,﻿church,﻿[Chapel of?] Loretto Convent and Academy [of St. Mary's?],English,﻿p131: https://digital.library.villanova.edu/Item/vudl:325604#?xywh=-111%2C219%2C1488%2C814&cv=130,,,,﻿Marion County,﻿Loretto,,﻿KY,,﻿#REF!,﻿#REF!,,,,,,,,,,,,,,1843,﻿,﻿,﻿hi,Louisville
﻿lou.ky.9034_02,﻿church,﻿[Chapel of?] Loretto Convent and Academy [of St. Mary's?],English,﻿p131: https://digital.library.villanova.edu/Item/vudl:325604#?xywh=-111%2C219%2C1488%2C814&cv=130,,,,﻿Marion County,﻿Loretto,,﻿KY,,﻿#REF!,﻿#REF!,,,,,,,,,,,,,,1843,﻿,﻿,﻿hi,Louisville
﻿lou.ky.9034_02,﻿church,﻿[Chapel of?] Loretto Convent and Academy [of St. Mary's?],English,﻿p131: https://digital.library.villanova.edu/Item/vudl:325604#?xywh=-111%2C219%2C1488%2C814&cv=130,,,,﻿Marion County,﻿Loretto,,﻿KY,,﻿#REF!,﻿#REF!,,,,,,,,,,,,,,1843,﻿,﻿,﻿hi,Louisville
﻿lou.ky.9034_02,﻿church,﻿[Chapel of?] Loretto Convent and Academy [of St. Mary's?],English,﻿p131: https://digital.library.villanova.edu/Item/vudl:325604#?xywh=-111%2C219%2C1488%2C814&cv=130,,,,﻿Marion County,﻿Loretto,,﻿KY,,﻿#REF!,﻿#REF!,,,,,,,,,,,,,,1843,﻿,﻿,﻿hi,Louisville
﻿lou.ky.9034_02,﻿church,﻿[Chapel of?] Loretto Convent and Academy [of St. Mary's?],English,﻿p131: https://digital.library.villanova.edu/Item/vudl:325604#?xywh=-111%2C219%2C1488%2C814&cv=130,,,,﻿Marion County,﻿Loretto,,﻿KY,,﻿#REF!,﻿#REF!,,,,,,,,,,,,,,1843,﻿,﻿,﻿hi,Louisville
﻿lou.ky.9034_02,﻿church,﻿[Chapel of?] Loretto Convent and Academy [of St. Mary's?],English,﻿p131: https://digital.library.villanova.edu/Item/vudl:325604#?xywh=-111%2C219%2C1488%2C814&cv=130,,,,﻿Marion County,﻿Loretto,,﻿KY,,﻿#REF!,﻿#REF!,,,,,,,,,,,,,,1843,﻿,﻿,﻿hi,Louisville
﻿lou.ky.9034_02,﻿church,﻿[Chapel of?] Loretto Convent and Academy [of St. Mary's?],English,﻿p131: https://digital.library.villanova.edu/Item/vudl:325604#?xywh=-111%2C219%2C1488%2C814&cv=130,,,,﻿Marion County,﻿Loretto,,﻿KY,,﻿#REF!,﻿#REF!,,,,,,,,,,,,,,1843,﻿,﻿,﻿hi,Louisville
﻿lou.ky.9034_02,﻿church,﻿[Chapel of?] Loretto Convent and Academy [of St. Mary's?],English,﻿p131: https://digital.library.villanova.edu/Item/vudl:325604#?xywh=-111%2C219%2C1488%2C814&cv=130,,,,﻿Marion County,﻿Loretto,,﻿KY,,﻿#REF!,﻿#REF!,,,,,,,,,,,,,,1843,﻿,﻿,﻿hi,Louisville
﻿lou.ky.9034_02,﻿church,﻿[Chapel of?] Loretto Convent and Academy [of St. Mary's?],English,﻿p131: https://digital.library.villanova.edu/Item/vudl:325604#?xywh=-111%2C219%2C1488%2C814&cv=130,,,,﻿Marion County,﻿Loretto,,﻿KY,,﻿#REF!,﻿#REF!,,,,,,,,,,,,,,1843,﻿,﻿,﻿hi,Louisville
﻿lou.ky.9034_02,﻿church,﻿[Chapel of?] Loretto Convent and Academy [of St. Mary's?],English,﻿p131: https://digital.library.villanova.edu/Item/vudl:325604#?xywh=-111%2C219%2C1488%2C814&cv=130,,,,﻿Marion County,﻿Loretto,,﻿KY,,﻿#REF!,﻿#REF!,,,,,,,,,,,,,,1843,﻿,﻿,﻿hi,Louisville
﻿lou.ky.9034_02,﻿church,﻿[Chapel of?] Loretto Convent and Academy [of St. Mary's?],English,﻿p131: https://digital.library.villanova.edu/Item/vudl:325604#?xywh=-111%2C219%2C1488%2C814&cv=130,,,,﻿Marion County,﻿Loretto,,﻿KY,,﻿#REF!,﻿#REF!,,,,,,,,,,,,,,1843,﻿,﻿,﻿hi,Louisville
﻿lou.ky.9034_02,﻿church,﻿[Chapel of?] Loretto Convent and Academy [of St. Mary's?],English,﻿p131: https://digital.library.villanova.edu/Item/vudl:325604#?xywh=-111%2C219%2C1488%2C814&cv=130,,,,﻿Marion County,﻿Loretto,,﻿KY,,﻿#REF!,﻿#REF!,,,,,,,,,,,,,,1843,﻿,﻿,﻿hi,Louisville
﻿lou.ky.9034_02,﻿church,﻿[Chapel of?] Loretto Convent and Academy [of St. Mary's?],English,﻿p131: https://digital.library.villanova.edu/Item/vudl:325604#?xywh=-111%2C219%2C1488%2C814&cv=130,,,,﻿Marion County,﻿Loretto,,﻿KY,,﻿#REF!,﻿#REF!,,,,,,,,,,,,,,1843,﻿,﻿,﻿hi,Louisville
﻿lou.ky.9034_02,﻿church,﻿[Chapel of?] Loretto Convent and Academy [of St. Mary's?],English,﻿p131: https://digital.library.villanova.edu/Item/vudl:325604#?xywh=-111%2C219%2C1488%2C814&cv=130,,,,﻿Marion County,﻿Loretto,,﻿KY,,﻿#REF!,﻿#REF!,,,,,,,,,,,,,,1843,﻿,﻿,﻿hi,Louisville
﻿lou.ky.9034_02,﻿church,﻿[Chapel of?] Loretto Convent and Academy [of St. Mary's?],English,﻿p131: https://digital.library.villanova.edu/Item/vudl:325604#?xywh=-111%2C219%2C1488%2C814&cv=130,,,,﻿Marion County,﻿Loretto,,﻿KY,,﻿#REF!,﻿#REF!,,,,,,,,,,,,,,1843,﻿,﻿,﻿hi,Louisville
﻿lou.ky.9034_02,﻿church,﻿[Chapel of?] Loretto Convent and Academy [of St. Mary's?],English,﻿p131: https://digital.library.villanova.edu/Item/vudl:325604#?xywh=-111%2C219%2C1488%2C814&cv=130,,,,﻿Marion County,﻿Loretto,,﻿KY,,﻿#REF!,﻿#REF!,,,,,,,,,,,,,,1843,﻿,﻿,﻿hi,Louisville
﻿lou.ky.9034_02,﻿church,﻿[Chapel of?] Loretto Convent and Academy [of St. Mary's?],English,﻿p131: https://digital.library.villanova.edu/Item/vudl:325604#?xywh=-111%2C219%2C1488%2C814&cv=130,,,,﻿Marion County,﻿Loretto,,﻿KY,,﻿#REF!,﻿#REF!,,,,,,,,,,,,,,1843,﻿,﻿,﻿hi,Louisville
﻿lou.ky.9034_02,﻿church,﻿[Chapel of?] Loretto Convent and Academy [of St. Mary's?],English,﻿p131: https://digital.library.villanova.edu/Item/vudl:325604#?xywh=-111%2C219%2C1488%2C814&cv=130,,,,﻿Marion County,﻿Loretto,,﻿KY,,﻿#REF!,﻿#REF!,,,,,,,,,,,,,,1843,﻿,﻿,﻿hi,Louisville
﻿lou.ky.9034_02,﻿church,﻿[Chapel of?] Loretto Convent and Academy [of St. Mary's?],English,﻿p131: https://digital.library.villanova.edu/Item/vudl:325604#?xywh=-111%2C219%2C1488%2C814&cv=130,,,,﻿Marion County,﻿Loretto,,﻿KY,,﻿#REF!,﻿#REF!,,,,,,,,,,,,,,1843,﻿,﻿,﻿hi,Louisville
﻿lou.ky.9034_02,﻿church,﻿[Chapel of?] Loretto Convent and Academy [of St. Mary's?],English,﻿p131: https://digital.library.villanova.edu/Item/vudl:325604#?xywh=-111%2C219%2C1488%2C814&cv=130,,,,﻿Marion County,﻿Loretto,,﻿KY,,﻿#REF!,﻿#REF!,,,,,,,,,,,,,,1843,﻿,﻿,﻿hi,Louisville
﻿lou.ky.9034_02,﻿church,﻿[Chapel of?] Loretto Convent and Academy [of St. Mary's?],English,﻿p131: https://digital.library.villanova.edu/Item/vudl:325604#?xywh=-111%2C219%2C1488%2C814&cv=130,,,,﻿Marion County,﻿Loretto,,﻿KY,,﻿#REF!,﻿#REF!,,,,,,,,,,,,,,1843,﻿,﻿,﻿hi,Louisville
﻿lou.ky.9034_02,﻿church,﻿[Chapel of?] Loretto Convent and Academy [of St. Mary's?],English,﻿p131: https://digital.library.villanova.edu/Item/vudl:325604#?xywh=-111%2C219%2C1488%2C814&cv=130,,,,﻿Marion County,﻿Loretto,,﻿KY,,﻿#REF!,﻿#REF!,,,,,,,,,,,,,,1843,﻿,﻿,﻿hi,Louisville
﻿lou.ky.9034_02,﻿church,﻿[Chapel of?] Loretto Convent and Academy [of St. Mary's?],English,﻿p131: https://digital.library.villanova.edu/Item/vudl:325604#?xywh=-111%2C219%2C1488%2C814&cv=130,,,,﻿Marion County,﻿Loretto,,﻿KY,,﻿#REF!,﻿#REF!,,,,,,,,,,,,,,1843,﻿,﻿,﻿hi,Louisville
﻿lou.ky.9034_02,﻿church,﻿[Chapel of?] Loretto Convent and Academy [of St. Mary's?],English,﻿p131: https://digital.library.villanova.edu/Item/vudl:325604#?xywh=-111%2C219%2C1488%2C814&cv=130,,,,﻿Marion County,﻿Loretto,,﻿KY,,﻿#REF!,﻿#REF!,,,,,,,,,,,,,,1843,﻿,﻿,﻿hi,Louisville
﻿lou.ky.9034_02,﻿church,﻿[Chapel of?] Loretto Convent and Academy [of St. Mary's?],English,﻿p131: https://digital.library.villanova.edu/Item/vudl:325604#?xywh=-111%2C219%2C1488%2C814&cv=130,,,,﻿Marion County,﻿Loretto,,﻿KY,,﻿#REF!,﻿#REF!,,,,,,,,,,,,,,1843,﻿,﻿,﻿hi,Louisville
﻿lou.ky.9034_02,﻿church,﻿[Chapel of?] Loretto Convent and Academy [of St. Mary's?],English,﻿p131: https://digital.library.villanova.edu/Item/vudl:325604#?xywh=-111%2C219%2C1488%2C814&cv=130,,,,﻿Marion County,﻿Loretto,,﻿KY,,﻿#REF!,﻿#REF!,,,,,,,,,,,,,,1843,﻿,﻿,﻿hi,Louisville
﻿lou.ky.9034_02,﻿church,﻿[Chapel of?] Loretto Convent and Academy [of St. Mary's?],English,﻿p131: https://digital.library.villanova.edu/Item/vudl:325604#?xywh=-111%2C219%2C1488%2C814&cv=130,,,,﻿Marion County,﻿Loretto,,﻿KY,,﻿#REF!,﻿#REF!,,,,,,,,,,,,,,1843,﻿,﻿,﻿hi,Louisville
﻿lou.ky.9034_02,﻿church,﻿[Chapel of?] Loretto Convent and Academy [of St. Mary's?],English,﻿p131: https://digital.library.villanova.edu/Item/vudl:325604#?xywh=-111%2C219%2C1488%2C814&cv=130,,,,﻿Marion County,﻿Loretto,,﻿KY,,﻿#REF!,﻿#REF!,,,,,,,,,,,,,,1843,﻿,﻿,﻿hi,Louisville
﻿lou.ky.9034_02,﻿church,﻿[Chapel of?] Loretto Convent and Academy [of St. Mary's?],English,﻿p131: https://digital.library.villanova.edu/Item/vudl:325604#?xywh=-111%2C219%2C1488%2C814&cv=130,,,,﻿Marion County,﻿Loretto,,﻿KY,,﻿#REF!,﻿#REF!,,,,,,,,,,,,,,1843,﻿,﻿,﻿hi,Louisville
﻿lou.ky.9034_02,﻿church,﻿[Chapel of?] Loretto Convent and Academy [of St. Mary's?],English,﻿p131: https://digital.library.villanova.edu/Item/vudl:325604#?xywh=-111%2C219%2C1488%2C814&cv=130,,,,﻿Marion County,﻿Loretto,,﻿KY,,﻿#REF!,﻿#REF!,,,,,,,,,,,,,,1843,﻿,﻿,﻿hi,Louisville
﻿lou.ky.9034_02,﻿church,﻿[Chapel of?] Loretto Convent and Academy [of St. Mary's?],English,﻿p131: https://digital.library.villanova.edu/Item/vudl:325604#?xywh=-111%2C219%2C1488%2C814&cv=130,,,,﻿Marion County,﻿Loretto,,﻿KY,,﻿#REF!,﻿#REF!,,,,,,,,,,,,,,1843,﻿,﻿,﻿hi,Louisville
﻿lou.ky.9034_02,﻿church,﻿[Chapel of?] Loretto Convent and Academy [of St. Mary's?],English,﻿p131: https://digital.library.villanova.edu/Item/vudl:325604#?xywh=-111%2C219%2C1488%2C814&cv=130,,,,﻿Marion County,﻿Loretto,,﻿KY,,﻿#REF!,﻿#REF!,,,,,,,,,,,,,,1843,﻿,﻿,﻿hi,Louisville
﻿lou.ky.9034_02,﻿church,﻿[Chapel of?] Loretto Convent and Academy [of St. Mary's?],English,﻿p131: https://digital.library.villanova.edu/Item/vudl:325604#?xywh=-111%2C219%2C1488%2C814&cv=130,,,,﻿Marion County,﻿Loretto,,﻿KY,,﻿#REF!,﻿#REF!,,,,,,,,,,,,,,1843,﻿,﻿,﻿hi,Louisville
﻿lou.ky.9034_02,﻿church,﻿[Chapel of?] Loretto Convent and Academy [of St. Mary's?],English,﻿p131: https://digital.library.villanova.edu/Item/vudl:325604#?xywh=-111%2C219%2C1488%2C814&cv=130,,,,﻿Marion County,﻿Loretto,,﻿KY,,﻿#REF!,﻿#REF!,,,,,,,,,,,,,,1843,﻿,﻿,﻿hi,Louisville
﻿lou.ky.9034_02,﻿church,﻿[Chapel of?] Loretto Convent and Academy [of St. Mary's?],English,﻿p131: https://digital.library.villanova.edu/Item/vudl:325604#?xywh=-111%2C219%2C1488%2C814&cv=130,,,,﻿Marion County,﻿Loretto,,﻿KY,,﻿#REF!,﻿#REF!,,,,,,,,,,,,,,1843,﻿,﻿,﻿hi,Louisville
﻿lou.ky.9034_02,﻿church,﻿[Chapel of?] Loretto Convent and Academy [of St. Mary's?],English,﻿p131: https://digital.library.villanova.edu/Item/vudl:325604#?xywh=-111%2C219%2C1488%2C814&cv=130,,,,﻿Marion County,﻿Loretto,,﻿KY,,﻿#REF!,﻿#REF!,,,,,,,,,,,,,,1843,﻿,﻿,﻿hi,Louisville
﻿lou.ky.9034_02,﻿church,﻿[Chapel of?] Loretto Convent and Academy [of St. Mary's?],English,﻿p131: https://digital.library.villanova.edu/Item/vudl:325604#?xywh=-111%2C219%2C1488%2C814&cv=130,,,,﻿Marion County,﻿Loretto,,﻿KY,,﻿#REF!,﻿#REF!,,,,,,,,,,,,,,1843,﻿,﻿,﻿hi,Louisville
﻿lou.ky.9034_02,﻿church,﻿[Chapel of?] Loretto Convent and Academy [of St. Mary's?],English,﻿p131: https://digital.library.villanova.edu/Item/vudl:325604#?xywh=-111%2C219%2C1488%2C814&cv=130,,,,﻿Marion County,﻿Loretto,,﻿KY,,﻿#REF!,﻿#REF!,,,,,,,,,,,,,,1843,﻿,﻿,﻿hi,Louisville
﻿lou.ky.9034_02,﻿church,﻿[Chapel of?] Loretto Convent and Academy [of St. Mary's?],English,﻿p131: https://digital.library.villanova.edu/Item/vudl:325604#?xywh=-111%2C219%2C1488%2C814&cv=130,,,,﻿Marion County,﻿Loretto,,﻿KY,,﻿#REF!,﻿#REF!,,,,,,,,,,,,,,1843,﻿,﻿,﻿hi,Louisville
﻿lou.ky.9034_02,﻿church,﻿[Chapel of?] Loretto Convent and Academy [of St. Mary's?],English,﻿p131: https://digital.library.villanova.edu/Item/vudl:325604#?xywh=-111%2C219%2C1488%2C814&cv=130,,,,﻿Marion County,﻿Loretto,,﻿KY,,﻿#REF!,﻿#REF!,,,,,,,,,,,,,,1843,﻿,﻿,﻿hi,Louisville
﻿lou.ky.9034_02,﻿church,﻿[Chapel of?] Loretto Convent and Academy [of St. Mary's?],English,﻿p131: https://digital.library.villanova.edu/Item/vudl:325604#?xywh=-111%2C219%2C1488%2C814&cv=130,,,,﻿Marion County,﻿Loretto,,﻿KY,,﻿#REF!,﻿#REF!,,,,,,,,,,,,,,1843,﻿,﻿,﻿hi,Louisville
﻿lou.ky.9034_02,﻿church,﻿[Chapel of?] Loretto Convent and Academy [of St. Mary's?],English,﻿p131: https://digital.library.villanova.edu/Item/vudl:325604#?xywh=-111%2C219%2C1488%2C814&cv=130,,,,﻿Marion County,﻿Loretto,,﻿KY,,﻿#REF!,﻿#REF!,,,,,,,,,,,,,,1843,﻿,﻿,﻿hi,Louisville
﻿lou.ky.9034_02,﻿church,﻿[Chapel of?] Loretto Convent and Academy [of St. Mary's?],English,﻿p131: https://digital.library.villanova.edu/Item/vudl:325604#?xywh=-111%2C219%2C1488%2C814&cv=130,,,,﻿Marion County,﻿Loretto,,﻿KY,,﻿#REF!,﻿#REF!,,,,,,,,,,,,,,1843,﻿,﻿,﻿hi,Louisville
﻿lou.ky.9034_02,﻿church,﻿[Chapel of?] Loretto Convent and Academy [of St. Mary's?],English,﻿p131: https://digital.library.villanova.edu/Item/vudl:325604#?xywh=-111%2C219%2C1488%2C814&cv=130,,,,﻿Marion County,﻿Loretto,,﻿KY,,﻿#REF!,﻿#REF!,,,,,,,,,,,,,,1843,﻿,﻿,﻿hi,Louisville
﻿lou.ky.9034_02,﻿church,﻿[Chapel of?] Loretto Convent and Academy [of St. Mary's?],English,﻿p131: https://digital.library.villanova.edu/Item/vudl:325604#?xywh=-111%2C219%2C1488%2C814&cv=130,,,,﻿Marion County,﻿Loretto,,﻿KY,,﻿#REF!,﻿#REF!,,,,,,,,,,,,,,1843,﻿,﻿,﻿hi,Louisville
﻿lou.ky.9034_02,﻿church,﻿[Chapel of?] Loretto Convent and Academy [of St. Mary's?],English,﻿p131: https://digital.library.villanova.edu/Item/vudl:325604#?xywh=-111%2C219%2C1488%2C814&cv=130,,,,﻿Marion County,﻿Loretto,,﻿KY,,﻿#REF!,﻿#REF!,,,,,,,,,,,,,,1843,﻿,﻿,﻿hi,Louisville
﻿lou.ky.9034_02,﻿church,﻿[Chapel of?] Loretto Convent and Academy [of St. Mary's?],English,﻿p131: https://digital.library.villanova.edu/Item/vudl:325604#?xywh=-111%2C219%2C1488%2C814&cv=130,,,,﻿Marion County,﻿Loretto,,﻿KY,,﻿#REF!,﻿#REF!,,,,,,,,,,,,,,1843,﻿,﻿,﻿hi,Louisville
﻿lou.ky.9034_02,﻿church,﻿[Chapel of?] Loretto Convent and Academy [of St. Mary's?],English,﻿p131: https://digital.library.villanova.edu/Item/vudl:325604#?xywh=-111%2C219%2C1488%2C814&cv=130,,,,﻿Marion County,﻿Loretto,,﻿KY,,﻿#REF!,﻿#REF!,,,,,,,,,,,,,,1843,﻿,﻿,﻿hi,Louisville
﻿lou.ky.9034_02,﻿church,﻿[Chapel of?] Loretto Convent and Academy [of St. Mary's?],English,﻿p131: https://digital.library.villanova.edu/Item/vudl:325604#?xywh=-111%2C219%2C1488%2C814&cv=130,,,,﻿Marion County,﻿Loretto,,﻿KY,,﻿#REF!,﻿#REF!,,,,,,,,,,,,,,1843,﻿,﻿,﻿hi,Louisville
﻿lou.ky.9034_02,﻿church,﻿[Chapel of?] Loretto Convent and Academy [of St. Mary's?],English,﻿p131: https://digital.library.villanova.edu/Item/vudl:325604#?xywh=-111%2C219%2C1488%2C814&cv=130,,,,﻿Marion County,﻿Loretto,,﻿KY,,﻿#REF!,﻿#REF!,,,,,,,,,,,,,,1843,﻿,﻿,﻿hi,Louisville
﻿lou.ky.9034_02,﻿church,﻿[Chapel of?] Loretto Convent and Academy [of St. Mary's?],English,﻿p131: https://digital.library.villanova.edu/Item/vudl:325604#?xywh=-111%2C219%2C1488%2C814&cv=130,,,,﻿Marion County,﻿Loretto,,﻿KY,,﻿#REF!,﻿#REF!,,,,,,,,,,,,,,1843,﻿,﻿,﻿hi,Louisville
﻿lou.ky.9034_02,﻿church,﻿[Chapel of?] Loretto Convent and Academy [of St. Mary's?],English,﻿p131: https://digital.library.villanova.edu/Item/vudl:325604#?xywh=-111%2C219%2C1488%2C814&cv=130,,,,﻿Marion County,﻿Loretto,,﻿KY,,﻿#REF!,﻿#REF!,,,,,,,,,,,,,,1843,﻿,﻿,﻿hi,Louisville
﻿lou.ky.9034_02,﻿church,﻿[Chapel of?] Loretto Convent and Academy [of St. Mary's?],English,﻿p131: https://digital.library.villanova.edu/Item/vudl:325604#?xywh=-111%2C219%2C1488%2C814&cv=130,,,,﻿Marion County,﻿Loretto,,﻿KY,,﻿#REF!,﻿#REF!,,,,,,,,,,,,,,1843,﻿,﻿,﻿hi,Louisville
﻿lou.ky.9034_02,﻿church,﻿[Chapel of?] Loretto Convent and Academy [of St. Mary's?],English,﻿p131: https://digital.library.villanova.edu/Item/vudl:325604#?xywh=-111%2C219%2C1488%2C814&cv=130,,,,﻿Marion County,﻿Loretto,,﻿KY,,﻿#REF!,﻿#REF!,,,,,,,,,,,,,,1843,﻿,﻿,﻿hi,Louisville
﻿lou.ky.9034_02,﻿church,﻿[Chapel of?] Loretto Convent and Academy [of St. Mary's?],English,﻿p131: https://digital.library.villanova.edu/Item/vudl:325604#?xywh=-111%2C219%2C1488%2C814&cv=130,,,,﻿Marion County,﻿Loretto,,﻿KY,,﻿#REF!,﻿#REF!,,,,,,,,,,,,,,1843,﻿,﻿,﻿hi,Louisville
﻿lou.ky.9034_02,﻿church,﻿[Chapel of?] Loretto Convent and Academy [of St. Mary's?],English,﻿p131: https://digital.library.villanova.edu/Item/vudl:325604#?xywh=-111%2C219%2C1488%2C814&cv=130,,,,﻿Marion County,﻿Loretto,,﻿KY,,﻿#REF!,﻿#REF!,,,,,,,,,,,,,,1843,﻿,﻿,﻿hi,Louisville
﻿lou.ky.9034_02,﻿church,﻿[Chapel of?] Loretto Convent and Academy [of St. Mary's?],English,﻿p131: https://digital.library.villanova.edu/Item/vudl:325604#?xywh=-111%2C219%2C1488%2C814&cv=130,,,,﻿Marion County,﻿Loretto,,﻿KY,,﻿#REF!,﻿#REF!,,,,,,,,,,,,,,1843,﻿,﻿,﻿hi,Louisville
﻿lou.ky.9034_02,﻿church,﻿[Chapel of?] Loretto Convent and Academy [of St. Mary's?],English,﻿p131: https://digital.library.villanova.edu/Item/vudl:325604#?xywh=-111%2C219%2C1488%2C814&cv=130,,,,﻿Marion County,﻿Loretto,,﻿KY,,﻿#REF!,﻿#REF!,,,,,,,,,,,,,,1843,﻿,﻿,﻿hi,Louisville
﻿lou.ky.9034_02,﻿church,﻿[Chapel of?] Loretto Convent and Academy [of St. Mary's?],English,﻿p131: https://digital.library.villanova.edu/Item/vudl:325604#?xywh=-111%2C219%2C1488%2C814&cv=130,,,,﻿Marion County,﻿Loretto,,﻿KY,,﻿#REF!,﻿#REF!,,,,,,,,,,,,,,1843,﻿,﻿,﻿hi,Louisville
﻿lou.ky.9034_02,﻿church,﻿[Chapel of?] Loretto Convent and Academy [of St. Mary's?],English,﻿p131: https://digital.library.villanova.edu/Item/vudl:325604#?xywh=-111%2C219%2C1488%2C814&cv=130,,,,﻿Marion County,﻿Loretto,,﻿KY,,﻿#REF!,﻿#REF!,,,,,,,,,,,,,,1843,﻿,﻿,﻿hi,Louisville
﻿lou.ky.9034_02,﻿church,﻿[Chapel of?] Loretto Convent and Academy [of St. Mary's?],English,﻿p131: https://digital.library.villanova.edu/Item/vudl:325604#?xywh=-111%2C219%2C1488%2C814&cv=130,,,,﻿Marion County,﻿Loretto,,﻿KY,,﻿#REF!,﻿#REF!,,,,,,,,,,,,,,1843,﻿,﻿,﻿hi,Louisville
﻿lou.ky.9034_02,﻿church,﻿[Chapel of?] Loretto Convent and Academy [of St. Mary's?],English,﻿p131: https://digital.library.villanova.edu/Item/vudl:325604#?xywh=-111%2C219%2C1488%2C814&cv=130,,,,﻿Marion County,﻿Loretto,,﻿KY,,﻿#REF!,﻿#REF!,,,,,,,,,,,,,,1843,﻿,﻿,﻿hi,Louisville
﻿lou.ky.9034_02,﻿church,﻿[Chapel of?] Loretto Convent and Academy [of St. Mary's?],English,﻿p131: https://digital.library.villanova.edu/Item/vudl:325604#?xywh=-111%2C219%2C1488%2C814&cv=130,,,,﻿Marion County,﻿Loretto,,﻿KY,,﻿#REF!,﻿#REF!,,,,,,,,,,,,,,1843,﻿,﻿,﻿hi,Louisville
﻿lou.ky.9034_02,﻿church,﻿[Chapel of?] Loretto Convent and Academy [of St. Mary's?],English,﻿p131: https://digital.library.villanova.edu/Item/vudl:325604#?xywh=-111%2C219%2C1488%2C814&cv=130,,,,﻿Marion County,﻿Loretto,,﻿KY,,﻿#REF!,﻿#REF!,,,,,,,,,,,,,,1843,﻿,﻿,﻿hi,Louisville
﻿lou.ky.9034_02,﻿church,﻿[Chapel of?] Loretto Convent and Academy [of St. Mary's?],English,﻿p131: https://digital.library.villanova.edu/Item/vudl:325604#?xywh=-111%2C219%2C1488%2C814&cv=130,,,,﻿Marion County,﻿Loretto,,﻿KY,,﻿#REF!,﻿#REF!,,,,,,,,,,,,,,1843,﻿,﻿,﻿hi,Louisville
﻿lou.ky.9034_02,﻿church,﻿[Chapel of?] Loretto Convent and Academy [of St. Mary's?],English,﻿p131: https://digital.library.villanova.edu/Item/vudl:325604#?xywh=-111%2C219%2C1488%2C814&cv=130,,,,﻿Marion County,﻿Loretto,,﻿KY,,﻿#REF!,﻿#REF!,,,,,,,,,,,,,,1843,﻿,﻿,﻿hi,Louisville
﻿lou.ky.9034_02,﻿church,﻿[Chapel of?] Loretto Convent and Academy [of St. Mary's?],English,﻿p131: https://digital.library.villanova.edu/Item/vudl:325604#?xywh=-111%2C219%2C1488%2C814&cv=130,,,,﻿Marion County,﻿Loretto,,﻿KY,,﻿#REF!,﻿#REF!,,,,,,,,,,,,,,1843,﻿,﻿,﻿hi,Louisville
﻿lou.ky.9034_02,﻿church,﻿[Chapel of?] Loretto Convent and Academy [of St. Mary's?],English,﻿p131: https://digital.library.villanova.edu/Item/vudl:325604#?xywh=-111%2C219%2C1488%2C814&cv=130,,,,﻿Marion County,﻿Loretto,,﻿KY,,﻿#REF!,﻿#REF!,,,,,,,,,,,,,,1843,﻿,﻿,﻿hi,Louisville
﻿lou.ky.9034_02,﻿church,﻿[Chapel of?] Loretto Convent and Academy [of St. Mary's?],English,﻿p131: https://digital.library.villanova.edu/Item/vudl:325604#?xywh=-111%2C219%2C1488%2C814&cv=130,,,,﻿Marion County,﻿Loretto,,﻿KY,,﻿#REF!,﻿#REF!,,,,,,,,,,,,,,1843,﻿,﻿,﻿hi,Louisville
﻿lou.ky.9034_02,﻿church,﻿[Chapel of?] Loretto Convent and Academy [of St. Mary's?],English,﻿p131: https://digital.library.villanova.edu/Item/vudl:325604#?xywh=-111%2C219%2C1488%2C814&cv=130,,,,﻿Marion County,﻿Loretto,,﻿KY,,﻿#REF!,﻿#REF!,,,,,,,,,,,,,,1843,﻿,﻿,﻿hi,Louisville
﻿lou.ky.9034_02,﻿church,﻿[Chapel of?] Loretto Convent and Academy [of St. Mary's?],English,﻿p131: https://digital.library.villanova.edu/Item/vudl:325604#?xywh=-111%2C219%2C1488%2C814&cv=130,,,,﻿Marion County,﻿Loretto,,﻿KY,,﻿#REF!,﻿#REF!,,,,,,,,,,,,,,1843,﻿,﻿,﻿hi,Louisville
﻿lou.ky.9034_02,﻿church,﻿[Chapel of?] Loretto Convent and Academy [of St. Mary's?],English,﻿p131: https://digital.library.villanova.edu/Item/vudl:325604#?xywh=-111%2C219%2C1488%2C814&cv=130,,,,﻿Marion County,﻿Loretto,,﻿KY,,﻿#REF!,﻿#REF!,,,,,,,,,,,,,,1843,﻿,﻿,﻿hi,Louisville
﻿lou.ky.9034_02,﻿church,﻿[Chapel of?] Loretto Convent and Academy [of St. Mary's?],English,﻿p131: https://digital.library.villanova.edu/Item/vudl:325604#?xywh=-111%2C219%2C1488%2C814&cv=130,,,,﻿Marion County,﻿Loretto,,﻿KY,,﻿#REF!,﻿#REF!,,,,,,,,,,,,,,1843,﻿,﻿,﻿hi,Louisville
﻿lou.ky.9034_02,﻿church,﻿[Chapel of?] Loretto Convent and Academy [of St. Mary's?],English,﻿p131: https://digital.library.villanova.edu/Item/vudl:325604#?xywh=-111%2C219%2C1488%2C814&cv=130,,,,﻿Marion County,﻿Loretto,,﻿KY,,﻿#REF!,﻿#REF!,,,,,,,,,,,,,,1843,﻿,﻿,﻿hi,Louisville
﻿lou.ky.9034_02,﻿church,﻿[Chapel of?] Loretto Convent and Academy [of St. Mary's?],English,﻿p131: https://digital.library.villanova.edu/Item/vudl:325604#?xywh=-111%2C219%2C1488%2C814&cv=130,,,,﻿Marion County,﻿Loretto,,﻿KY,,﻿#REF!,﻿#REF!,,,,,,,,,,,,,,1843,﻿,﻿,﻿hi,Louisville
﻿lou.ky.9034_02,﻿church,﻿[Chapel of?] Loretto Convent and Academy [of St. Mary's?],English,﻿p131: https://digital.library.villanova.edu/Item/vudl:325604#?xywh=-111%2C219%2C1488%2C814&cv=130,,,,﻿Marion County,﻿Loretto,,﻿KY,,﻿#REF!,﻿#REF!,,,,,,,,,,,,,,1843,﻿,﻿,﻿hi,Louisville
﻿lou.ky.9034_02,﻿church,﻿[Chapel of?] Loretto Convent and Academy [of St. Mary's?],English,﻿p131: https://digital.library.villanova.edu/Item/vudl:325604#?xywh=-111%2C219%2C1488%2C814&cv=130,,,,﻿Marion County,﻿Loretto,,﻿KY,,﻿#REF!,﻿#REF!,,,,,,,,,,,,,,1843,﻿,﻿,﻿hi,Louisville
﻿lou.ky.9034_02,﻿church,﻿[Chapel of?] Loretto Convent and Academy [of St. Mary's?],English,﻿p131: https://digital.library.villanova.edu/Item/vudl:325604#?xywh=-111%2C219%2C1488%2C814&cv=130,,,,﻿Marion County,﻿Loretto,,﻿KY,,﻿#REF!,﻿#REF!,,,,,,,,,,,,,,1843,﻿,﻿,﻿hi,Louisville
﻿lou.ky.9034_02,﻿church,﻿[Chapel of?] Loretto Convent and Academy [of St. Mary's?],English,﻿p131: https://digital.library.villanova.edu/Item/vudl:325604#?xywh=-111%2C219%2C1488%2C814&cv=130,,,,﻿Marion County,﻿Loretto,,﻿KY,,﻿#REF!,﻿#REF!,,,,,,,,,,,,,,1843,﻿,﻿,﻿hi,Louisville
﻿lou.ky.9034_02,﻿church,﻿[Chapel of?] Loretto Convent and Academy [of St. Mary's?],English,﻿p131: https://digital.library.villanova.edu/Item/vudl:325604#?xywh=-111%2C219%2C1488%2C814&cv=130,,,,﻿Marion County,﻿Loretto,,﻿KY,,﻿#REF!,﻿#REF!,,,,,,,,,,,,,,1843,﻿,﻿,﻿hi,Louisville
﻿lou.ky.9034_02,﻿church,﻿[Chapel of?] Loretto Convent and Academy [of St. Mary's?],English,﻿p131: https://digital.library.villanova.edu/Item/vudl:325604#?xywh=-111%2C219%2C1488%2C814&cv=130,,,,﻿Marion County,﻿Loretto,,﻿KY,,﻿#REF!,﻿#REF!,,,,,,,,,,,,,,1843,﻿,﻿,﻿hi,Louisville
﻿lou.ky.9034_02,﻿church,﻿[Chapel of?] Loretto Convent and Academy [of St. Mary's?],English,﻿p131: https://digital.library.villanova.edu/Item/vudl:325604#?xywh=-111%2C219%2C1488%2C814&cv=130,,,,﻿Marion County,﻿Loretto,,﻿KY,,﻿#REF!,﻿#REF!,,,,,,,,,,,,,,1843,﻿,﻿,﻿hi,Louisville
﻿lou.ky.9034_02,﻿church,﻿[Chapel of?] Loretto Convent and Academy [of St. Mary's?],English,﻿p131: https://digital.library.villanova.edu/Item/vudl:325604#?xywh=-111%2C219%2C1488%2C814&cv=130,,,,﻿Marion County,﻿Loretto,,﻿KY,,﻿#REF!,﻿#REF!,,,,,,,,,,,,,,1843,﻿,﻿,﻿hi,Louisville
﻿lou.ky.9034_02,﻿church,﻿[Chapel of?] Loretto Convent and Academy [of St. Mary's?],English,﻿p131: https://digital.library.villanova.edu/Item/vudl:325604#?xywh=-111%2C219%2C1488%2C814&cv=130,,,,﻿Marion County,﻿Loretto,,﻿KY,,﻿#REF!,﻿#REF!,,,,,,,,,,,,,,1843,﻿,﻿,﻿hi,Louisville
﻿lou.ky.9034_02,﻿church,﻿[Chapel of?] Loretto Convent and Academy [of St. Mary's?],English,﻿p131: https://digital.library.villanova.edu/Item/vudl:325604#?xywh=-111%2C219%2C1488%2C814&cv=130,,,,﻿Marion County,﻿Loretto,,﻿KY,,﻿#REF!,﻿#REF!,,,,,,,,,,,,,,1843,﻿,﻿,﻿hi,Louisville
﻿lou.ky.9034_02,﻿church,﻿[Chapel of?] Loretto Convent and Academy [of St. Mary's?],English,﻿p131: https://digital.library.villanova.edu/Item/vudl:325604#?xywh=-111%2C219%2C1488%2C814&cv=130,,,,﻿Marion County,﻿Loretto,,﻿KY,,﻿#REF!,﻿#REF!,,,,,,,,,,,,,,1843,﻿,﻿,﻿hi,Louisville
﻿lou.ky.9034_02,﻿church,﻿[Chapel of?] Loretto Convent and Academy [of St. Mary's?],English,﻿p131: https://digital.library.villanova.edu/Item/vudl:325604#?xywh=-111%2C219%2C1488%2C814&cv=130,,,,﻿Marion County,﻿Loretto,,﻿KY,,﻿#REF!,﻿#REF!,,,,,,,,,,,,,,1843,﻿,﻿,﻿hi,Louisville
﻿lou.ky.9034_02,﻿church,﻿[Chapel of?] Loretto Convent and Academy [of St. Mary's?],English,﻿p131: https://digital.library.villanova.edu/Item/vudl:325604#?xywh=-111%2C219%2C1488%2C814&cv=130,,,,﻿Marion County,﻿Loretto,,﻿KY,,﻿#REF!,﻿#REF!,,,,,,,,,,,,,,1843,﻿,﻿,﻿hi,Louisville
﻿lou.ky.9034_02,﻿church,﻿[Chapel of?] Loretto Convent and Academy [of St. Mary's?],English,﻿p131: https://digital.library.villanova.edu/Item/vudl:325604#?xywh=-111%2C219%2C1488%2C814&cv=130,,,,﻿Marion County,﻿Loretto,,﻿KY,,﻿#REF!,﻿#REF!,,,,,,,,,,,,,,1843,﻿,﻿,﻿hi,Louisville
﻿lou.ky.9034_02,﻿church,﻿[Chapel of?] Loretto Convent and Academy [of St. Mary's?],English,﻿p131: https://digital.library.villanova.edu/Item/vudl:325604#?xywh=-111%2C219%2C1488%2C814&cv=130,,,,﻿Marion County,﻿Loretto,,﻿KY,,﻿#REF!,﻿#REF!,,,,,,,,,,,,,,1843,﻿,﻿,﻿hi,Louisville
﻿lou.ky.9034_02,﻿church,﻿[Chapel of?] Loretto Convent and Academy [of St. Mary's?],English,﻿p131: https://digital.library.villanova.edu/Item/vudl:325604#?xywh=-111%2C219%2C1488%2C814&cv=130,,,,﻿Marion County,﻿Loretto,,﻿KY,,﻿#REF!,﻿#REF!,,,,,,,,,,,,,,1843,﻿,﻿,﻿hi,Louisville
﻿lou.ky.9034_02,﻿church,﻿[Chapel of?] Loretto Convent and Academy [of St. Mary's?],English,﻿p131: https://digital.library.villanova.edu/Item/vudl:325604#?xywh=-111%2C219%2C1488%2C814&cv=130,,,,﻿Marion County,﻿Loretto,,﻿KY,,﻿#REF!,﻿#REF!,,,,,,,,,,,,,,1843,﻿,﻿,﻿hi,Louisville
﻿lou.ky.9034_02,﻿church,﻿[Chapel of?] Loretto Convent and Academy [of St. Mary's?],English,﻿p131: https://digital.library.villanova.edu/Item/vudl:325604#?xywh=-111%2C219%2C1488%2C814&cv=130,,,,﻿Marion County,﻿Loretto,,﻿KY,,﻿#REF!,﻿#REF!,,,,,,,,,,,,,,1843,﻿,﻿,﻿hi,Louisville
﻿lou.ky.9034_02,﻿church,﻿[Chapel of?] Loretto Convent and Academy [of St. Mary's?],English,﻿p131: https://digital.library.villanova.edu/Item/vudl:325604#?xywh=-111%2C219%2C1488%2C814&cv=130,,,,﻿Marion County,﻿Loretto,,﻿KY,,﻿#REF!,﻿#REF!,,,,,,,,,,,,,,1843,﻿,﻿,﻿hi,Louisville
﻿lou.ky.9034_02,﻿church,﻿[Chapel of?] Loretto Convent and Academy [of St. Mary's?],English,﻿p131: https://digital.library.villanova.edu/Item/vudl:325604#?xywh=-111%2C219%2C1488%2C814&cv=130,,,,﻿Marion County,﻿Loretto,,﻿KY,,﻿#REF!,﻿#REF!,,,,,,,,,,,,,,1843,﻿,﻿,﻿hi,Louisville
﻿lou.ky.9034_02,﻿church,﻿[Chapel of?] Loretto Convent and Academy [of St. Mary's?],English,﻿p131: https://digital.library.villanova.edu/Item/vudl:325604#?xywh=-111%2C219%2C1488%2C814&cv=130,,,,﻿Marion County,﻿Loretto,,﻿KY,,﻿#REF!,﻿#REF!,,,,,,,,,,,,,,1843,﻿,﻿,﻿hi,Louisville
﻿lou.ky.9034_02,﻿church,﻿[Chapel of?] Loretto Convent and Academy [of St. Mary's?],English,﻿p131: https://digital.library.villanova.edu/Item/vudl:325604#?xywh=-111%2C219%2C1488%2C814&cv=130,,,,﻿Marion County,﻿Loretto,,﻿KY,,﻿#REF!,﻿#REF!,,,,,,,,,,,,,,1843,﻿,﻿,﻿hi,Louisville
﻿lou.ky.9034_02,﻿church,﻿[Chapel of?] Loretto Convent and Academy [of St. Mary's?],English,﻿p131: https://digital.library.villanova.edu/Item/vudl:325604#?xywh=-111%2C219%2C1488%2C814&cv=130,,,,﻿Marion County,﻿Loretto,,﻿KY,,﻿#REF!,﻿#REF!,,,,,,,,,,,,,,1843,﻿,﻿,﻿hi,Louisville
﻿lou.ky.9034_02,﻿church,﻿[Chapel of?] Loretto Convent and Academy [of St. Mary's?],English,﻿p131: https://digital.library.villanova.edu/Item/vudl:325604#?xywh=-111%2C219%2C1488%2C814&cv=130,,,,﻿Marion County,﻿Loretto,,﻿KY,,﻿#REF!,﻿#REF!,,,,,,,,,,,,,,1843,﻿,﻿,﻿hi,Louisville
﻿lou.ky.9034_02,﻿church,﻿[Chapel of?] Loretto Convent and Academy [of St. Mary's?],English,﻿p131: https://digital.library.villanova.edu/Item/vudl:325604#?xywh=-111%2C219%2C1488%2C814&cv=130,,,,﻿Marion County,﻿Loretto,,﻿KY,,﻿#REF!,﻿#REF!,,,,,,,,,,,,,,1843,﻿,﻿,﻿hi,Louisville
﻿lou.ky.9034_02,﻿church,﻿[Chapel of?] Loretto Convent and Academy [of St. Mary's?],English,﻿p131: https://digital.library.villanova.edu/Item/vudl:325604#?xywh=-111%2C219%2C1488%2C814&cv=130,,,,﻿Marion County,﻿Loretto,,﻿KY,,﻿#REF!,﻿#REF!,,,,,,,,,,,,,,1843,﻿,﻿,﻿hi,Louisville
﻿lou.ky.9034_02,﻿church,﻿[Chapel of?] Loretto Convent and Academy [of St. Mary's?],English,﻿p131: https://digital.library.villanova.edu/Item/vudl:325604#?xywh=-111%2C219%2C1488%2C814&cv=130,,,,﻿Marion County,﻿Loretto,,﻿KY,,﻿#REF!,﻿#REF!,,,,,,,,,,,,,,1843,﻿,﻿,﻿hi,Louisville
﻿lou.ky.9034_02,﻿church,﻿[Chapel of?] Loretto Convent and Academy [of St. Mary's?],English,﻿p131: https://digital.library.villanova.edu/Item/vudl:325604#?xywh=-111%2C219%2C1488%2C814&cv=130,,,,﻿Marion County,﻿Loretto,,﻿KY,,﻿#REF!,﻿#REF!,,,,,,,,,,,,,,1843,﻿,﻿,﻿hi,Louisville
﻿lou.ky.9034_02,﻿church,﻿[Chapel of?] Loretto Convent and Academy [of St. Mary's?],English,﻿p131: https://digital.library.villanova.edu/Item/vudl:325604#?xywh=-111%2C219%2C1488%2C814&cv=130,,,,﻿Marion County,﻿Loretto,,﻿KY,,﻿#REF!,﻿#REF!,,,,,,,,,,,,,,1843,﻿,﻿,﻿hi,Louisville
﻿lou.ky.9034_02,﻿church,﻿[Chapel of?] Loretto Convent and Academy [of St. Mary's?],English,﻿p131: https://digital.library.villanova.edu/Item/vudl:325604#?xywh=-111%2C219%2C1488%2C814&cv=130,,,,﻿Marion County,﻿Loretto,,﻿KY,,﻿#REF!,﻿#REF!,,,,,,,,,,,,,,1843,﻿,﻿,﻿hi,Louisville
﻿lou.ky.9034_02,﻿church,﻿[Chapel of?] Loretto Convent and Academy [of St. Mary's?],English,﻿p131: https://digital.library.villanova.edu/Item/vudl:325604#?xywh=-111%2C219%2C1488%2C814&cv=130,,,,﻿Marion County,﻿Loretto,,﻿KY,,﻿#REF!,﻿#REF!,,,,,,,,,,,,,,1843,﻿,﻿,﻿hi,Louisville
﻿lou.ky.9034_02,﻿church,﻿[Chapel of?] Loretto Convent and Academy [of St. Mary's?],English,﻿p131: https://digital.library.villanova.edu/Item/vudl:325604#?xywh=-111%2C219%2C1488%2C814&cv=130,,,,﻿Marion County,﻿Loretto,,﻿KY,,﻿#REF!,﻿#REF!,,,,,,,,,,,,,,1843,﻿,﻿,﻿hi,Louisville
﻿lou.ky.9034_02,﻿church,﻿[Chapel of?] Loretto Convent and Academy [of St. Mary's?],English,﻿p131: https://digital.library.villanova.edu/Item/vudl:325604#?xywh=-111%2C219%2C1488%2C814&cv=130,,,,﻿Marion County,﻿Loretto,,﻿KY,,﻿#REF!,﻿#REF!,,,,,,,,,,,,,,1843,﻿,﻿,﻿hi,Louisville
﻿lou.ky.9034_02,﻿church,﻿[Chapel of?] Loretto Convent and Academy [of St. Mary's?],English,﻿p131: https://digital.library.villanova.edu/Item/vudl:325604#?xywh=-111%2C219%2C1488%2C814&cv=130,,,,﻿Marion County,﻿Loretto,,﻿KY,,﻿#REF!,﻿#REF!,,,,,,,,,,,,,,1843,﻿,﻿,﻿hi,Louisville
﻿lou.ky.9034_02,﻿church,﻿[Chapel of?] Loretto Convent and Academy [of St. Mary's?],English,﻿p131: https://digital.library.villanova.edu/Item/vudl:325604#?xywh=-111%2C219%2C1488%2C814&cv=130,,,,﻿Marion County,﻿Loretto,,﻿KY,,﻿#REF!,﻿#REF!,,,,,,,,,,,,,,1843,﻿,﻿,﻿hi,Louisville
﻿lou.ky.9034_02,﻿church,﻿[Chapel of?] Loretto Convent and Academy [of St. Mary's?],English,﻿p131: https://digital.library.villanova.edu/Item/vudl:325604#?xywh=-111%2C219%2C1488%2C814&cv=130,,,,﻿Marion County,﻿Loretto,,﻿KY,,﻿#REF!,﻿#REF!,,,,,,,,,,,,,,1843,﻿,﻿,﻿hi,Louisville
﻿lou.ky.9034_02,﻿church,﻿[Chapel of?] Loretto Convent and Academy [of St. Mary's?],English,﻿p131: https://digital.library.villanova.edu/Item/vudl:325604#?xywh=-111%2C219%2C1488%2C814&cv=130,,,,﻿Marion County,﻿Loretto,,﻿KY,,﻿#REF!,﻿#REF!,,,,,,,,,,,,,,1843,﻿,﻿,﻿hi,Louisville
﻿lou.ky.9034_02,﻿church,﻿[Chapel of?] Loretto Convent and Academy [of St. Mary's?],English,﻿p131: https://digital.library.villanova.edu/Item/vudl:325604#?xywh=-111%2C219%2C1488%2C814&cv=130,,,,﻿Marion County,﻿Loretto,,﻿KY,,﻿#REF!,﻿#REF!,,,,,,,,,,,,,,1843,﻿,﻿,﻿hi,Louisville
﻿lou.ky.9034_02,﻿church,﻿[Chapel of?] Loretto Convent and Academy [of St. Mary's?],English,﻿p131: https://digital.library.villanova.edu/Item/vudl:325604#?xywh=-111%2C219%2C1488%2C814&cv=130,,,,﻿Marion County,﻿Loretto,,﻿KY,,﻿#REF!,﻿#REF!,,,,,,,,,,,,,,1843,﻿,﻿,﻿hi,Louisville
﻿lou.ky.9034_02,﻿church,﻿[Chapel of?] Loretto Convent and Academy [of St. Mary's?],English,﻿p131: https://digital.library.villanova.edu/Item/vudl:325604#?xywh=-111%2C219%2C1488%2C814&cv=130,,,,﻿Marion County,﻿Loretto,,﻿KY,,﻿#REF!,﻿#REF!,,,,,,,,,,,,,,1843,﻿,﻿,﻿hi,Louisville
﻿lou.ky.9034_02,﻿church,﻿[Chapel of?] Loretto Convent and Academy [of St. Mary's?],English,﻿p131: https://digital.library.villanova.edu/Item/vudl:325604#?xywh=-111%2C219%2C1488%2C814&cv=130,,,,﻿Marion County,﻿Loretto,,﻿KY,,﻿#REF!,﻿#REF!,,,,,,,,,,,,,,1843,﻿,﻿,﻿hi,Louisville
﻿lou.ky.9034_02,﻿church,﻿[Chapel of?] Loretto Convent and Academy [of St. Mary's?],English,﻿p131: https://digital.library.villanova.edu/Item/vudl:325604#?xywh=-111%2C219%2C1488%2C814&cv=130,,,,﻿Marion County,﻿Loretto,,﻿KY,,﻿#REF!,﻿#REF!,,,,,,,,,,,,,,1843,﻿,﻿,﻿hi,Louisville
﻿lou.ky.9034_02,﻿church,﻿[Chapel of?] Loretto Convent and Academy [of St. Mary's?],English,﻿p131: https://digital.library.villanova.edu/Item/vudl:325604#?xywh=-111%2C219%2C1488%2C814&cv=130,,,,﻿Marion County,﻿Loretto,,﻿KY,,﻿#REF!,﻿#REF!,,,,,,,,,,,,,,1843,﻿,﻿,﻿hi,Louisville
﻿lou.ky.9034_02,﻿church,﻿[Chapel of?] Loretto Convent and Academy [of St. Mary's?],English,﻿p131: https://digital.library.villanova.edu/Item/vudl:325604#?xywh=-111%2C219%2C1488%2C814&cv=130,,,,﻿Marion County,﻿Loretto,,﻿KY,,﻿#REF!,﻿#REF!,,,,,,,,,,,,,,1843,﻿,﻿,﻿hi,Louisville
﻿lou.ky.9034_02,﻿church,﻿[Chapel of?] Loretto Convent and Academy [of St. Mary's?],English,﻿p131: https://digital.library.villanova.edu/Item/vudl:325604#?xywh=-111%2C219%2C1488%2C814&cv=130,,,,﻿Marion County,﻿Loretto,,﻿KY,,﻿#REF!,﻿#REF!,,,,,,,,,,,,,,1843,﻿,﻿,﻿hi,Louisville
﻿lou.ky.9034_02,﻿church,﻿[Chapel of?] Loretto Convent and Academy [of St. Mary's?],English,﻿p131: https://digital.library.villanova.edu/Item/vudl:325604#?xywh=-111%2C219%2C1488%2C814&cv=130,,,,﻿Marion County,﻿Loretto,,﻿KY,,﻿#REF!,﻿#REF!,,,,,,,,,,,,,,1843,﻿,﻿,﻿hi,Louisville
﻿lou.ky.9034_02,﻿church,﻿[Chapel of?] Loretto Convent and Academy [of St. Mary's?],English,﻿p131: https://digital.library.villanova.edu/Item/vudl:325604#?xywh=-111%2C219%2C1488%2C814&cv=130,,,,﻿Marion County,﻿Loretto,,﻿KY,,﻿#REF!,﻿#REF!,,,,,,,,,,,,,,1843,﻿,﻿,﻿hi,Louisville
﻿lou.ky.9034_02,﻿church,﻿[Chapel of?] Loretto Convent and Academy [of St. Mary's?],English,﻿p131: https://digital.library.villanova.edu/Item/vudl:325604#?xywh=-111%2C219%2C1488%2C814&cv=130,,,,﻿Marion County,﻿Loretto,,﻿KY,,﻿#REF!,﻿#REF!,,,,,,,,,,,,,,1843,﻿,﻿,﻿hi,Louisville
﻿lou.ky.9034_02,﻿church,﻿[Chapel of?] Loretto Convent and Academy [of St. Mary's?],English,﻿p131: https://digital.library.villanova.edu/Item/vudl:325604#?xywh=-111%2C219%2C1488%2C814&cv=130,,,,﻿Marion County,﻿Loretto,,﻿KY,,﻿#REF!,﻿#REF!,,,,,,,,,,,,,,1843,﻿,﻿,﻿hi,Louisville
﻿lou.ky.9034_02,﻿church,﻿[Chapel of?] Loretto Convent and Academy [of St. Mary's?],English,﻿p131: https://digital.library.villanova.edu/Item/vudl:325604#?xywh=-111%2C219%2C1488%2C814&cv=130,,,,﻿Marion County,﻿Loretto,,﻿KY,,﻿#REF!,﻿#REF!,,,,,,,,,,,,,,1843,﻿,﻿,﻿hi,Louisville
﻿lou.ky.9034_02,﻿church,﻿[Chapel of?] Loretto Convent and Academy [of St. Mary's?],English,﻿p131: https://digital.library.villanova.edu/Item/vudl:325604#?xywh=-111%2C219%2C1488%2C814&cv=130,,,,﻿Marion County,﻿Loretto,,﻿KY,,﻿#REF!,﻿#REF!,,,,,,,,,,,,,,1843,﻿,﻿,﻿hi,Louisville
﻿lou.ky.9034_02,﻿church,﻿[Chapel of?] Loretto Convent and Academy [of St. Mary's?],English,﻿p131: https://digital.library.villanova.edu/Item/vudl:325604#?xywh=-111%2C219%2C1488%2C814&cv=130,,,,﻿Marion County,﻿Loretto,,﻿KY,,﻿#REF!,﻿#REF!,,,,,,,,,,,,,,1843,﻿,﻿,﻿hi,Louisville
﻿lou.ky.9034_02,﻿church,﻿[Chapel of?] Loretto Convent and Academy [of St. Mary's?],English,﻿p131: https://digital.library.villanova.edu/Item/vudl:325604#?xywh=-111%2C219%2C1488%2C814&cv=130,,,,﻿Marion County,﻿Loretto,,﻿KY,,﻿#REF!,﻿#REF!,,,,,,,,,,,,,,1843,﻿,﻿,﻿hi,Louisville
﻿lou.ky.9034_02,﻿church,﻿[Chapel of?] Loretto Convent and Academy [of St. Mary's?],English,﻿p131: https://digital.library.villanova.edu/Item/vudl:325604#?xywh=-111%2C219%2C1488%2C814&cv=130,,,,﻿Marion County,﻿Loretto,,﻿KY,,﻿#REF!,﻿#REF!,,,,,,,,,,,,,,1843,﻿,﻿,﻿hi,Louisville
﻿lou.ky.9034_02,﻿church,﻿[Chapel of?] Loretto Convent and Academy [of St. Mary's?],English,﻿p131: https://digital.library.villanova.edu/Item/vudl:325604#?xywh=-111%2C219%2C1488%2C814&cv=130,,,,﻿Marion County,﻿Loretto,,﻿KY,,﻿#REF!,﻿#REF!,,,,,,,,,,,,,,1843,﻿,﻿,﻿hi,Louisville
﻿lou.ky.9034_02,﻿church,﻿[Chapel of?] Loretto Convent and Academy [of St. Mary's?],English,﻿p131: https://digital.library.villanova.edu/Item/vudl:325604#?xywh=-111%2C219%2C1488%2C814&cv=130,,,,﻿Marion County,﻿Loretto,,﻿KY,,﻿#REF!,﻿#REF!,,,,,,,,,,,,,,1843,﻿,﻿,﻿hi,Louisville
﻿lou.ky.9034_02,﻿church,﻿[Chapel of?] Loretto Convent and Academy [of St. Mary's?],English,﻿p131: https://digital.library.villanova.edu/Item/vudl:325604#?xywh=-111%2C219%2C1488%2C814&cv=130,,,,﻿Marion County,﻿Loretto,,﻿KY,,﻿#REF!,﻿#REF!,,,,,,,,,,,,,,1843,﻿,﻿,﻿hi,Louisville
﻿lou.ky.9034_02,﻿church,﻿[Chapel of?] Loretto Convent and Academy [of St. Mary's?],English,﻿p131: https://digital.library.villanova.edu/Item/vudl:325604#?xywh=-111%2C219%2C1488%2C814&cv=130,,,,﻿Marion County,﻿Loretto,,﻿KY,,﻿#REF!,﻿#REF!,,,,,,,,,,,,,,1843,﻿,﻿,﻿hi,Louisville
﻿lou.ky.9034_02,﻿church,﻿[Chapel of?] Loretto Convent and Academy [of St. Mary's?],English,﻿p131: https://digital.library.villanova.edu/Item/vudl:325604#?xywh=-111%2C219%2C1488%2C814&cv=130,,,,﻿Marion County,﻿Loretto,,﻿KY,,﻿#REF!,﻿#REF!,,,,,,,,,,,,,,1843,﻿,﻿,﻿hi,Louisville
﻿lou.ky.9034_02,﻿church,﻿[Chapel of?] Loretto Convent and Academy [of St. Mary's?],English,﻿p131: https://digital.library.villanova.edu/Item/vudl:325604#?xywh=-111%2C219%2C1488%2C814&cv=130,,,,﻿Marion County,﻿Loretto,,﻿KY,,﻿#REF!,﻿#REF!,,,,,,,,,,,,,,1843,﻿,﻿,﻿hi,Louisville
﻿lou.ky.9034_02,﻿church,﻿[Chapel of?] Loretto Convent and Academy [of St. Mary's?],English,﻿p131: https://digital.library.villanova.edu/Item/vudl:325604#?xywh=-111%2C219%2C1488%2C814&cv=130,,,,﻿Marion County,﻿Loretto,,﻿KY,,﻿#REF!,﻿#REF!,,,,,,,,,,,,,,1843,﻿,﻿,﻿hi,Louisville
﻿lou.ky.9034_02,﻿church,﻿[Chapel of?] Loretto Convent and Academy [of St. Mary's?],English,﻿p131: https://digital.library.villanova.edu/Item/vudl:325604#?xywh=-111%2C219%2C1488%2C814&cv=130,,,,﻿Marion County,﻿Loretto,,﻿KY,,﻿#REF!,﻿#REF!,,,,,,,,,,,,,,1843,﻿,﻿,﻿hi,Louisville
﻿lou.ky.9034_02,﻿church,﻿[Chapel of?] Loretto Convent and Academy [of St. Mary's?],English,﻿p131: https://digital.library.villanova.edu/Item/vudl:325604#?xywh=-111%2C219%2C1488%2C814&cv=130,,,,﻿Marion County,﻿Loretto,,﻿KY,,﻿#REF!,﻿#REF!,,,,,,,,,,,,,,1843,﻿,﻿,﻿hi,Louisville
﻿lou.ky.9034_02,﻿church,﻿[Chapel of?] Loretto Convent and Academy [of St. Mary's?],English,﻿p131: https://digital.library.villanova.edu/Item/vudl:325604#?xywh=-111%2C219%2C1488%2C814&cv=130,,,,﻿Marion County,﻿Loretto,,﻿KY,,﻿#REF!,﻿#REF!,,,,,,,,,,,,,,1843,﻿,﻿,﻿hi,Louisville
﻿lou.ky.9034_02,﻿church,﻿[Chapel of?] Loretto Convent and Academy [of St. Mary's?],English,﻿p131: https://digital.library.villanova.edu/Item/vudl:325604#?xywh=-111%2C219%2C1488%2C814&cv=130,,,,﻿Marion County,﻿Loretto,,﻿KY,,﻿#REF!,﻿#REF!,,,,,,,,,,,,,,1843,﻿,﻿,﻿hi,Louisville
﻿lou.ky.9034_02,﻿church,﻿[Chapel of?] Loretto Convent and Academy [of St. Mary's?],English,﻿p131: https://digital.library.villanova.edu/Item/vudl:325604#?xywh=-111%2C219%2C1488%2C814&cv=130,,,,﻿Marion County,﻿Loretto,,﻿KY,,﻿#REF!,﻿#REF!,,,,,,,,,,,,,,1843,﻿,﻿,﻿hi,Louisville
﻿lou.ky.9034_02,﻿church,﻿[Chapel of?] Loretto Convent and Academy [of St. Mary's?],English,﻿p131: https://digital.library.villanova.edu/Item/vudl:325604#?xywh=-111%2C219%2C1488%2C814&cv=130,,,,﻿Marion County,﻿Loretto,,﻿KY,,﻿#REF!,﻿#REF!,,,,,,,,,,,,,,1843,﻿,﻿,﻿hi,Louisville
﻿lou.ky.9034_02,﻿church,﻿[Chapel of?] Loretto Convent and Academy [of St. Mary's?],English,﻿p131: https://digital.library.villanova.edu/Item/vudl:325604#?xywh=-111%2C219%2C1488%2C814&cv=130,,,,﻿Marion County,﻿Loretto,,﻿KY,,﻿#REF!,﻿#REF!,,,,,,,,,,,,,,1843,﻿,﻿,﻿hi,Louisville
﻿lou.ky.9034_02,﻿church,﻿[Chapel of?] Loretto Convent and Academy [of St. Mary's?],English,﻿p131: https://digital.library.villanova.edu/Item/vudl:325604#?xywh=-111%2C219%2C1488%2C814&cv=130,,,,﻿Marion County,﻿Loretto,,﻿KY,,﻿#REF!,﻿#REF!,,,,,,,,,,,,,,1843,﻿,﻿,﻿hi,Louisville
﻿lou.ky.9034_02,﻿church,﻿[Chapel of?] Loretto Convent and Academy [of St. Mary's?],English,﻿p131: https://digital.library.villanova.edu/Item/vudl:325604#?xywh=-111%2C219%2C1488%2C814&cv=130,,,,﻿Marion County,﻿Loretto,,﻿KY,,﻿#REF!,﻿#REF!,,,,,,,,,,,,,,1843,﻿,﻿,﻿hi,Louisville
﻿lou.ky.9034_02,﻿church,﻿[Chapel of?] Loretto Convent and Academy [of St. Mary's?],English,﻿p131: https://digital.library.villanova.edu/Item/vudl:325604#?xywh=-111%2C219%2C1488%2C814&cv=130,,,,﻿Marion County,﻿Loretto,,﻿KY,,﻿#REF!,﻿#REF!,,,,,,,,,,,,,,1843,﻿,﻿,﻿hi,Louisville
﻿lou.ky.9034_02,﻿church,﻿[Chapel of?] Loretto Convent and Academy [of St. Mary's?],English,﻿p131: https://digital.library.villanova.edu/Item/vudl:325604#?xywh=-111%2C219%2C1488%2C814&cv=130,,,,﻿Marion County,﻿Loretto,,﻿KY,,﻿#REF!,﻿#REF!,,,,,,,,,,,,,,1843,﻿,﻿,﻿hi,Louisville
﻿lou.ky.9034_02,﻿church,﻿[Chapel of?] Loretto Convent and Academy [of St. Mary's?],English,﻿p131: https://digital.library.villanova.edu/Item/vudl:325604#?xywh=-111%2C219%2C1488%2C814&cv=130,,,,﻿Marion County,﻿Loretto,,﻿KY,,﻿#REF!,﻿#REF!,,,,,,,,,,,,,,1843,﻿,﻿,﻿hi,Louisville
﻿lou.ky.9034_02,﻿church,﻿[Chapel of?] Loretto Convent and Academy [of St. Mary's?],English,﻿p131: https://digital.library.villanova.edu/Item/vudl:325604#?xywh=-111%2C219%2C1488%2C814&cv=130,,,,﻿Marion County,﻿Loretto,,﻿KY,,﻿#REF!,﻿#REF!,,,,,,,,,,,,,,1843,﻿,﻿,﻿hi,Louisville
﻿lou.ky.9034_02,﻿church,﻿[Chapel of?] Loretto Convent and Academy [of St. Mary's?],English,﻿p131: https://digital.library.villanova.edu/Item/vudl:325604#?xywh=-111%2C219%2C1488%2C814&cv=130,,,,﻿Marion County,﻿Loretto,,﻿KY,,﻿#REF!,﻿#REF!,,,,,,,,,,,,,,1843,﻿,﻿,﻿hi,Louisville
﻿lou.ky.9034_02,﻿church,﻿[Chapel of?] Loretto Convent and Academy [of St. Mary's?],English,﻿p131: https://digital.library.villanova.edu/Item/vudl:325604#?xywh=-111%2C219%2C1488%2C814&cv=130,,,,﻿Marion County,﻿Loretto,,﻿KY,,﻿#REF!,﻿#REF!,,,,,,,,,,,,,,1843,﻿,﻿,﻿hi,Louisville
﻿lou.ky.9034_02,﻿church,﻿[Chapel of?] Loretto Convent and Academy [of St. Mary's?],English,﻿p131: https://digital.library.villanova.edu/Item/vudl:325604#?xywh=-111%2C219%2C1488%2C814&cv=130,,,,﻿Marion County,﻿Loretto,,﻿KY,,﻿#REF!,﻿#REF!,,,,,,,,,,,,,,1843,﻿,﻿,﻿hi,Louisville
﻿lou.ky.9034_02,﻿church,﻿[Chapel of?] Loretto Convent and Academy [of St. Mary's?],English,﻿p131: https://digital.library.villanova.edu/Item/vudl:325604#?xywh=-111%2C219%2C1488%2C814&cv=130,,,,﻿Marion County,﻿Loretto,,﻿KY,,﻿#REF!,﻿#REF!,,,,,,,,,,,,,,1843,﻿,﻿,﻿hi,Louisville
﻿lou.ky.9034_02,﻿church,﻿[Chapel of?] Loretto Convent and Academy [of St. Mary's?],English,﻿p131: https://digital.library.villanova.edu/Item/vudl:325604#?xywh=-111%2C219%2C1488%2C814&cv=130,,,,﻿Marion County,﻿Loretto,,﻿KY,,﻿#REF!,﻿#REF!,,,,,,,,,,,,,,1843,﻿,﻿,﻿hi,Louisville
﻿lou.ky.9034_02,﻿church,﻿[Chapel of?] Loretto Convent and Academy [of St. Mary's?],English,﻿p131: https://digital.library.villanova.edu/Item/vudl:325604#?xywh=-111%2C219%2C1488%2C814&cv=130,,,,﻿Marion County,﻿Loretto,,﻿KY,,﻿#REF!,﻿#REF!,,,,,,,,,,,,,,1843,﻿,﻿,﻿hi,Louisville
﻿lou.ky.9034_02,﻿church,﻿[Chapel of?] Loretto Convent and Academy [of St. Mary's?],English,﻿p131: https://digital.library.villanova.edu/Item/vudl:325604#?xywh=-111%2C219%2C1488%2C814&cv=130,,,,﻿Marion County,﻿Loretto,,﻿KY,,﻿#REF!,﻿#REF!,,,,,,,,,,,,,,1843,﻿,﻿,﻿hi,Louisville
﻿lou.ky.9034_02,﻿church,﻿[Chapel of?] Loretto Convent and Academy [of St. Mary's?],English,﻿p131: https://digital.library.villanova.edu/Item/vudl:325604#?xywh=-111%2C219%2C1488%2C814&cv=130,,,,﻿Marion County,﻿Loretto,,﻿KY,,﻿#REF!,﻿#REF!,,,,,,,,,,,,,,1843,﻿,﻿,﻿hi,Louisville
﻿lou.ky.9034_02,﻿church,﻿[Chapel of?] Loretto Convent and Academy [of St. Mary's?],English,﻿p131: https://digital.library.villanova.edu/Item/vudl:325604#?xywh=-111%2C219%2C1488%2C814&cv=130,,,,﻿Marion County,﻿Loretto,,﻿KY,,﻿#REF!,﻿#REF!,,,,,,,,,,,,,,1843,﻿,﻿,﻿hi,Louisville
﻿lou.ky.9034_02,﻿church,﻿[Chapel of?] Loretto Convent and Academy [of St. Mary's?],English,﻿p131: https://digital.library.villanova.edu/Item/vudl:325604#?xywh=-111%2C219%2C1488%2C814&cv=130,,,,﻿Marion County,﻿Loretto,,﻿KY,,﻿#REF!,﻿#REF!,,,,,,,,,,,,,,1843,﻿,﻿,﻿hi,Louisville
﻿lou.ky.9034_02,﻿church,﻿[Chapel of?] Loretto Convent and Academy [of St. Mary's?],English,﻿p131: https://digital.library.villanova.edu/Item/vudl:325604#?xywh=-111%2C219%2C1488%2C814&cv=130,,,,﻿Marion County,﻿Loretto,,﻿KY,,﻿#REF!,﻿#REF!,,,,,,,,,,,,,,1843,﻿,﻿,﻿hi,Louisville
﻿lou.ky.9034_02,﻿church,﻿[Chapel of?] Loretto Convent and Academy [of St. Mary's?],English,﻿p131: https://digital.library.villanova.edu/Item/vudl:325604#?xywh=-111%2C219%2C1488%2C814&cv=130,,,,﻿Marion County,﻿Loretto,,﻿KY,,﻿#REF!,﻿#REF!,,,,,,,,,,,,,,1843,﻿,﻿,﻿hi,Louisville
﻿lou.ky.9034_02,﻿church,﻿[Chapel of?] Loretto Convent and Academy [of St. Mary's?],English,﻿p131: https://digital.library.villanova.edu/Item/vudl:325604#?xywh=-111%2C219%2C1488%2C814&cv=130,,,,﻿Marion County,﻿Loretto,,﻿KY,,﻿#REF!,﻿#REF!,,,,,,,,,,,,,,1843,﻿,﻿,﻿hi,Louisville
﻿lou.ky.9034_02,﻿church,﻿[Chapel of?] Loretto Convent and Academy [of St. Mary's?],English,﻿p131: https://digital.library.villanova.edu/Item/vudl:325604#?xywh=-111%2C219%2C1488%2C814&cv=130,,,,﻿Marion County,﻿Loretto,,﻿KY,,﻿#REF!,﻿#REF!,,,,,,,,,,,,,,1843,﻿,﻿,﻿hi,Louisville
﻿lou.ky.9034_02,﻿church,﻿[Chapel of?] Loretto Convent and Academy [of St. Mary's?],English,﻿p131: https://digital.library.villanova.edu/Item/vudl:325604#?xywh=-111%2C219%2C1488%2C814&cv=130,,,,﻿Marion County,﻿Loretto,,﻿KY,,﻿#REF!,﻿#REF!,,,,,,,,,,,,,,1843,﻿,﻿,﻿hi,Louisville
﻿lou.ky.9034_02,﻿church,﻿[Chapel of?] Loretto Convent and Academy [of St. Mary's?],English,﻿p131: https://digital.library.villanova.edu/Item/vudl:325604#?xywh=-111%2C219%2C1488%2C814&cv=130,,,,﻿Marion County,﻿Loretto,,﻿KY,,﻿#REF!,﻿#REF!,,,,,,,,,,,,,,1843,﻿,﻿,﻿hi,Louisville
﻿lou.ky.9034_02,﻿church,﻿[Chapel of?] Loretto Convent and Academy [of St. Mary's?],English,﻿p131: https://digital.library.villanova.edu/Item/vudl:325604#?xywh=-111%2C219%2C1488%2C814&cv=130,,,,﻿Marion County,﻿Loretto,,﻿KY,,﻿#REF!,﻿#REF!,,,,,,,,,,,,,,1843,﻿,﻿,﻿hi,Louisville
﻿lou.ky.9034_02,﻿church,﻿[Chapel of?] Loretto Convent and Academy [of St. Mary's?],English,﻿p131: https://digital.library.villanova.edu/Item/vudl:325604#?xywh=-111%2C219%2C1488%2C814&cv=130,,,,﻿Marion County,﻿Loretto,,﻿KY,,﻿#REF!,﻿#REF!,,,,,,,,,,,,,,1843,﻿,﻿,﻿hi,Louisville
﻿lou.ky.9034_02,﻿church,﻿[Chapel of?] Loretto Convent and Academy [of St. Mary's?],English,﻿p131: https://digital.library.villanova.edu/Item/vudl:325604#?xywh=-111%2C219%2C1488%2C814&cv=130,,,,﻿Marion County,﻿Loretto,,﻿KY,,﻿#REF!,﻿#REF!,,,,,,,,,,,,,,1843,﻿,﻿,﻿hi,Louisville
﻿lou.ky.9034_02,﻿church,﻿[Chapel of?] Loretto Convent and Academy [of St. Mary's?],English,﻿p131: https://digital.library.villanova.edu/Item/vudl:325604#?xywh=-111%2C219%2C1488%2C814&cv=130,,,,﻿Marion County,﻿Loretto,,﻿KY,,﻿#REF!,﻿#REF!,,,,,,,,,,,,,,1843,﻿,﻿,﻿hi,Louisville
﻿lou.ky.9034_02,﻿church,﻿[Chapel of?] Loretto Convent and Academy [of St. Mary's?],English,﻿p131: https://digital.library.villanova.edu/Item/vudl:325604#?xywh=-111%2C219%2C1488%2C814&cv=130,,,,﻿Marion County,﻿Loretto,,﻿KY,,﻿#REF!,﻿#REF!,,,,,,,,,,,,,,1843,﻿,﻿,﻿hi,Louisville
﻿lou.ky.9034_02,﻿church,﻿[Chapel of?] Loretto Convent and Academy [of St. Mary's?],English,﻿p131: https://digital.library.villanova.edu/Item/vudl:325604#?xywh=-111%2C219%2C1488%2C814&cv=130,,,,﻿Marion County,﻿Loretto,,﻿KY,,﻿#REF!,﻿#REF!,,,,,,,,,,,,,,1843,﻿,﻿,﻿hi,Louisville
﻿lou.ky.9034_02,﻿church,﻿[Chapel of?] Loretto Convent and Academy [of St. Mary's?],English,﻿p131: https://digital.library.villanova.edu/Item/vudl:325604#?xywh=-111%2C219%2C1488%2C814&cv=130,,,,﻿Marion County,﻿Loretto,,﻿KY,,﻿#REF!,﻿#REF!,,,,,,,,,,,,,,1843,﻿,﻿,﻿hi,Louisville
﻿lou.ky.9034_02,﻿church,﻿[Chapel of?] Loretto Convent and Academy [of St. Mary's?],English,﻿p131: https://digital.library.villanova.edu/Item/vudl:325604#?xywh=-111%2C219%2C1488%2C814&cv=130,,,,﻿Marion County,﻿Loretto,,﻿KY,,﻿#REF!,﻿#REF!,,,,,,,,,,,,,,1843,﻿,﻿,﻿hi,Louisville
﻿lou.ky.9034_02,﻿church,﻿[Chapel of?] Loretto Convent and Academy [of St. Mary's?],English,﻿p131: https://digital.library.villanova.edu/Item/vudl:325604#?xywh=-111%2C219%2C1488%2C814&cv=130,,,,﻿Marion County,﻿Loretto,,﻿KY,,﻿#REF!,﻿#REF!,,,,,,,,,,,,,,1843,﻿,﻿,﻿hi,Louisville
﻿lou.ky.9034_02,﻿church,﻿[Chapel of?] Loretto Convent and Academy [of St. Mary's?],English,﻿p131: https://digital.library.villanova.edu/Item/vudl:325604#?xywh=-111%2C219%2C1488%2C814&cv=130,,,,﻿Marion County,﻿Loretto,,﻿KY,,﻿#REF!,﻿#REF!,,,,,,,,,,,,,,1843,﻿,﻿,﻿hi,Louisville
﻿lou.ky.9034_02,﻿church,﻿[Chapel of?] Loretto Convent and Academy [of St. Mary's?],English,﻿p131: https://digital.library.villanova.edu/Item/vudl:325604#?xywh=-111%2C219%2C1488%2C814&cv=130,,,,﻿Marion County,﻿Loretto,,﻿KY,,﻿#REF!,﻿#REF!,,,,,,,,,,,,,,1843,﻿,﻿,﻿hi,Louisville
﻿lou.ky.9034_02,﻿church,﻿[Chapel of?] Loretto Convent and Academy [of St. Mary's?],English,﻿p131: https://digital.library.villanova.edu/Item/vudl:325604#?xywh=-111%2C219%2C1488%2C814&cv=130,,,,﻿Marion County,﻿Loretto,,﻿KY,,﻿#REF!,﻿#REF!,,,,,,,,,,,,,,1843,﻿,﻿,﻿hi,Louisville
﻿lou.ky.9034_02,﻿church,﻿[Chapel of?] Loretto Convent and Academy [of St. Mary's?],English,﻿p131: https://digital.library.villanova.edu/Item/vudl:325604#?xywh=-111%2C219%2C1488%2C814&cv=130,,,,﻿Marion County,﻿Loretto,,﻿KY,,﻿#REF!,﻿#REF!,,,,,,,,,,,,,,1843,﻿,﻿,﻿hi,Louisville
﻿lou.ky.9034_02,﻿church,﻿[Chapel of?] Loretto Convent and Academy [of St. Mary's?],English,﻿p131: https://digital.library.villanova.edu/Item/vudl:325604#?xywh=-111%2C219%2C1488%2C814&cv=130,,,,﻿Marion County,﻿Loretto,,﻿KY,,﻿#REF!,﻿#REF!,,,,,,,,,,,,,,1843,﻿,﻿,﻿hi,Louisville
﻿lou.ky.9034_02,﻿church,﻿[Chapel of?] Loretto Convent and Academy [of St. Mary's?],English,﻿p131: https://digital.library.villanova.edu/Item/vudl:325604#?xywh=-111%2C219%2C1488%2C814&cv=130,,,,﻿Marion County,﻿Loretto,,﻿KY,,﻿#REF!,﻿#REF!,,,,,,,,,,,,,,1843,﻿,﻿,﻿hi,Louisville
﻿lou.ky.9034_02,﻿church,﻿[Chapel of?] Loretto Convent and Academy [of St. Mary's?],English,﻿p131: https://digital.library.villanova.edu/Item/vudl:325604#?xywh=-111%2C219%2C1488%2C814&cv=130,,,,﻿Marion County,﻿Loretto,,﻿KY,,﻿#REF!,﻿#REF!,,,,,,,,,,,,,,1843,﻿,﻿,﻿hi,Louisville
﻿lou.ky.9034_02,﻿church,﻿[Chapel of?] Loretto Convent and Academy [of St. Mary's?],English,﻿p131: https://digital.library.villanova.edu/Item/vudl:325604#?xywh=-111%2C219%2C1488%2C814&cv=130,,,,﻿Marion County,﻿Loretto,,﻿KY,,﻿#REF!,﻿#REF!,,,,,,,,,,,,,,1843,﻿,﻿,﻿hi,Louisville
﻿lou.ky.9034_02,﻿church,﻿[Chapel of?] Loretto Convent and Academy [of St. Mary's?],English,﻿p131: https://digital.library.villanova.edu/Item/vudl:325604#?xywh=-111%2C219%2C1488%2C814&cv=130,,,,﻿Marion County,﻿Loretto,,﻿KY,,﻿#REF!,﻿#REF!,,,,,,,,,,,,,,1843,﻿,﻿,﻿hi,Louisville
﻿lou.ky.9034_02,﻿church,﻿[Chapel of?] Loretto Convent and Academy [of St. Mary's?],English,﻿p131: https://digital.library.villanova.edu/Item/vudl:325604#?xywh=-111%2C219%2C1488%2C814&cv=130,,,,﻿Marion County,﻿Loretto,,﻿KY,,﻿#REF!,﻿#REF!,,,,,,,,,,,,,,1843,﻿,﻿,﻿hi,Louisville
﻿lou.ky.9034_02,﻿church,﻿[Chapel of?] Loretto Convent and Academy [of St. Mary's?],English,﻿p131: https://digital.library.villanova.edu/Item/vudl:325604#?xywh=-111%2C219%2C1488%2C814&cv=130,,,,﻿Marion County,﻿Loretto,,﻿KY,,﻿#REF!,﻿#REF!,,,,,,,,,,,,,,1843,﻿,﻿,﻿hi,Louisville
﻿lou.ky.9034_02,﻿church,﻿[Chapel of?] Loretto Convent and Academy [of St. Mary's?],English,﻿p131: https://digital.library.villanova.edu/Item/vudl:325604#?xywh=-111%2C219%2C1488%2C814&cv=130,,,,﻿Marion County,﻿Loretto,,﻿KY,,﻿#REF!,﻿#REF!,,,,,,,,,,,,,,1843,﻿,﻿,﻿hi,Louisville
﻿lou.ky.9034_02,﻿church,﻿[Chapel of?] Loretto Convent and Academy [of St. Mary's?],English,﻿p131: https://digital.library.villanova.edu/Item/vudl:325604#?xywh=-111%2C219%2C1488%2C814&cv=130,,,,﻿Marion County,﻿Loretto,,﻿KY,,﻿#REF!,﻿#REF!,,,,,,,,,,,,,,1843,﻿,﻿,﻿hi,Louisville
﻿lou.ky.9034_02,﻿church,﻿[Chapel of?] Loretto Convent and Academy [of St. Mary's?],English,﻿p131: https://digital.library.villanova.edu/Item/vudl:325604#?xywh=-111%2C219%2C1488%2C814&cv=130,,,,﻿Marion County,﻿Loretto,,﻿KY,,﻿#REF!,﻿#REF!,,,,,,,,,,,,,,1843,﻿,﻿,﻿hi,Louisville
﻿lou.ky.9034_02,﻿church,﻿[Chapel of?] Loretto Convent and Academy [of St. Mary's?],English,﻿p131: https://digital.library.villanova.edu/Item/vudl:325604#?xywh=-111%2C219%2C1488%2C814&cv=130,,,,﻿Marion County,﻿Loretto,,﻿KY,,﻿#REF!,﻿#REF!,,,,,,,,,,,,,,1843,﻿,﻿,﻿hi,Louisville
﻿lou.ky.9034_02,﻿church,﻿[Chapel of?] Loretto Convent and Academy [of St. Mary's?],English,﻿p131: https://digital.library.villanova.edu/Item/vudl:325604#?xywh=-111%2C219%2C1488%2C814&cv=130,,,,﻿Marion County,﻿Loretto,,﻿KY,,﻿#REF!,﻿#REF!,,,,,,,,,,,,,,1843,﻿,﻿,﻿hi,Louisville
﻿lou.ky.9034_02,﻿church,﻿[Chapel of?] Loretto Convent and Academy [of St. Mary's?],English,﻿p131: https://digital.library.villanova.edu/Item/vudl:325604#?xywh=-111%2C219%2C1488%2C814&cv=130,,,,﻿Marion County,﻿Loretto,,﻿KY,,﻿#REF!,﻿#REF!,,,,,,,,,,,,,,1843,﻿,﻿,﻿hi,Louisville
﻿lou.ky.9034_02,﻿church,﻿[Chapel of?] Loretto Convent and Academy [of St. Mary's?],English,﻿p131: https://digital.library.villanova.edu/Item/vudl:325604#?xywh=-111%2C219%2C1488%2C814&cv=130,,,,﻿Marion County,﻿Loretto,,﻿KY,,﻿#REF!,﻿#REF!,,,,,,,,,,,,,,1843,﻿,﻿,﻿hi,Louisville
﻿lou.ky.9034_02,﻿church,﻿[Chapel of?] Loretto Convent and Academy [of St. Mary's?],English,﻿p131: https://digital.library.villanova.edu/Item/vudl:325604#?xywh=-111%2C219%2C1488%2C814&cv=130,,,,﻿Marion County,﻿Loretto,,﻿KY,,﻿#REF!,﻿#REF!,,,,,,,,,,,,,,1843,﻿,﻿,﻿hi,Louisville
﻿lou.ky.9034_02,﻿church,﻿[Chapel of?] Loretto Convent and Academy [of St. Mary's?],English,﻿p131: https://digital.library.villanova.edu/Item/vudl:325604#?xywh=-111%2C219%2C1488%2C814&cv=130,,,,﻿Marion County,﻿Loretto,,﻿KY,,﻿#REF!,﻿#REF!,,,,,,,,,,,,,,1843,﻿,﻿,﻿hi,Louisville
﻿lou.ky.9034_02,﻿church,﻿[Chapel of?] Loretto Convent and Academy [of St. Mary's?],English,﻿p131: https://digital.library.villanova.edu/Item/vudl:325604#?xywh=-111%2C219%2C1488%2C814&cv=130,,,,﻿Marion County,﻿Loretto,,﻿KY,,﻿#REF!,﻿#REF!,,,,,,,,,,,,,,1843,﻿,﻿,﻿hi,Louisville
﻿lou.ky.9034_02,﻿church,﻿[Chapel of?] Loretto Convent and Academy [of St. Mary's?],English,﻿p131: https://digital.library.villanova.edu/Item/vudl:325604#?xywh=-111%2C219%2C1488%2C814&cv=130,,,,﻿Marion County,﻿Loretto,,﻿KY,,﻿#REF!,﻿#REF!,,,,,,,,,,,,,,1843,﻿,﻿,﻿hi,Louisville
﻿lou.ky.9034_02,﻿church,﻿[Chapel of?] Loretto Convent and Academy [of St. Mary's?],English,﻿p131: https://digital.library.villanova.edu/Item/vudl:325604#?xywh=-111%2C219%2C1488%2C814&cv=130,,,,﻿Marion County,﻿Loretto,,﻿KY,,﻿#REF!,﻿#REF!,,,,,,,,,,,,,,1843,﻿,﻿,﻿hi,Louisville
﻿lou.ky.9034_02,﻿church,﻿[Chapel of?] Loretto Convent and Academy [of St. Mary's?],English,﻿p131: https://digital.library.villanova.edu/Item/vudl:325604#?xywh=-111%2C219%2C1488%2C814&cv=130,,,,﻿Marion County,﻿Loretto,,﻿KY,,﻿#REF!,﻿#REF!,,,,,,,,,,,,,,1843,﻿,﻿,﻿hi,Louisville
﻿lou.ky.9034_02,﻿church,﻿[Chapel of?] Loretto Convent and Academy [of St. Mary's?],English,﻿p131: https://digital.library.villanova.edu/Item/vudl:325604#?xywh=-111%2C219%2C1488%2C814&cv=130,,,,﻿Marion County,﻿Loretto,,﻿KY,,﻿#REF!,﻿#REF!,,,,,,,,,,,,,,1843,﻿,﻿,﻿hi,Louisville
﻿lou.ky.9034_02,﻿church,﻿[Chapel of?] Loretto Convent and Academy [of St. Mary's?],English,﻿p131: https://digital.library.villanova.edu/Item/vudl:325604#?xywh=-111%2C219%2C1488%2C814&cv=130,,,,﻿Marion County,﻿Loretto,,﻿KY,,﻿#REF!,﻿#REF!,,,,,,,,,,,,,,1843,﻿,﻿,﻿hi,Louisville
﻿lou.ky.9034_02,﻿church,﻿[Chapel of?] Loretto Convent and Academy [of St. Mary's?],English,﻿p131: https://digital.library.villanova.edu/Item/vudl:325604#?xywh=-111%2C219%2C1488%2C814&cv=130,,,,﻿Marion County,﻿Loretto,,﻿KY,,﻿#REF!,﻿#REF!,,,,,,,,,,,,,,1843,﻿,﻿,﻿hi,Louisville
﻿lou.ky.9034_02,﻿church,﻿[Chapel of?] Loretto Convent and Academy [of St. Mary's?],English,﻿p131: https://digital.library.villanova.edu/Item/vudl:325604#?xywh=-111%2C219%2C1488%2C814&cv=130,,,,﻿Marion County,﻿Loretto,,﻿KY,,﻿#REF!,﻿#REF!,,,,,,,,,,,,,,1843,﻿,﻿,﻿hi,Louisville
﻿lou.ky.9034_02,﻿church,﻿[Chapel of?] Loretto Convent and Academy [of St. Mary's?],English,﻿p131: https://digital.library.villanova.edu/Item/vudl:325604#?xywh=-111%2C219%2C1488%2C814&cv=130,,,,﻿Marion County,﻿Loretto,,﻿KY,,﻿#REF!,﻿#REF!,,,,,,,,,,,,,,1843,﻿,﻿,﻿hi,Louisville
﻿lou.ky.9034_02,﻿church,﻿[Chapel of?] Loretto Convent and Academy [of St. Mary's?],English,﻿p131: https://digital.library.villanova.edu/Item/vudl:325604#?xywh=-111%2C219%2C1488%2C814&cv=130,,,,﻿Marion County,﻿Loretto,,﻿KY,,﻿#REF!,﻿#REF!,,,,,,,,,,,,,,1843,﻿,﻿,﻿hi,Louisville
﻿lou.ky.9034_02,﻿church,﻿[Chapel of?] Loretto Convent and Academy [of St. Mary's?],English,﻿p131: https://digital.library.villanova.edu/Item/vudl:325604#?xywh=-111%2C219%2C1488%2C814&cv=130,,,,﻿Marion County,﻿Loretto,,﻿KY,,﻿#REF!,﻿#REF!,,,,,,,,,,,,,,1843,﻿,﻿,﻿hi,Louisville
﻿lou.ky.9034_02,﻿church,﻿[Chapel of?] Loretto Convent and Academy [of St. Mary's?],English,﻿p131: https://digital.library.villanova.edu/Item/vudl:325604#?xywh=-111%2C219%2C1488%2C814&cv=130,,,,﻿Marion County,﻿Loretto,,﻿KY,,﻿#REF!,﻿#REF!,,,,,,,,,,,,,,1843,﻿,﻿,﻿hi,Louisville
﻿lou.ky.9034_02,﻿church,﻿[Chapel of?] Loretto Convent and Academy [of St. Mary's?],English,﻿p131: https://digital.library.villanova.edu/Item/vudl:325604#?xywh=-111%2C219%2C1488%2C814&cv=130,,,,﻿Marion County,﻿Loretto,,﻿KY,,﻿#REF!,﻿#REF!,,,,,,,,,,,,,,1843,﻿,﻿,﻿hi,Louisville
﻿lou.ky.9034_02,﻿church,﻿[Chapel of?] Loretto Convent and Academy [of St. Mary's?],English,﻿p131: https://digital.library.villanova.edu/Item/vudl:325604#?xywh=-111%2C219%2C1488%2C814&cv=130,,,,﻿Marion County,﻿Loretto,,﻿KY,,﻿#REF!,﻿#REF!,,,,,,,,,,,,,,1843,﻿,﻿,﻿hi,Louisville
﻿lou.ky.9034_02,﻿church,﻿[Chapel of?] Loretto Convent and Academy [of St. Mary's?],English,﻿p131: https://digital.library.villanova.edu/Item/vudl:325604#?xywh=-111%2C219%2C1488%2C814&cv=130,,,,﻿Marion County,﻿Loretto,,﻿KY,,﻿#REF!,﻿#REF!,,,,,,,,,,,,,,1843,﻿,﻿,﻿hi,Louisville
﻿lou.ky.9034_02,﻿church,﻿[Chapel of?] Loretto Convent and Academy [of St. Mary's?],English,﻿p131: https://digital.library.villanova.edu/Item/vudl:325604#?xywh=-111%2C219%2C1488%2C814&cv=130,,,,﻿Marion County,﻿Loretto,,﻿KY,,﻿#REF!,﻿#REF!,,,,,,,,,,,,,,1843,﻿,﻿,﻿hi,Louisville
﻿lou.ky.9034_02,﻿church,﻿[Chapel of?] Loretto Convent and Academy [of St. Mary's?],English,﻿p131: https://digital.library.villanova.edu/Item/vudl:325604#?xywh=-111%2C219%2C1488%2C814&cv=130,,,,﻿Marion County,﻿Loretto,,﻿KY,,﻿#REF!,﻿#REF!,,,,,,,,,,,,,,1843,﻿,﻿,﻿hi,Louisville
﻿lou.ky.9034_02,﻿church,﻿[Chapel of?] Loretto Convent and Academy [of St. Mary's?],English,﻿p131: https://digital.library.villanova.edu/Item/vudl:325604#?xywh=-111%2C219%2C1488%2C814&cv=130,,,,﻿Marion County,﻿Loretto,,﻿KY,,﻿#REF!,﻿#REF!,,,,,,,,,,,,,,1843,﻿,﻿,﻿hi,Louisville
﻿lou.ky.9034_02,﻿church,﻿[Chapel of?] Loretto Convent and Academy [of St. Mary's?],English,﻿p131: https://digital.library.villanova.edu/Item/vudl:325604#?xywh=-111%2C219%2C1488%2C814&cv=130,,,,﻿Marion County,﻿Loretto,,﻿KY,,﻿#REF!,﻿#REF!,,,,,,,,,,,,,,1843,﻿,﻿,﻿hi,Louisville
﻿lou.ky.9034_02,﻿church,﻿[Chapel of?] Loretto Convent and Academy [of St. Mary's?],English,﻿p131: https://digital.library.villanova.edu/Item/vudl:325604#?xywh=-111%2C219%2C1488%2C814&cv=130,,,,﻿Marion County,﻿Loretto,,﻿KY,,﻿#REF!,﻿#REF!,,,,,,,,,,,,,,1843,﻿,﻿,﻿hi,Louisville
﻿lou.ky.9034_02,﻿church,﻿[Chapel of?] Loretto Convent and Academy [of St. Mary's?],English,﻿p131: https://digital.library.villanova.edu/Item/vudl:325604#?xywh=-111%2C219%2C1488%2C814&cv=130,,,,﻿Marion County,﻿Loretto,,﻿KY,,﻿#REF!,﻿#REF!,,,,,,,,,,,,,,1843,﻿,﻿,﻿hi,Louisville
﻿lou.ky.9034_02,﻿church,﻿[Chapel of?] Loretto Convent and Academy [of St. Mary's?],English,﻿p131: https://digital.library.villanova.edu/Item/vudl:325604#?xywh=-111%2C219%2C1488%2C814&cv=130,,,,﻿Marion County,﻿Loretto,,﻿KY,,﻿#REF!,﻿#REF!,,,,,,,,,,,,,,1843,﻿,﻿,﻿hi,Louisville
﻿lou.ky.9034_02,﻿church,﻿[Chapel of?] Loretto Convent and Academy [of St. Mary's?],English,﻿p131: https://digital.library.villanova.edu/Item/vudl:325604#?xywh=-111%2C219%2C1488%2C814&cv=130,,,,﻿Marion County,﻿Loretto,,﻿KY,,﻿#REF!,﻿#REF!,,,,,,,,,,,,,,1843,﻿,﻿,﻿hi,Louisville
﻿lou.ky.9034_02,﻿church,﻿[Chapel of?] Loretto Convent and Academy [of St. Mary's?],English,﻿p131: https://digital.library.villanova.edu/Item/vudl:325604#?xywh=-111%2C219%2C1488%2C814&cv=130,,,,﻿Marion County,﻿Loretto,,﻿KY,,﻿#REF!,﻿#REF!,,,,,,,,,,,,,,1843,﻿,﻿,﻿hi,Louisville
﻿lou.ky.9034_02,﻿church,﻿[Chapel of?] Loretto Convent and Academy [of St. Mary's?],English,﻿p131: https://digital.library.villanova.edu/Item/vudl:325604#?xywh=-111%2C219%2C1488%2C814&cv=130,,,,﻿Marion County,﻿Loretto,,﻿KY,,﻿#REF!,﻿#REF!,,,,,,,,,,,,,,1843,﻿,﻿,﻿hi,Louisville
﻿lou.ky.9034_02,﻿church,﻿[Chapel of?] Loretto Convent and Academy [of St. Mary's?],English,﻿p131: https://digital.library.villanova.edu/Item/vudl:325604#?xywh=-111%2C219%2C1488%2C814&cv=130,,,,﻿Marion County,﻿Loretto,,﻿KY,,﻿#REF!,﻿#REF!,,,,,,,,,,,,,,1843,﻿,﻿,﻿hi,Louisville
﻿lou.ky.9034_02,﻿church,﻿[Chapel of?] Loretto Convent and Academy [of St. Mary's?],English,﻿p131: https://digital.library.villanova.edu/Item/vudl:325604#?xywh=-111%2C219%2C1488%2C814&cv=130,,,,﻿Marion County,﻿Loretto,,﻿KY,,﻿#REF!,﻿#REF!,,,,,,,,,,,,,,1843,﻿,﻿,﻿hi,Louisville
﻿lou.ky.9034_02,﻿church,﻿[Chapel of?] Loretto Convent and Academy [of St. Mary's?],English,﻿p131: https://digital.library.villanova.edu/Item/vudl:325604#?xywh=-111%2C219%2C1488%2C814&cv=130,,,,﻿Marion County,﻿Loretto,,﻿KY,,﻿#REF!,﻿#REF!,,,,,,,,,,,,,,1843,﻿,﻿,﻿hi,Louisville
﻿lou.ky.9034_02,﻿church,﻿[Chapel of?] Loretto Convent and Academy [of St. Mary's?],English,﻿p131: https://digital.library.villanova.edu/Item/vudl:325604#?xywh=-111%2C219%2C1488%2C814&cv=130,,,,﻿Marion County,﻿Loretto,,﻿KY,,﻿#REF!,﻿#REF!,,,,,,,,,,,,,,1843,﻿,﻿,﻿hi,Louisville
﻿lou.ky.9034_02,﻿church,﻿[Chapel of?] Loretto Convent and Academy [of St. Mary's?],English,﻿p131: https://digital.library.villanova.edu/Item/vudl:325604#?xywh=-111%2C219%2C1488%2C814&cv=130,,,,﻿Marion County,﻿Loretto,,﻿KY,,﻿#REF!,﻿#REF!,,,,,,,,,,,,,,1843,﻿,﻿,﻿hi,Louisville
﻿lou.ky.9034_02,﻿church,﻿[Chapel of?] Loretto Convent and Academy [of St. Mary's?],English,﻿p131: https://digital.library.villanova.edu/Item/vudl:325604#?xywh=-111%2C219%2C1488%2C814&cv=130,,,,﻿Marion County,﻿Loretto,,﻿KY,,﻿#REF!,﻿#REF!,,,,,,,,,,,,,,1843,﻿,﻿,﻿hi,Louisville
﻿lou.ky.9034_02,﻿church,﻿[Chapel of?] Loretto Convent and Academy [of St. Mary's?],English,﻿p131: https://digital.library.villanova.edu/Item/vudl:325604#?xywh=-111%2C219%2C1488%2C814&cv=130,,,,﻿Marion County,﻿Loretto,,﻿KY,,﻿#REF!,﻿#REF!,,,,,,,,,,,,,,1843,﻿,﻿,﻿hi,Louisville
﻿lou.ky.9034_02,﻿church,﻿[Chapel of?] Loretto Convent and Academy [of St. Mary's?],English,﻿p131: https://digital.library.villanova.edu/Item/vudl:325604#?xywh=-111%2C219%2C1488%2C814&cv=130,,,,﻿Marion County,﻿Loretto,,﻿KY,,﻿#REF!,﻿#REF!,,,,,,,,,,,,,,1843,﻿,﻿,﻿hi,Louisville
﻿lou.ky.9034_02,﻿church,﻿[Chapel of?] Loretto Convent and Academy [of St. Mary's?],English,﻿p131: https://digital.library.villanova.edu/Item/vudl:325604#?xywh=-111%2C219%2C1488%2C814&cv=130,,,,﻿Marion County,﻿Loretto,,﻿KY,,﻿#REF!,﻿#REF!,,,,,,,,,,,,,,1843,﻿,﻿,﻿hi,Louisville
﻿lou.ky.9034_02,﻿church,﻿[Chapel of?] Loretto Convent and Academy [of St. Mary's?],English,﻿p131: https://digital.library.villanova.edu/Item/vudl:325604#?xywh=-111%2C219%2C1488%2C814&cv=130,,,,﻿Marion County,﻿Loretto,,﻿KY,,﻿#REF!,﻿#REF!,,,,,,,,,,,,,,1843,﻿,﻿,﻿hi,Louisville
﻿lou.ky.9034_02,﻿church,﻿[Chapel of?] Loretto Convent and Academy [of St. Mary's?],English,﻿p131: https://digital.library.villanova.edu/Item/vudl:325604#?xywh=-111%2C219%2C1488%2C814&cv=130,,,,﻿Marion County,﻿Loretto,,﻿KY,,﻿#REF!,﻿#REF!,,,,,,,,,,,,,,1843,﻿,﻿,﻿hi,Louisville
﻿lou.ky.9034_02,﻿church,﻿[Chapel of?] Loretto Convent and Academy [of St. Mary's?],English,﻿p131: https://digital.library.villanova.edu/Item/vudl:325604#?xywh=-111%2C219%2C1488%2C814&cv=130,,,,﻿Marion County,﻿Loretto,,﻿KY,,﻿#REF!,﻿#REF!,,,,,,,,,,,,,,1843,﻿,﻿,﻿hi,Louisville
﻿lou.ky.9034_02,﻿church,﻿[Chapel of?] Loretto Convent and Academy [of St. Mary's?],English,﻿p131: https://digital.library.villanova.edu/Item/vudl:325604#?xywh=-111%2C219%2C1488%2C814&cv=130,,,,﻿Marion County,﻿Loretto,,﻿KY,,﻿#REF!,﻿#REF!,,,,,,,,,,,,,,1843,﻿,﻿,﻿hi,Louisville
﻿lou.ky.9034_02,﻿church,﻿[Chapel of?] Loretto Convent and Academy [of St. Mary's?],English,﻿p131: https://digital.library.villanova.edu/Item/vudl:325604#?xywh=-111%2C219%2C1488%2C814&cv=130,,,,﻿Marion County,﻿Loretto,,﻿KY,,﻿#REF!,﻿#REF!,,,,,,,,,,,,,,1843,﻿,﻿,﻿hi,Louisville
﻿lou.ky.9034_02,﻿church,﻿[Chapel of?] Loretto Convent and Academy [of St. Mary's?],English,﻿p131: https://digital.library.villanova.edu/Item/vudl:325604#?xywh=-111%2C219%2C1488%2C814&cv=130,,,,﻿Marion County,﻿Loretto,,﻿KY,,﻿#REF!,﻿#REF!,,,,,,,,,,,,,,1843,﻿,﻿,﻿hi,Louisville
﻿lou.ky.9034_02,﻿church,﻿[Chapel of?] Loretto Convent and Academy [of St. Mary's?],English,﻿p131: https://digital.library.villanova.edu/Item/vudl:325604#?xywh=-111%2C219%2C1488%2C814&cv=130,,,,﻿Marion County,﻿Loretto,,﻿KY,,﻿#REF!,﻿#REF!,,,,,,,,,,,,,,1843,﻿,﻿,﻿hi,Louisville
﻿lou.ky.9034_02,﻿church,﻿[Chapel of?] Loretto Convent and Academy [of St. Mary's?],English,﻿p131: https://digital.library.villanova.edu/Item/vudl:325604#?xywh=-111%2C219%2C1488%2C814&cv=130,,,,﻿Marion County,﻿Loretto,,﻿KY,,﻿#REF!,﻿#REF!,,,,,,,,,,,,,,1843,﻿,﻿,﻿hi,Louisville
﻿lou.ky.9034_02,﻿church,﻿[Chapel of?] Loretto Convent and Academy [of St. Mary's?],English,﻿p131: https://digital.library.villanova.edu/Item/vudl:325604#?xywh=-111%2C219%2C1488%2C814&cv=130,,,,﻿Marion County,﻿Loretto,,﻿KY,,﻿#REF!,﻿#REF!,,,,,,,,,,,,,,1843,﻿,﻿,﻿hi,Louisville
﻿lou.ky.9034_02,﻿church,﻿[Chapel of?] Loretto Convent and Academy [of St. Mary's?],English,﻿p131: https://digital.library.villanova.edu/Item/vudl:325604#?xywh=-111%2C219%2C1488%2C814&cv=130,,,,﻿Marion County,﻿Loretto,,﻿KY,,﻿#REF!,﻿#REF!,,,,,,,,,,,,,,1843,﻿,﻿,﻿hi,Louisville
﻿lou.ky.9034_02,﻿church,﻿[Chapel of?] Loretto Convent and Academy [of St. Mary's?],English,﻿p131: https://digital.library.villanova.edu/Item/vudl:325604#?xywh=-111%2C219%2C1488%2C814&cv=130,,,,﻿Marion County,﻿Loretto,,﻿KY,,﻿#REF!,﻿#REF!,,,,,,,,,,,,,,1843,﻿,﻿,﻿hi,Louisville
﻿lou.ky.9034_02,﻿church,﻿[Chapel of?] Loretto Convent and Academy [of St. Mary's?],English,﻿p131: https://digital.library.villanova.edu/Item/vudl:325604#?xywh=-111%2C219%2C1488%2C814&cv=130,,,,﻿Marion County,﻿Loretto,,﻿KY,,﻿#REF!,﻿#REF!,,,,,,,,,,,,,,1843,﻿,﻿,﻿hi,Louisville
﻿lou.ky.9034_02,﻿church,﻿[Chapel of?] Loretto Convent and Academy [of St. Mary's?],English,﻿p131: https://digital.library.villanova.edu/Item/vudl:325604#?xywh=-111%2C219%2C1488%2C814&cv=130,,,,﻿Marion County,﻿Loretto,,﻿KY,,﻿#REF!,﻿#REF!,,,,,,,,,,,,,,1843,﻿,﻿,﻿hi,Louisville
﻿lou.ky.9034_02,﻿church,﻿[Chapel of?] Loretto Convent and Academy [of St. Mary's?],English,﻿p131: https://digital.library.villanova.edu/Item/vudl:325604#?xywh=-111%2C219%2C1488%2C814&cv=130,,,,﻿Marion County,﻿Loretto,,﻿KY,,﻿#REF!,﻿#REF!,,,,,,,,,,,,,,1843,﻿,﻿,﻿hi,Louisville
﻿lou.ky.9034_02,﻿church,﻿[Chapel of?] Loretto Convent and Academy [of St. Mary's?],English,﻿p131: https://digital.library.villanova.edu/Item/vudl:325604#?xywh=-111%2C219%2C1488%2C814&cv=130,,,,﻿Marion County,﻿Loretto,,﻿KY,,﻿#REF!,﻿#REF!,,,,,,,,,,,,,,1843,﻿,﻿,﻿hi,Louisville
﻿lou.ky.9034_02,﻿church,﻿[Chapel of?] Loretto Convent and Academy [of St. Mary's?],English,﻿p131: https://digital.library.villanova.edu/Item/vudl:325604#?xywh=-111%2C219%2C1488%2C814&cv=130,,,,﻿Marion County,﻿Loretto,,﻿KY,,﻿#REF!,﻿#REF!,,,,,,,,,,,,,,1843,﻿,﻿,﻿hi,Louisville
﻿lou.ky.9034_02,﻿church,﻿[Chapel of?] Loretto Convent and Academy [of St. Mary's?],English,﻿p131: https://digital.library.villanova.edu/Item/vudl:325604#?xywh=-111%2C219%2C1488%2C814&cv=130,,,,﻿Marion County,﻿Loretto,,﻿KY,,﻿#REF!,﻿#REF!,,,,,,,,,,,,,,1843,﻿,﻿,﻿hi,Louisville
﻿lou.ky.9034_02,﻿church,﻿[Chapel of?] Loretto Convent and Academy [of St. Mary's?],English,﻿p131: https://digital.library.villanova.edu/Item/vudl:325604#?xywh=-111%2C219%2C1488%2C814&cv=130,,,,﻿Marion County,﻿Loretto,,﻿KY,,﻿#REF!,﻿#REF!,,,,,,,,,,,,,,1843,﻿,﻿,﻿hi,Louisville
﻿lou.ky.9034_02,﻿church,﻿[Chapel of?] Loretto Convent and Academy [of St. Mary's?],English,﻿p131: https://digital.library.villanova.edu/Item/vudl:325604#?xywh=-111%2C219%2C1488%2C814&cv=130,,,,﻿Marion County,﻿Loretto,,﻿KY,,﻿#REF!,﻿#REF!,,,,,,,,,,,,,,1843,﻿,﻿,﻿hi,Louisville
﻿lou.ky.9034_02,﻿church,﻿[Chapel of?] Loretto Convent and Academy [of St. Mary's?],English,﻿p131: https://digital.library.villanova.edu/Item/vudl:325604#?xywh=-111%2C219%2C1488%2C814&cv=130,,,,﻿Marion County,﻿Loretto,,﻿KY,,﻿#REF!,﻿#REF!,,,,,,,,,,,,,,1843,﻿,﻿,﻿hi,Louisville
﻿lou.ky.9034_02,﻿church,﻿[Chapel of?] Loretto Convent and Academy [of St. Mary's?],English,﻿p131: https://digital.library.villanova.edu/Item/vudl:325604#?xywh=-111%2C219%2C1488%2C814&cv=130,,,,﻿Marion County,﻿Loretto,,﻿KY,,﻿#REF!,﻿#REF!,,,,,,,,,,,,,,1843,﻿,﻿,﻿hi,Louisville
﻿lou.ky.9034_02,﻿church,﻿[Chapel of?] Loretto Convent and Academy [of St. Mary's?],English,﻿p131: https://digital.library.villanova.edu/Item/vudl:325604#?xywh=-111%2C219%2C1488%2C814&cv=130,,,,﻿Marion County,﻿Loretto,,﻿KY,,﻿#REF!,﻿#REF!,,,,,,,,,,,,,,1843,﻿,﻿,﻿hi,Louisville
﻿lou.ky.9034_02,﻿church,﻿[Chapel of?] Loretto Convent and Academy [of St. Mary's?],English,﻿p131: https://digital.library.villanova.edu/Item/vudl:325604#?xywh=-111%2C219%2C1488%2C814&cv=130,,,,﻿Marion County,﻿Loretto,,﻿KY,,﻿#REF!,﻿#REF!,,,,,,,,,,,,,,1843,﻿,﻿,﻿hi,Louisville
﻿lou.ky.9034_02,﻿church,﻿[Chapel of?] Loretto Convent and Academy [of St. Mary's?],English,﻿p131: https://digital.library.villanova.edu/Item/vudl:325604#?xywh=-111%2C219%2C1488%2C814&cv=130,,,,﻿Marion County,﻿Loretto,,﻿KY,,﻿#REF!,﻿#REF!,,,,,,,,,,,,,,1843,﻿,﻿,﻿hi,Louisville
﻿lou.ky.9034_02,﻿church,﻿[Chapel of?] Loretto Convent and Academy [of St. Mary's?],English,﻿p131: https://digital.library.villanova.edu/Item/vudl:325604#?xywh=-111%2C219%2C1488%2C814&cv=130,,,,﻿Marion County,﻿Loretto,,﻿KY,,﻿#REF!,﻿#REF!,,,,,,,,,,,,,,1843,﻿,﻿,﻿hi,Louisville
﻿lou.ky.9034_02,﻿church,﻿[Chapel of?] Loretto Convent and Academy [of St. Mary's?],English,﻿p131: https://digital.library.villanova.edu/Item/vudl:325604#?xywh=-111%2C219%2C1488%2C814&cv=130,,,,﻿Marion County,﻿Loretto,,﻿KY,,﻿#REF!,﻿#REF!,,,,,,,,,,,,,,1843,﻿,﻿,﻿hi,Louisville
﻿lou.ky.9034_02,﻿church,﻿[Chapel of?] Loretto Convent and Academy [of St. Mary's?],English,﻿p131: https://digital.library.villanova.edu/Item/vudl:325604#?xywh=-111%2C219%2C1488%2C814&cv=130,,,,﻿Marion County,﻿Loretto,,﻿KY,,﻿#REF!,﻿#REF!,,,,,,,,,,,,,,1843,﻿,﻿,﻿hi,Louisville
﻿lou.ky.9034_02,﻿church,﻿[Chapel of?] Loretto Convent and Academy [of St. Mary's?],English,﻿p131: https://digital.library.villanova.edu/Item/vudl:325604#?xywh=-111%2C219%2C1488%2C814&cv=130,,,,﻿Marion County,﻿Loretto,,﻿KY,,﻿#REF!,﻿#REF!,,,,,,,,,,,,,,1843,﻿,﻿,﻿hi,Louisville
﻿lou.ky.9034_02,﻿church,﻿[Chapel of?] Loretto Convent and Academy [of St. Mary's?],English,﻿p131: https://digital.library.villanova.edu/Item/vudl:325604#?xywh=-111%2C219%2C1488%2C814&cv=130,,,,﻿Marion County,﻿Loretto,,﻿KY,,﻿#REF!,﻿#REF!,,,,,,,,,,,,,,1843,﻿,﻿,﻿hi,Louisville
﻿lou.ky.9034_02,﻿church,﻿[Chapel of?] Loretto Convent and Academy [of St. Mary's?],English,﻿p131: https://digital.library.villanova.edu/Item/vudl:325604#?xywh=-111%2C219%2C1488%2C814&cv=130,,,,﻿Marion County,﻿Loretto,,﻿KY,,﻿#REF!,﻿#REF!,,,,,,,,,,,,,,1843,﻿,﻿,﻿hi,Louisville
﻿lou.ky.9034_02,﻿church,﻿[Chapel of?] Loretto Convent and Academy [of St. Mary's?],English,﻿p131: https://digital.library.villanova.edu/Item/vudl:325604#?xywh=-111%2C219%2C1488%2C814&cv=130,,,,﻿Marion County,﻿Loretto,,﻿KY,,﻿#REF!,﻿#REF!,,,,,,,,,,,,,,1843,﻿,﻿,﻿hi,Louisville
﻿lou.ky.9034_02,﻿church,﻿[Chapel of?] Loretto Convent and Academy [of St. Mary's?],English,﻿p131: https://digital.library.villanova.edu/Item/vudl:325604#?xywh=-111%2C219%2C1488%2C814&cv=130,,,,﻿Marion County,﻿Loretto,,﻿KY,,﻿#REF!,﻿#REF!,,,,,,,,,,,,,,1843,﻿,﻿,﻿hi,Louisville
﻿lou.ky.9034_02,﻿church,﻿[Chapel of?] Loretto Convent and Academy [of St. Mary's?],English,﻿p131: https://digital.library.villanova.edu/Item/vudl:325604#?xywh=-111%2C219%2C1488%2C814&cv=130,,,,﻿Marion County,﻿Loretto,,﻿KY,,﻿#REF!,﻿#REF!,,,,,,,,,,,,,,1843,﻿,﻿,﻿hi,Louisville
﻿lou.ky.9034_02,﻿church,﻿[Chapel of?] Loretto Convent and Academy [of St. Mary's?],English,﻿p131: https://digital.library.villanova.edu/Item/vudl:325604#?xywh=-111%2C219%2C1488%2C814&cv=130,,,,﻿Marion County,﻿Loretto,,﻿KY,,﻿#REF!,﻿#REF!,,,,,,,,,,,,,,1843,﻿,﻿,﻿hi,Louisville
﻿lou.ky.9034_02,﻿church,﻿[Chapel of?] Loretto Convent and Academy [of St. Mary's?],English,﻿p131: https://digital.library.villanova.edu/Item/vudl:325604#?xywh=-111%2C219%2C1488%2C814&cv=130,,,,﻿Marion County,﻿Loretto,,﻿KY,,﻿#REF!,﻿#REF!,,,,,,,,,,,,,,1843,﻿,﻿,﻿hi,Louisville
﻿lou.ky.9034_02,﻿church,﻿[Chapel of?] Loretto Convent and Academy [of St. Mary's?],English,﻿p131: https://digital.library.villanova.edu/Item/vudl:325604#?xywh=-111%2C219%2C1488%2C814&cv=130,,,,﻿Marion County,﻿Loretto,,﻿KY,,﻿#REF!,﻿#REF!,,,,,,,,,,,,,,1843,﻿,﻿,﻿hi,Louisville
﻿lou.ky.9034_02,﻿church,﻿[Chapel of?] Loretto Convent and Academy [of St. Mary's?],English,﻿p131: https://digital.library.villanova.edu/Item/vudl:325604#?xywh=-111%2C219%2C1488%2C814&cv=130,,,,﻿Marion County,﻿Loretto,,﻿KY,,﻿#REF!,﻿#REF!,,,,,,,,,,,,,,1843,﻿,﻿,﻿hi,Louisville
﻿lou.ky.9034_02,﻿church,﻿[Chapel of?] Loretto Convent and Academy [of St. Mary's?],English,﻿p131: https://digital.library.villanova.edu/Item/vudl:325604#?xywh=-111%2C219%2C1488%2C814&cv=130,,,,﻿Marion County,﻿Loretto,,﻿KY,,﻿#REF!,﻿#REF!,,,,,,,,,,,,,,1843,﻿,﻿,﻿hi,Louisville
﻿lou.ky.9034_02,﻿church,﻿[Chapel of?] Loretto Convent and Academy [of St. Mary's?],English,﻿p131: https://digital.library.villanova.edu/Item/vudl:325604#?xywh=-111%2C219%2C1488%2C814&cv=130,,,,﻿Marion County,﻿Loretto,,﻿KY,,﻿#REF!,﻿#REF!,,,,,,,,,,,,,,1843,﻿,﻿,﻿hi,Louisville
﻿lou.ky.9034_02,﻿church,﻿[Chapel of?] Loretto Convent and Academy [of St. Mary's?],English,﻿p131: https://digital.library.villanova.edu/Item/vudl:325604#?xywh=-111%2C219%2C1488%2C814&cv=130,,,,﻿Marion County,﻿Loretto,,﻿KY,,﻿#REF!,﻿#REF!,,,,,,,,,,,,,,1843,﻿,﻿,﻿hi,Louisville
﻿lou.ky.9034_02,﻿church,﻿[Chapel of?] Loretto Convent and Academy [of St. Mary's?],English,﻿p131: https://digital.library.villanova.edu/Item/vudl:325604#?xywh=-111%2C219%2C1488%2C814&cv=130,,,,﻿Marion County,﻿Loretto,,﻿KY,,﻿#REF!,﻿#REF!,,,,,,,,,,,,,,1843,﻿,﻿,﻿hi,Louisville
﻿lou.ky.9034_02,﻿church,﻿[Chapel of?] Loretto Convent and Academy [of St. Mary's?],English,﻿p131: https://digital.library.villanova.edu/Item/vudl:325604#?xywh=-111%2C219%2C1488%2C814&cv=130,,,,﻿Marion County,﻿Loretto,,﻿KY,,﻿#REF!,﻿#REF!,,,,,,,,,,,,,,1843,﻿,﻿,﻿hi,Louisville
﻿lou.ky.9034_02,﻿church,﻿[Chapel of?] Loretto Convent and Academy [of St. Mary's?],English,﻿p131: https://digital.library.villanova.edu/Item/vudl:325604#?xywh=-111%2C219%2C1488%2C814&cv=130,,,,﻿Marion County,﻿Loretto,,﻿KY,,﻿#REF!,﻿#REF!,,,,,,,,,,,,,,1843,﻿,﻿,﻿hi,Louisville
﻿lou.ky.9034_02,﻿church,﻿[Chapel of?] Loretto Convent and Academy [of St. Mary's?],English,﻿p131: https://digital.library.villanova.edu/Item/vudl:325604#?xywh=-111%2C219%2C1488%2C814&cv=130,,,,﻿Marion County,﻿Loretto,,﻿KY,,﻿#REF!,﻿#REF!,,,,,,,,,,,,,,1843,﻿,﻿,﻿hi,Louisville
﻿lou.ky.9034_02,﻿church,﻿[Chapel of?] Loretto Convent and Academy [of St. Mary's?],English,﻿p131: https://digital.library.villanova.edu/Item/vudl:325604#?xywh=-111%2C219%2C1488%2C814&cv=130,,,,﻿Marion County,﻿Loretto,,﻿KY,,﻿#REF!,﻿#REF!,,,,,,,,,,,,,,1843,﻿,﻿,﻿hi,Louisville
﻿lou.ky.9034_02,﻿church,﻿[Chapel of?] Loretto Convent and Academy [of St. Mary's?],English,﻿p131: https://digital.library.villanova.edu/Item/vudl:325604#?xywh=-111%2C219%2C1488%2C814&cv=130,,,,﻿Marion County,﻿Loretto,,﻿KY,,﻿#REF!,﻿#REF!,,,,,,,,,,,,,,1843,﻿,﻿,﻿hi,Louisville
﻿lou.ky.9034_02,﻿church,﻿[Chapel of?] Loretto Convent and Academy [of St. Mary's?],English,﻿p131: https://digital.library.villanova.edu/Item/vudl:325604#?xywh=-111%2C219%2C1488%2C814&cv=130,,,,﻿Marion County,﻿Loretto,,﻿KY,,﻿#REF!,﻿#REF!,,,,,,,,,,,,,,1843,﻿,﻿,﻿hi,Louisville
﻿lou.ky.9034_02,﻿church,﻿[Chapel of?] Loretto Convent and Academy [of St. Mary's?],English,﻿p131: https://digital.library.villanova.edu/Item/vudl:325604#?xywh=-111%2C219%2C1488%2C814&cv=130,,,,﻿Marion County,﻿Loretto,,﻿KY,,﻿#REF!,﻿#REF!,,,,,,,,,,,,,,1843,﻿,﻿,﻿hi,Louisville
﻿lou.ky.9034_02,﻿church,﻿[Chapel of?] Loretto Convent and Academy [of St. Mary's?],English,﻿p131: https://digital.library.villanova.edu/Item/vudl:325604#?xywh=-111%2C219%2C1488%2C814&cv=130,,,,﻿Marion County,﻿Loretto,,﻿KY,,﻿#REF!,﻿#REF!,,,,,,,,,,,,,,1843,﻿,﻿,﻿hi,Louisville
﻿lou.ky.9034_02,﻿church,﻿[Chapel of?] Loretto Convent and Academy [of St. Mary's?],English,﻿p131: https://digital.library.villanova.edu/Item/vudl:325604#?xywh=-111%2C219%2C1488%2C814&cv=130,,,,﻿Marion County,﻿Loretto,,﻿KY,,﻿#REF!,﻿#REF!,,,,,,,,,,,,,,1843,﻿,﻿,﻿hi,Louisville
﻿lou.ky.9034_02,﻿church,﻿[Chapel of?] Loretto Convent and Academy [of St. Mary's?],English,﻿p131: https://digital.library.villanova.edu/Item/vudl:325604#?xywh=-111%2C219%2C1488%2C814&cv=130,,,,﻿Marion County,﻿Loretto,,﻿KY,,﻿#REF!,﻿#REF!,,,,,,,,,,,,,,1843,﻿,﻿,﻿hi,Louisville
﻿lou.ky.9034_02,﻿church,﻿[Chapel of?] Loretto Convent and Academy [of St. Mary's?],English,﻿p131: https://digital.library.villanova.edu/Item/vudl:325604#?xywh=-111%2C219%2C1488%2C814&cv=130,,,,﻿Marion County,﻿Loretto,,﻿KY,,﻿#REF!,﻿#REF!,,,,,,,,,,,,,,1843,﻿,﻿,﻿hi,Louisville
﻿lou.ky.9034_02,﻿church,﻿[Chapel of?] Loretto Convent and Academy [of St. Mary's?],English,﻿p131: https://digital.library.villanova.edu/Item/vudl:325604#?xywh=-111%2C219%2C1488%2C814&cv=130,,,,﻿Marion County,﻿Loretto,,﻿KY,,﻿#REF!,﻿#REF!,,,,,,,,,,,,,,1843,﻿,﻿,﻿hi,Louisville
﻿lou.ky.9034_02,﻿church,﻿[Chapel of?] Loretto Convent and Academy [of St. Mary's?],English,﻿p131: https://digital.library.villanova.edu/Item/vudl:325604#?xywh=-111%2C219%2C1488%2C814&cv=130,,,,﻿Marion County,﻿Loretto,,﻿KY,,﻿#REF!,﻿#REF!,,,,,,,,,,,,,,1843,﻿,﻿,﻿hi,Louisville
﻿lou.ky.9034_02,﻿church,﻿[Chapel of?] Loretto Convent and Academy [of St. Mary's?],English,﻿p131: https://digital.library.villanova.edu/Item/vudl:325604#?xywh=-111%2C219%2C1488%2C814&cv=130,,,,﻿Marion County,﻿Loretto,,﻿KY,,﻿#REF!,﻿#REF!,,,,,,,,,,,,,,1843,﻿,﻿,﻿hi,Louisville
﻿lou.ky.9034_02,﻿church,﻿[Chapel of?] Loretto Convent and Academy [of St. Mary's?],English,﻿p131: https://digital.library.villanova.edu/Item/vudl:325604#?xywh=-111%2C219%2C1488%2C814&cv=130,,,,﻿Marion County,﻿Loretto,,﻿KY,,﻿#REF!,﻿#REF!,,,,,,,,,,,,,,1843,﻿,﻿,﻿hi,Louisville
﻿lou.ky.9034_02,﻿church,﻿[Chapel of?] Loretto Convent and Academy [of St. Mary's?],English,﻿p131: https://digital.library.villanova.edu/Item/vudl:325604#?xywh=-111%2C219%2C1488%2C814&cv=130,,,,﻿Marion County,﻿Loretto,,﻿KY,,﻿#REF!,﻿#REF!,,,,,,,,,,,,,,1843,﻿,﻿,﻿hi,Louisville
﻿lou.ky.9034_02,﻿church,﻿[Chapel of?] Loretto Convent and Academy [of St. Mary's?],English,﻿p131: https://digital.library.villanova.edu/Item/vudl:325604#?xywh=-111%2C219%2C1488%2C814&cv=130,,,,﻿Marion County,﻿Loretto,,﻿KY,,﻿#REF!,﻿#REF!,,,,,,,,,,,,,,1843,﻿,﻿,﻿hi,Louisville
﻿lou.ky.9034_02,﻿church,﻿[Chapel of?] Loretto Convent and Academy [of St. Mary's?],English,﻿p131: https://digital.library.villanova.edu/Item/vudl:325604#?xywh=-111%2C219%2C1488%2C814&cv=130,,,,﻿Marion County,﻿Loretto,,﻿KY,,﻿#REF!,﻿#REF!,,,,,,,,,,,,,,1843,﻿,﻿,﻿hi,Louisville
﻿lou.ky.9034_02,﻿church,﻿[Chapel of?] Loretto Convent and Academy [of St. Mary's?],English,﻿p131: https://digital.library.villanova.edu/Item/vudl:325604#?xywh=-111%2C219%2C1488%2C814&cv=130,,,,﻿Marion County,﻿Loretto,,﻿KY,,﻿#REF!,﻿#REF!,,,,,,,,,,,,,,1843,﻿,﻿,﻿hi,Louisville
﻿lou.ky.9034_02,﻿church,﻿[Chapel of?] Loretto Convent and Academy [of St. Mary's?],English,﻿p131: https://digital.library.villanova.edu/Item/vudl:325604#?xywh=-111%2C219%2C1488%2C814&cv=130,,,,﻿Marion County,﻿Loretto,,﻿KY,,﻿#REF!,﻿#REF!,,,,,,,,,,,,,,1843,﻿,﻿,﻿hi,Louisville
﻿lou.ky.9034_02,﻿church,﻿[Chapel of?] Loretto Convent and Academy [of St. Mary's?],English,﻿p131: https://digital.library.villanova.edu/Item/vudl:325604#?xywh=-111%2C219%2C1488%2C814&cv=130,,,,﻿Marion County,﻿Loretto,,﻿KY,,﻿#REF!,﻿#REF!,,,,,,,,,,,,,,1843,﻿,﻿,﻿hi,Louisville
﻿lou.ky.9034_02,﻿church,﻿[Chapel of?] Loretto Convent and Academy [of St. Mary's?],English,﻿p131: https://digital.library.villanova.edu/Item/vudl:325604#?xywh=-111%2C219%2C1488%2C814&cv=130,,,,﻿Marion County,﻿Loretto,,﻿KY,,﻿#REF!,﻿#REF!,,,,,,,,,,,,,,1843,﻿,﻿,﻿hi,Louisville
﻿lou.ky.9034_02,﻿church,﻿[Chapel of?] Loretto Convent and Academy [of St. Mary's?],English,﻿p131: https://digital.library.villanova.edu/Item/vudl:325604#?xywh=-111%2C219%2C1488%2C814&cv=130,,,,﻿Marion County,﻿Loretto,,﻿KY,,﻿#REF!,﻿#REF!,,,,,,,,,,,,,,1843,﻿,﻿,﻿hi,Louisville
﻿lou.ky.9034_02,﻿church,﻿[Chapel of?] Loretto Convent and Academy [of St. Mary's?],English,﻿p131: https://digital.library.villanova.edu/Item/vudl:325604#?xywh=-111%2C219%2C1488%2C814&cv=130,,,,﻿Marion County,﻿Loretto,,﻿KY,,﻿#REF!,﻿#REF!,,,,,,,,,,,,,,1843,﻿,﻿,﻿hi,Louisville
﻿lou.ky.9034_02,﻿church,﻿[Chapel of?] Loretto Convent and Academy [of St. Mary's?],English,﻿p131: https://digital.library.villanova.edu/Item/vudl:325604#?xywh=-111%2C219%2C1488%2C814&cv=130,,,,﻿Marion County,﻿Loretto,,﻿KY,,﻿#REF!,﻿#REF!,,,,,,,,,,,,,,1843,﻿,﻿,﻿hi,Louisville
﻿lou.ky.9034_02,﻿church,﻿[Chapel of?] Loretto Convent and Academy [of St. Mary's?],English,﻿p131: https://digital.library.villanova.edu/Item/vudl:325604#?xywh=-111%2C219%2C1488%2C814&cv=130,,,,﻿Marion County,﻿Loretto,,﻿KY,,﻿#REF!,﻿#REF!,,,,,,,,,,,,,,1843,﻿,﻿,﻿hi,Louisville
﻿lou.ky.9034_02,﻿church,﻿[Chapel of?] Loretto Convent and Academy [of St. Mary's?],English,﻿p131: https://digital.library.villanova.edu/Item/vudl:325604#?xywh=-111%2C219%2C1488%2C814&cv=130,,,,﻿Marion County,﻿Loretto,,﻿KY,,﻿#REF!,﻿#REF!,,,,,,,,,,,,,,1843,﻿,﻿,﻿hi,Louisville
﻿lou.ky.9034_02,﻿church,﻿[Chapel of?] Loretto Convent and Academy [of St. Mary's?],English,﻿p131: https://digital.library.villanova.edu/Item/vudl:325604#?xywh=-111%2C219%2C1488%2C814&cv=130,,,,﻿Marion County,﻿Loretto,,﻿KY,,﻿#REF!,﻿#REF!,,,,,,,,,,,,,,1843,﻿,﻿,﻿hi,Louisville
﻿lou.ky.9034_02,﻿church,﻿[Chapel of?] Loretto Convent and Academy [of St. Mary's?],English,﻿p131: https://digital.library.villanova.edu/Item/vudl:325604#?xywh=-111%2C219%2C1488%2C814&cv=130,,,,﻿Marion County,﻿Loretto,,﻿KY,,﻿#REF!,﻿#REF!,,,,,,,,,,,,,,1843,﻿,﻿,﻿hi,Louisville
﻿lou.ky.9034_02,﻿church,﻿[Chapel of?] Loretto Convent and Academy [of St. Mary's?],English,﻿p131: https://digital.library.villanova.edu/Item/vudl:325604#?xywh=-111%2C219%2C1488%2C814&cv=130,,,,﻿Marion County,﻿Loretto,,﻿KY,,﻿#REF!,﻿#REF!,,,,,,,,,,,,,,1843,﻿,﻿,﻿hi,Louisville
﻿lou.ky.9034_02,﻿church,﻿[Chapel of?] Loretto Convent and Academy [of St. Mary's?],English,﻿p131: https://digital.library.villanova.edu/Item/vudl:325604#?xywh=-111%2C219%2C1488%2C814&cv=130,,,,﻿Marion County,﻿Loretto,,﻿KY,,﻿#REF!,﻿#REF!,,,,,,,,,,,,,,1843,﻿,﻿,﻿hi,Louisville
﻿lou.ky.9034_02,﻿church,﻿[Chapel of?] Loretto Convent and Academy [of St. Mary's?],English,﻿p131: https://digital.library.villanova.edu/Item/vudl:325604#?xywh=-111%2C219%2C1488%2C814&cv=130,,,,﻿Marion County,﻿Loretto,,﻿KY,,﻿#REF!,﻿#REF!,,,,,,,,,,,,,,1843,﻿,﻿,﻿hi,Louisville
﻿lou.ky.9034_02,﻿church,﻿[Chapel of?] Loretto Convent and Academy [of St. Mary's?],English,﻿p131: https://digital.library.villanova.edu/Item/vudl:325604#?xywh=-111%2C219%2C1488%2C814&cv=130,,,,﻿Marion County,﻿Loretto,,﻿KY,,﻿#REF!,﻿#REF!,,,,,,,,,,,,,,1843,﻿,﻿,﻿hi,Louisville
﻿lou.ky.9034_02,﻿church,﻿[Chapel of?] Loretto Convent and Academy [of St. Mary's?],English,﻿p131: https://digital.library.villanova.edu/Item/vudl:325604#?xywh=-111%2C219%2C1488%2C814&cv=130,,,,﻿Marion County,﻿Loretto,,﻿KY,,﻿#REF!,﻿#REF!,,,,,,,,,,,,,,1843,﻿,﻿,﻿hi,Louisville
﻿lou.ky.9034_02,﻿church,﻿[Chapel of?] Loretto Convent and Academy [of St. Mary's?],English,﻿p131: https://digital.library.villanova.edu/Item/vudl:325604#?xywh=-111%2C219%2C1488%2C814&cv=130,,,,﻿Marion County,﻿Loretto,,﻿KY,,﻿#REF!,﻿#REF!,,,,,,,,,,,,,,1843,﻿,﻿,﻿hi,Louisville
﻿lou.ky.9034_02,﻿church,﻿[Chapel of?] Loretto Convent and Academy [of St. Mary's?],English,﻿p131: https://digital.library.villanova.edu/Item/vudl:325604#?xywh=-111%2C219%2C1488%2C814&cv=130,,,,﻿Marion County,﻿Loretto,,﻿KY,,﻿#REF!,﻿#REF!,,,,,,,,,,,,,,1843,﻿,﻿,﻿hi,Louisville
﻿lou.ky.9034_02,﻿church,﻿[Chapel of?] Loretto Convent and Academy [of St. Mary's?],English,﻿p131: https://digital.library.villanova.edu/Item/vudl:325604#?xywh=-111%2C219%2C1488%2C814&cv=130,,,,﻿Marion County,﻿Loretto,,﻿KY,,﻿#REF!,﻿#REF!,,,,,,,,,,,,,,1843,﻿,﻿,﻿hi,Louisville
﻿lou.ky.9034_02,﻿church,﻿[Chapel of?] Loretto Convent and Academy [of St. Mary's?],English,﻿p131: https://digital.library.villanova.edu/Item/vudl:325604#?xywh=-111%2C219%2C1488%2C814&cv=130,,,,﻿Marion County,﻿Loretto,,﻿KY,,﻿#REF!,﻿#REF!,,,,,,,,,,,,,,1843,﻿,﻿,﻿hi,Louisville
﻿lou.ky.9034_02,﻿church,﻿[Chapel of?] Loretto Convent and Academy [of St. Mary's?],English,﻿p131: https://digital.library.villanova.edu/Item/vudl:325604#?xywh=-111%2C219%2C1488%2C814&cv=130,,,,﻿Marion County,﻿Loretto,,﻿KY,,﻿#REF!,﻿#REF!,,,,,,,,,,,,,,1843,﻿,﻿,﻿hi,Louisville
﻿lou.ky.9034_02,﻿church,﻿[Chapel of?] Loretto Convent and Academy [of St. Mary's?],English,﻿p131: https://digital.library.villanova.edu/Item/vudl:325604#?xywh=-111%2C219%2C1488%2C814&cv=130,,,,﻿Marion County,﻿Loretto,,﻿KY,,﻿#REF!,﻿#REF!,,,,,,,,,,,,,,1843,﻿,﻿,﻿hi,Louisville
﻿lou.ky.9034_02,﻿church,﻿[Chapel of?] Loretto Convent and Academy [of St. Mary's?],English,﻿p131: https://digital.library.villanova.edu/Item/vudl:325604#?xywh=-111%2C219%2C1488%2C814&cv=130,,,,﻿Marion County,﻿Loretto,,﻿KY,,﻿#REF!,﻿#REF!,,,,,,,,,,,,,,1843,﻿,﻿,﻿hi,Louisville
﻿lou.ky.9034_02,﻿church,﻿[Chapel of?] Loretto Convent and Academy [of St. Mary's?],English,﻿p131: https://digital.library.villanova.edu/Item/vudl:325604#?xywh=-111%2C219%2C1488%2C814&cv=130,,,,﻿Marion County,﻿Loretto,,﻿KY,,﻿#REF!,﻿#REF!,,,,,,,,,,,,,,1843,﻿,﻿,﻿hi,Louisville
﻿lou.ky.9034_02,﻿church,﻿[Chapel of?] Loretto Convent and Academy [of St. Mary's?],English,﻿p131: https://digital.library.villanova.edu/Item/vudl:325604#?xywh=-111%2C219%2C1488%2C814&cv=130,,,,﻿Marion County,﻿Loretto,,﻿KY,,﻿#REF!,﻿#REF!,,,,,,,,,,,,,,1843,﻿,﻿,﻿hi,Louisville
﻿lou.ky.9034_02,﻿church,﻿[Chapel of?] Loretto Convent and Academy [of St. Mary's?],English,﻿p131: https://digital.library.villanova.edu/Item/vudl:325604#?xywh=-111%2C219%2C1488%2C814&cv=130,,,,﻿Marion County,﻿Loretto,,﻿KY,,﻿#REF!,﻿#REF!,,,,,,,,,,,,,,1843,﻿,﻿,﻿hi,Louisville
﻿lou.ky.9034_02,﻿church,﻿[Chapel of?] Loretto Convent and Academy [of St. Mary's?],English,﻿p131: https://digital.library.villanova.edu/Item/vudl:325604#?xywh=-111%2C219%2C1488%2C814&cv=130,,,,﻿Marion County,﻿Loretto,,﻿KY,,﻿#REF!,﻿#REF!,,,,,,,,,,,,,,1843,﻿,﻿,﻿hi,Louisville
﻿lou.ky.9034_02,﻿church,﻿[Chapel of?] Loretto Convent and Academy [of St. Mary's?],English,﻿p131: https://digital.library.villanova.edu/Item/vudl:325604#?xywh=-111%2C219%2C1488%2C814&cv=130,,,,﻿Marion County,﻿Loretto,,﻿KY,,﻿#REF!,﻿#REF!,,,,,,,,,,,,,,1843,﻿,﻿,﻿hi,Louisville
﻿lou.ky.9034_02,﻿church,﻿[Chapel of?] Loretto Convent and Academy [of St. Mary's?],English,﻿p131: https://digital.library.villanova.edu/Item/vudl:325604#?xywh=-111%2C219%2C1488%2C814&cv=130,,,,﻿Marion County,﻿Loretto,,﻿KY,,﻿#REF!,﻿#REF!,,,,,,,,,,,,,,1843,﻿,﻿,﻿hi,Louisville
﻿lou.ky.9034_02,﻿church,﻿[Chapel of?] Loretto Convent and Academy [of St. Mary's?],English,﻿p131: https://digital.library.villanova.edu/Item/vudl:325604#?xywh=-111%2C219%2C1488%2C814&cv=130,,,,﻿Marion County,﻿Loretto,,﻿KY,,﻿#REF!,﻿#REF!,,,,,,,,,,,,,,1843,﻿,﻿,﻿hi,Louisville
﻿lou.ky.9034_02,﻿church,﻿[Chapel of?] Loretto Convent and Academy [of St. Mary's?],English,﻿p131: https://digital.library.villanova.edu/Item/vudl:325604#?xywh=-111%2C219%2C1488%2C814&cv=130,,,,﻿Marion County,﻿Loretto,,﻿KY,,﻿#REF!,﻿#REF!,,,,,,,,,,,,,,1843,﻿,﻿,﻿hi,Louisville
﻿lou.ky.9034_02,﻿church,﻿[Chapel of?] Loretto Convent and Academy [of St. Mary's?],English,﻿p131: https://digital.library.villanova.edu/Item/vudl:325604#?xywh=-111%2C219%2C1488%2C814&cv=130,,,,﻿Marion County,﻿Loretto,,﻿KY,,﻿#REF!,﻿#REF!,,,,,,,,,,,,,,1843,﻿,﻿,﻿hi,Louisville
﻿lou.ky.9034_02,﻿church,﻿[Chapel of?] Loretto Convent and Academy [of St. Mary's?],English,﻿p131: https://digital.library.villanova.edu/Item/vudl:325604#?xywh=-111%2C219%2C1488%2C814&cv=130,,,,﻿Marion County,﻿Loretto,,﻿KY,,﻿#REF!,﻿#REF!,,,,,,,,,,,,,,1843,﻿,﻿,﻿hi,Louisville
﻿lou.ky.9034_02,﻿church,﻿[Chapel of?] Loretto Convent and Academy [of St. Mary's?],English,﻿p131: https://digital.library.villanova.edu/Item/vudl:325604#?xywh=-111%2C219%2C1488%2C814&cv=130,,,,﻿Marion County,﻿Loretto,,﻿KY,,﻿#REF!,﻿#REF!,,,,,,,,,,,,,,1843,﻿,﻿,﻿hi,Louisville
﻿lou.ky.9034_02,﻿church,﻿[Chapel of?] Loretto Convent and Academy [of St. Mary's?],English,﻿p131: https://digital.library.villanova.edu/Item/vudl:325604#?xywh=-111%2C219%2C1488%2C814&cv=130,,,,﻿Marion County,﻿Loretto,,﻿KY,,﻿#REF!,﻿#REF!,,,,,,,,,,,,,,1843,﻿,﻿,﻿hi,Louisville
﻿lou.ky.9034_02,﻿church,﻿[Chapel of?] Loretto Convent and Academy [of St. Mary's?],English,﻿p131: https://digital.library.villanova.edu/Item/vudl:325604#?xywh=-111%2C219%2C1488%2C814&cv=130,,,,﻿Marion County,﻿Loretto,,﻿KY,,﻿#REF!,﻿#REF!,,,,,,,,,,,,,,1843,﻿,﻿,﻿hi,Louisville
﻿lou.ky.9034_02,﻿church,﻿[Chapel of?] Loretto Convent and Academy [of St. Mary's?],English,﻿p131: https://digital.library.villanova.edu/Item/vudl:325604#?xywh=-111%2C219%2C1488%2C814&cv=130,,,,﻿Marion County,﻿Loretto,,﻿KY,,﻿#REF!,﻿#REF!,,,,,,,,,,,,,,1843,﻿,﻿,﻿hi,Louisville
﻿lou.ky.9034_02,﻿church,﻿[Chapel of?] Loretto Convent and Academy [of St. Mary's?],English,﻿p131: https://digital.library.villanova.edu/Item/vudl:325604#?xywh=-111%2C219%2C1488%2C814&cv=130,,,,﻿Marion County,﻿Loretto,,﻿KY,,﻿#REF!,﻿#REF!,,,,,,,,,,,,,,1843,﻿,﻿,﻿hi,Louisville
﻿lou.ky.9034_02,﻿church,﻿[Chapel of?] Loretto Convent and Academy [of St. Mary's?],English,﻿p131: https://digital.library.villanova.edu/Item/vudl:325604#?xywh=-111%2C219%2C1488%2C814&cv=130,,,,﻿Marion County,﻿Loretto,,﻿KY,,﻿#REF!,﻿#REF!,,,,,,,,,,,,,,1843,﻿,﻿,﻿hi,Louisville
﻿lou.ky.9034_02,﻿church,﻿[Chapel of?] Loretto Convent and Academy [of St. Mary's?],English,﻿p131: https://digital.library.villanova.edu/Item/vudl:325604#?xywh=-111%2C219%2C1488%2C814&cv=130,,,,﻿Marion County,﻿Loretto,,﻿KY,,﻿#REF!,﻿#REF!,,,,,,,,,,,,,,1843,﻿,﻿,﻿hi,Louisville
﻿lou.ky.9034_02,﻿church,﻿[Chapel of?] Loretto Convent and Academy [of St. Mary's?],English,﻿p131: https://digital.library.villanova.edu/Item/vudl:325604#?xywh=-111%2C219%2C1488%2C814&cv=130,,,,﻿Marion County,﻿Loretto,,﻿KY,,﻿#REF!,﻿#REF!,,,,,,,,,,,,,,1843,﻿,﻿,﻿hi,Louisville
﻿lou.ky.9034_02,﻿church,﻿[Chapel of?] Loretto Convent and Academy [of St. Mary's?],English,﻿p131: https://digital.library.villanova.edu/Item/vudl:325604#?xywh=-111%2C219%2C1488%2C814&cv=130,,,,﻿Marion County,﻿Loretto,,﻿KY,,﻿#REF!,﻿#REF!,,,,,,,,,,,,,,1843,﻿,﻿,﻿hi,Louisville
﻿lou.ky.9034_02,﻿church,﻿[Chapel of?] Loretto Convent and Academy [of St. Mary's?],English,﻿p131: https://digital.library.villanova.edu/Item/vudl:325604#?xywh=-111%2C219%2C1488%2C814&cv=130,,,,﻿Marion County,﻿Loretto,,﻿KY,,﻿#REF!,﻿#REF!,,,,,,,,,,,,,,1843,﻿,﻿,﻿hi,Louisville
﻿lou.ky.9034_02,﻿church,﻿[Chapel of?] Loretto Convent and Academy [of St. Mary's?],English,﻿p131: https://digital.library.villanova.edu/Item/vudl:325604#?xywh=-111%2C219%2C1488%2C814&cv=130,,,,﻿Marion County,﻿Loretto,,﻿KY,,﻿#REF!,﻿#REF!,,,,,,,,,,,,,,1843,﻿,﻿,﻿hi,Louisville
﻿lou.ky.9034_02,﻿church,﻿[Chapel of?] Loretto Convent and Academy [of St. Mary's?],English,﻿p131: https://digital.library.villanova.edu/Item/vudl:325604#?xywh=-111%2C219%2C1488%2C814&cv=130,,,,﻿Marion County,﻿Loretto,,﻿KY,,﻿#REF!,﻿#REF!,,,,,,,,,,,,,,1843,﻿,﻿,﻿hi,Louisville
﻿lou.ky.9034_02,﻿church,﻿[Chapel of?] Loretto Convent and Academy [of St. Mary's?],English,﻿p131: https://digital.library.villanova.edu/Item/vudl:325604#?xywh=-111%2C219%2C1488%2C814&cv=130,,,,﻿Marion County,﻿Loretto,,﻿KY,,﻿#REF!,﻿#REF!,,,,,,,,,,,,,,1843,﻿,﻿,﻿hi,Louisville
﻿lou.ky.9034_02,﻿church,﻿[Chapel of?] Loretto Convent and Academy [of St. Mary's?],English,﻿p131: https://digital.library.villanova.edu/Item/vudl:325604#?xywh=-111%2C219%2C1488%2C814&cv=130,,,,﻿Marion County,﻿Loretto,,﻿KY,,﻿#REF!,﻿#REF!,,,,,,,,,,,,,,1843,﻿,﻿,﻿hi,Louisville
﻿lou.ky.9034_02,﻿church,﻿[Chapel of?] Loretto Convent and Academy [of St. Mary's?],English,﻿p131: https://digital.library.villanova.edu/Item/vudl:325604#?xywh=-111%2C219%2C1488%2C814&cv=130,,,,﻿Marion County,﻿Loretto,,﻿KY,,﻿#REF!,﻿#REF!,,,,,,,,,,,,,,1843,﻿,﻿,﻿hi,Louisville
﻿lou.ky.9034_02,﻿church,﻿[Chapel of?] Loretto Convent and Academy [of St. Mary's?],English,﻿p131: https://digital.library.villanova.edu/Item/vudl:325604#?xywh=-111%2C219%2C1488%2C814&cv=130,,,,﻿Marion County,﻿Loretto,,﻿KY,,﻿#REF!,﻿#REF!,,,,,,,,,,,,,,1843,﻿,﻿,﻿hi,Louisville
﻿lou.ky.9034_02,﻿church,﻿[Chapel of?] Loretto Convent and Academy [of St. Mary's?],English,﻿p131: https://digital.library.villanova.edu/Item/vudl:325604#?xywh=-111%2C219%2C1488%2C814&cv=130,,,,﻿Marion County,﻿Loretto,,﻿KY,,﻿#REF!,﻿#REF!,,,,,,,,,,,,,,1843,﻿,﻿,﻿hi,Louisville
﻿lou.ky.9034_02,﻿church,﻿[Chapel of?] Loretto Convent and Academy [of St. Mary's?],English,﻿p131: https://digital.library.villanova.edu/Item/vudl:325604#?xywh=-111%2C219%2C1488%2C814&cv=130,,,,﻿Marion County,﻿Loretto,,﻿KY,,﻿#REF!,﻿#REF!,,,,,,,,,,,,,,1843,﻿,﻿,﻿hi,Louisville
﻿lou.ky.9034_02,﻿church,﻿[Chapel of?] Loretto Convent and Academy [of St. Mary's?],English,﻿p131: https://digital.library.villanova.edu/Item/vudl:325604#?xywh=-111%2C219%2C1488%2C814&cv=130,,,,﻿Marion County,﻿Loretto,,﻿KY,,﻿#REF!,﻿#REF!,,,,,,,,,,,,,,1843,﻿,﻿,﻿hi,Louisville
﻿lou.ky.9034_02,﻿church,﻿[Chapel of?] Loretto Convent and Academy [of St. Mary's?],English,﻿p131: https://digital.library.villanova.edu/Item/vudl:325604#?xywh=-111%2C219%2C1488%2C814&cv=130,,,,﻿Marion County,﻿Loretto,,﻿KY,,﻿#REF!,﻿#REF!,,,,,,,,,,,,,,1843,﻿,﻿,﻿hi,Louisville
﻿lou.ky.9034_02,﻿church,﻿[Chapel of?] Loretto Convent and Academy [of St. Mary's?],English,﻿p131: https://digital.library.villanova.edu/Item/vudl:325604#?xywh=-111%2C219%2C1488%2C814&cv=130,,,,﻿Marion County,﻿Loretto,,﻿KY,,﻿#REF!,﻿#REF!,,,,,,,,,,,,,,1843,﻿,﻿,﻿hi,Louisville
﻿lou.ky.9034_02,﻿church,﻿[Chapel of?] Loretto Convent and Academy [of St. Mary's?],English,﻿p131: https://digital.library.villanova.edu/Item/vudl:325604#?xywh=-111%2C219%2C1488%2C814&cv=130,,,,﻿Marion County,﻿Loretto,,﻿KY,,﻿#REF!,﻿#REF!,,,,,,,,,,,,,,1843,﻿,﻿,﻿hi,Louisville
﻿lou.ky.9034_02,﻿church,﻿[Chapel of?] Loretto Convent and Academy [of St. Mary's?],English,﻿p131: https://digital.library.villanova.edu/Item/vudl:325604#?xywh=-111%2C219%2C1488%2C814&cv=130,,,,﻿Marion County,﻿Loretto,,﻿KY,,﻿#REF!,﻿#REF!,,,,,,,,,,,,,,1843,﻿,﻿,﻿hi,Louisville
﻿lou.ky.9034_02,﻿church,﻿[Chapel of?] Loretto Convent and Academy [of St. Mary's?],English,﻿p131: https://digital.library.villanova.edu/Item/vudl:325604#?xywh=-111%2C219%2C1488%2C814&cv=130,,,,﻿Marion County,﻿Loretto,,﻿KY,,﻿#REF!,﻿#REF!,,,,,,,,,,,,,,1843,﻿,﻿,﻿hi,Louisville
﻿lou.ky.9034_02,﻿church,﻿[Chapel of?] Loretto Convent and Academy [of St. Mary's?],English,﻿p131: https://digital.library.villanova.edu/Item/vudl:325604#?xywh=-111%2C219%2C1488%2C814&cv=130,,,,﻿Marion County,﻿Loretto,,﻿KY,,﻿#REF!,﻿#REF!,,,,,,,,,,,,,,1843,﻿,﻿,﻿hi,Louisville
﻿lou.ky.9034_02,﻿church,﻿[Chapel of?] Loretto Convent and Academy [of St. Mary's?],English,﻿p131: https://digital.library.villanova.edu/Item/vudl:325604#?xywh=-111%2C219%2C1488%2C814&cv=130,,,,﻿Marion County,﻿Loretto,,﻿KY,,﻿#REF!,﻿#REF!,,,,,,,,,,,,,,1843,﻿,﻿,﻿hi,Louisville
﻿lou.ky.9034_02,﻿church,﻿[Chapel of?] Loretto Convent and Academy [of St. Mary's?],English,﻿p131: https://digital.library.villanova.edu/Item/vudl:325604#?xywh=-111%2C219%2C1488%2C814&cv=130,,,,﻿Marion County,﻿Loretto,,﻿KY,,﻿#REF!,﻿#REF!,,,,,,,,,,,,,,1843,﻿,﻿,﻿hi,Louisville
﻿lou.ky.9034_02,﻿church,﻿[Chapel of?] Loretto Convent and Academy [of St. Mary's?],English,﻿p131: https://digital.library.villanova.edu/Item/vudl:325604#?xywh=-111%2C219%2C1488%2C814&cv=130,,,,﻿Marion County,﻿Loretto,,﻿KY,,﻿#REF!,﻿#REF!,,,,,,,,,,,,,,1843,﻿,﻿,﻿hi,Louisville
﻿lou.ky.9034_02,﻿church,﻿[Chapel of?] Loretto Convent and Academy [of St. Mary's?],English,﻿p131: https://digital.library.villanova.edu/Item/vudl:325604#?xywh=-111%2C219%2C1488%2C814&cv=130,,,,﻿Marion County,﻿Loretto,,﻿KY,,﻿#REF!,﻿#REF!,,,,,,,,,,,,,,1843,﻿,﻿,﻿hi,Louisville
﻿lou.ky.9034_02,﻿church,﻿[Chapel of?] Loretto Convent and Academy [of St. Mary's?],English,﻿p131: https://digital.library.villanova.edu/Item/vudl:325604#?xywh=-111%2C219%2C1488%2C814&cv=130,,,,﻿Marion County,﻿Loretto,,﻿KY,,﻿#REF!,﻿#REF!,,,,,,,,,,,,,,1843,﻿,﻿,﻿hi,Louisville
﻿lou.ky.9034_02,﻿church,﻿[Chapel of?] Loretto Convent and Academy [of St. Mary's?],English,﻿p131: https://digital.library.villanova.edu/Item/vudl:325604#?xywh=-111%2C219%2C1488%2C814&cv=130,,,,﻿Marion County,﻿Loretto,,﻿KY,,﻿#REF!,﻿#REF!,,,,,,,,,,,,,,1843,﻿,﻿,﻿hi,Louisville
﻿lou.ky.9034_02,﻿church,﻿[Chapel of?] Loretto Convent and Academy [of St. Mary's?],English,﻿p131: https://digital.library.villanova.edu/Item/vudl:325604#?xywh=-111%2C219%2C1488%2C814&cv=130,,,,﻿Marion County,﻿Loretto,,﻿KY,,﻿#REF!,﻿#REF!,,,,,,,,,,,,,,1843,﻿,﻿,﻿hi,Louisville
﻿lou.ky.9034_02,﻿church,﻿[Chapel of?] Loretto Convent and Academy [of St. Mary's?],English,﻿p131: https://digital.library.villanova.edu/Item/vudl:325604#?xywh=-111%2C219%2C1488%2C814&cv=130,,,,﻿Marion County,﻿Loretto,,﻿KY,,﻿#REF!,﻿#REF!,,,,,,,,,,,,,,1843,﻿,﻿,﻿hi,Louisville
﻿lou.ky.9034_02,﻿church,﻿[Chapel of?] Loretto Convent and Academy [of St. Mary's?],English,﻿p131: https://digital.library.villanova.edu/Item/vudl:325604#?xywh=-111%2C219%2C1488%2C814&cv=130,,,,﻿Marion County,﻿Loretto,,﻿KY,,﻿#REF!,﻿#REF!,,,,,,,,,,,,,,1843,﻿,﻿,﻿hi,Louisville
﻿lou.ky.9034_02,﻿church,﻿[Chapel of?] Loretto Convent and Academy [of St. Mary's?],English,﻿p131: https://digital.library.villanova.edu/Item/vudl:325604#?xywh=-111%2C219%2C1488%2C814&cv=130,,,,﻿Marion County,﻿Loretto,,﻿KY,,﻿#REF!,﻿#REF!,,,,,,,,,,,,,,1843,﻿,﻿,﻿hi,Louisville
﻿lou.ky.9034_02,﻿church,﻿[Chapel of?] Loretto Convent and Academy [of St. Mary's?],English,﻿p131: https://digital.library.villanova.edu/Item/vudl:325604#?xywh=-111%2C219%2C1488%2C814&cv=130,,,,﻿Marion County,﻿Loretto,,﻿KY,,﻿#REF!,﻿#REF!,,,,,,,,,,,,,,1843,﻿,﻿,﻿hi,Louisville
﻿lou.ky.9034_02,﻿church,﻿[Chapel of?] Loretto Convent and Academy [of St. Mary's?],English,﻿p131: https://digital.library.villanova.edu/Item/vudl:325604#?xywh=-111%2C219%2C1488%2C814&cv=130,,,,﻿Marion County,﻿Loretto,,﻿KY,,﻿#REF!,﻿#REF!,,,,,,,,,,,,,,1843,﻿,﻿,﻿hi,Louisville
﻿lou.ky.9034_02,﻿church,﻿[Chapel of?] Loretto Convent and Academy [of St. Mary's?],English,﻿p131: https://digital.library.villanova.edu/Item/vudl:325604#?xywh=-111%2C219%2C1488%2C814&cv=130,,,,﻿Marion County,﻿Loretto,,﻿KY,,﻿#REF!,﻿#REF!,,,,,,,,,,,,,,1843,﻿,﻿,﻿hi,Louisville
﻿lou.ky.9034_02,﻿church,﻿[Chapel of?] Loretto Convent and Academy [of St. Mary's?],English,﻿p131: https://digital.library.villanova.edu/Item/vudl:325604#?xywh=-111%2C219%2C1488%2C814&cv=130,,,,﻿Marion County,﻿Loretto,,﻿KY,,﻿#REF!,﻿#REF!,,,,,,,,,,,,,,1843,﻿,﻿,﻿hi,Louisville
﻿lou.ky.9034_02,﻿church,﻿[Chapel of?] Loretto Convent and Academy [of St. Mary's?],English,﻿p131: https://digital.library.villanova.edu/Item/vudl:325604#?xywh=-111%2C219%2C1488%2C814&cv=130,,,,﻿Marion County,﻿Loretto,,﻿KY,,﻿#REF!,﻿#REF!,,,,,,,,,,,,,,1843,﻿,﻿,﻿hi,Louisville
﻿lou.ky.9034_02,﻿church,﻿[Chapel of?] Loretto Convent and Academy [of St. Mary's?],English,﻿p131: https://digital.library.villanova.edu/Item/vudl:325604#?xywh=-111%2C219%2C1488%2C814&cv=130,,,,﻿Marion County,﻿Loretto,,﻿KY,,﻿#REF!,﻿#REF!,,,,,,,,,,,,,,1843,﻿,﻿,﻿hi,Louisville
﻿lou.ky.9034_02,﻿church,﻿[Chapel of?] Loretto Convent and Academy [of St. Mary's?],English,﻿p131: https://digital.library.villanova.edu/Item/vudl:325604#?xywh=-111%2C219%2C1488%2C814&cv=130,,,,﻿Marion County,﻿Loretto,,﻿KY,,﻿#REF!,﻿#REF!,,,,,,,,,,,,,,1843,﻿,﻿,﻿hi,Louisville
﻿lou.ky.9034_02,﻿church,﻿[Chapel of?] Loretto Convent and Academy [of St. Mary's?],English,﻿p131: https://digital.library.villanova.edu/Item/vudl:325604#?xywh=-111%2C219%2C1488%2C814&cv=130,,,,﻿Marion County,﻿Loretto,,﻿KY,,﻿#REF!,﻿#REF!,,,,,,,,,,,,,,1843,﻿,﻿,﻿hi,Louisville
﻿lou.ky.9034_02,﻿church,﻿[Chapel of?] Loretto Convent and Academy [of St. Mary's?],English,﻿p131: https://digital.library.villanova.edu/Item/vudl:325604#?xywh=-111%2C219%2C1488%2C814&cv=130,,,,﻿Marion County,﻿Loretto,,﻿KY,,﻿#REF!,﻿#REF!,,,,,,,,,,,,,,1843,﻿,﻿,﻿hi,Louisville
﻿lou.ky.9034_02,﻿church,﻿[Chapel of?] Loretto Convent and Academy [of St. Mary's?],English,﻿p131: https://digital.library.villanova.edu/Item/vudl:325604#?xywh=-111%2C219%2C1488%2C814&cv=130,,,,﻿Marion County,﻿Loretto,,﻿KY,,﻿#REF!,﻿#REF!,,,,,,,,,,,,,,1843,﻿,﻿,﻿hi,Louisville
﻿lou.ky.9034_02,﻿church,﻿[Chapel of?] Loretto Convent and Academy [of St. Mary's?],English,﻿p131: https://digital.library.villanova.edu/Item/vudl:325604#?xywh=-111%2C219%2C1488%2C814&cv=130,,,,﻿Marion County,﻿Loretto,,﻿KY,,﻿#REF!,﻿#REF!,,,,,,,,,,,,,,1843,﻿,﻿,﻿hi,Louisville
﻿lou.ky.9034_02,﻿church,﻿[Chapel of?] Loretto Convent and Academy [of St. Mary's?],English,﻿p131: https://digital.library.villanova.edu/Item/vudl:325604#?xywh=-111%2C219%2C1488%2C814&cv=130,,,,﻿Marion County,﻿Loretto,,﻿KY,,﻿#REF!,﻿#REF!,,,,,,,,,,,,,,1843,﻿,﻿,﻿hi,Louisville
﻿lou.ky.9034_02,﻿church,﻿[Chapel of?] Loretto Convent and Academy [of St. Mary's?],English,﻿p131: https://digital.library.villanova.edu/Item/vudl:325604#?xywh=-111%2C219%2C1488%2C814&cv=130,,,,﻿Marion County,﻿Loretto,,﻿KY,,﻿#REF!,﻿#REF!,,,,,,,,,,,,,,1843,﻿,﻿,﻿hi,Louisville
﻿lou.ky.9034_02,﻿church,﻿[Chapel of?] Loretto Convent and Academy [of St. Mary's?],English,﻿p131: https://digital.library.villanova.edu/Item/vudl:325604#?xywh=-111%2C219%2C1488%2C814&cv=130,,,,﻿Marion County,﻿Loretto,,﻿KY,,﻿#REF!,﻿#REF!,,,,,,,,,,,,,,1843,﻿,﻿,﻿hi,Louisville
﻿lou.ky.9034_02,﻿church,﻿[Chapel of?] Loretto Convent and Academy [of St. Mary's?],English,﻿p131: https://digital.library.villanova.edu/Item/vudl:325604#?xywh=-111%2C219%2C1488%2C814&cv=130,,,,﻿Marion County,﻿Loretto,,﻿KY,,﻿#REF!,﻿#REF!,,,,,,,,,,,,,,1843,﻿,﻿,﻿hi,Louisville
﻿lou.ky.9034_02,﻿church,﻿[Chapel of?] Loretto Convent and Academy [of St. Mary's?],English,﻿p131: https://digital.library.villanova.edu/Item/vudl:325604#?xywh=-111%2C219%2C1488%2C814&cv=130,,,,﻿Marion County,﻿Loretto,,﻿KY,,﻿#REF!,﻿#REF!,,,,,,,,,,,,,,1843,﻿,﻿,﻿hi,Louisville
﻿lou.ky.9034_02,﻿church,﻿[Chapel of?] Loretto Convent and Academy [of St. Mary's?],English,﻿p131: https://digital.library.villanova.edu/Item/vudl:325604#?xywh=-111%2C219%2C1488%2C814&cv=130,,,,﻿Marion County,﻿Loretto,,﻿KY,,﻿#REF!,﻿#REF!,,,,,,,,,,,,,,1843,﻿,﻿,﻿hi,Louisville
﻿lou.ky.9034_02,﻿church,﻿[Chapel of?] Loretto Convent and Academy [of St. Mary's?],English,﻿p131: https://digital.library.villanova.edu/Item/vudl:325604#?xywh=-111%2C219%2C1488%2C814&cv=130,,,,﻿Marion County,﻿Loretto,,﻿KY,,﻿#REF!,﻿#REF!,,,,,,,,,,,,,,1843,﻿,﻿,﻿hi,Louisville
﻿lou.ky.9034_02,﻿church,﻿[Chapel of?] Loretto Convent and Academy [of St. Mary's?],English,﻿p131: https://digital.library.villanova.edu/Item/vudl:325604#?xywh=-111%2C219%2C1488%2C814&cv=130,,,,﻿Marion County,﻿Loretto,,﻿KY,,﻿#REF!,﻿#REF!,,,,,,,,,,,,,,1843,﻿,﻿,﻿hi,Louisville
﻿lou.ky.9034_02,﻿church,﻿[Chapel of?] Loretto Convent and Academy [of St. Mary's?],English,﻿p131: https://digital.library.villanova.edu/Item/vudl:325604#?xywh=-111%2C219%2C1488%2C814&cv=130,,,,﻿Marion County,﻿Loretto,,﻿KY,,﻿#REF!,﻿#REF!,,,,,,,,,,,,,,1843,﻿,﻿,﻿hi,Louisville
﻿lou.ky.9034_02,﻿church,﻿[Chapel of?] Loretto Convent and Academy [of St. Mary's?],English,﻿p131: https://digital.library.villanova.edu/Item/vudl:325604#?xywh=-111%2C219%2C1488%2C814&cv=130,,,,﻿Marion County,﻿Loretto,,﻿KY,,﻿#REF!,﻿#REF!,,,,,,,,,,,,,,1843,﻿,﻿,﻿hi,Louisville
﻿lou.ky.9034_02,﻿church,﻿[Chapel of?] Loretto Convent and Academy [of St. Mary's?],English,﻿p131: https://digital.library.villanova.edu/Item/vudl:325604#?xywh=-111%2C219%2C1488%2C814&cv=130,,,,﻿Marion County,﻿Loretto,,﻿KY,,﻿#REF!,﻿#REF!,,,,,,,,,,,,,,1843,﻿,﻿,﻿hi,Louisville
﻿lou.ky.9034_02,﻿church,﻿[Chapel of?] Loretto Convent and Academy [of St. Mary's?],English,﻿p131: https://digital.library.villanova.edu/Item/vudl:325604#?xywh=-111%2C219%2C1488%2C814&cv=130,,,,﻿Marion County,﻿Loretto,,﻿KY,,﻿#REF!,﻿#REF!,,,,,,,,,,,,,,1843,﻿,﻿,﻿hi,Louisville
﻿lou.ky.9034_02,﻿church,﻿[Chapel of?] Loretto Convent and Academy [of St. Mary's?],English,﻿p131: https://digital.library.villanova.edu/Item/vudl:325604#?xywh=-111%2C219%2C1488%2C814&cv=130,,,,﻿Marion County,﻿Loretto,,﻿KY,,﻿#REF!,﻿#REF!,,,,,,,,,,,,,,1843,﻿,﻿,﻿hi,Louisville
﻿lou.ky.9034_02,﻿church,﻿[Chapel of?] Loretto Convent and Academy [of St. Mary's?],English,﻿p131: https://digital.library.villanova.edu/Item/vudl:325604#?xywh=-111%2C219%2C1488%2C814&cv=130,,,,﻿Marion County,﻿Loretto,,﻿KY,,﻿#REF!,﻿#REF!,,,,,,,,,,,,,,1843,﻿,﻿,﻿hi,Louisville
﻿lou.ky.9034_02,﻿church,﻿[Chapel of?] Loretto Convent and Academy [of St. Mary's?],English,﻿p131: https://digital.library.villanova.edu/Item/vudl:325604#?xywh=-111%2C219%2C1488%2C814&cv=130,,,,﻿Marion County,﻿Loretto,,﻿KY,,﻿#REF!,﻿#REF!,,,,,,,,,,,,,,1843,﻿,﻿,﻿hi,Louisville
﻿lou.ky.9034_02,﻿church,﻿[Chapel of?] Loretto Convent and Academy [of St. Mary's?],English,﻿p131: https://digital.library.villanova.edu/Item/vudl:325604#?xywh=-111%2C219%2C1488%2C814&cv=130,,,,﻿Marion County,﻿Loretto,,﻿KY,,﻿#REF!,﻿#REF!,,,,,,,,,,,,,,1843,﻿,﻿,﻿hi,Louisville
﻿lou.ky.9034_02,﻿church,﻿[Chapel of?] Loretto Convent and Academy [of St. Mary's?],English,﻿p131: https://digital.library.villanova.edu/Item/vudl:325604#?xywh=-111%2C219%2C1488%2C814&cv=130,,,,﻿Marion County,﻿Loretto,,﻿KY,,﻿#REF!,﻿#REF!,,,,,,,,,,,,,,1843,﻿,﻿,﻿hi,Louisville
﻿lou.ky.9034_02,﻿church,﻿[Chapel of?] Loretto Convent and Academy [of St. Mary's?],English,﻿p131: https://digital.library.villanova.edu/Item/vudl:325604#?xywh=-111%2C219%2C1488%2C814&cv=130,,,,﻿Marion County,﻿Loretto,,﻿KY,,﻿#REF!,﻿#REF!,,,,,,,,,,,,,,1843,﻿,﻿,﻿hi,Louisville
﻿lou.ky.9034_02,﻿church,﻿[Chapel of?] Loretto Convent and Academy [of St. Mary's?],English,﻿p131: https://digital.library.villanova.edu/Item/vudl:325604#?xywh=-111%2C219%2C1488%2C814&cv=130,,,,﻿Marion County,﻿Loretto,,﻿KY,,﻿#REF!,﻿#REF!,,,,,,,,,,,,,,1843,﻿,﻿,﻿hi,Louisville
﻿lou.ky.9034_02,﻿church,﻿[Chapel of?] Loretto Convent and Academy [of St. Mary's?],English,﻿p131: https://digital.library.villanova.edu/Item/vudl:325604#?xywh=-111%2C219%2C1488%2C814&cv=130,,,,﻿Marion County,﻿Loretto,,﻿KY,,﻿#REF!,﻿#REF!,,,,,,,,,,,,,,1843,﻿,﻿,﻿hi,Louisville
﻿lou.ky.9034_02,﻿church,﻿[Chapel of?] Loretto Convent and Academy [of St. Mary's?],English,﻿p131: https://digital.library.villanova.edu/Item/vudl:325604#?xywh=-111%2C219%2C1488%2C814&cv=130,,,,﻿Marion County,﻿Loretto,,﻿KY,,﻿#REF!,﻿#REF!,,,,,,,,,,,,,,1843,﻿,﻿,﻿hi,Louisville
﻿lou.ky.9034_02,﻿church,﻿[Chapel of?] Loretto Convent and Academy [of St. Mary's?],English,﻿p131: https://digital.library.villanova.edu/Item/vudl:325604#?xywh=-111%2C219%2C1488%2C814&cv=130,,,,﻿Marion County,﻿Loretto,,﻿KY,,﻿#REF!,﻿#REF!,,,,,,,,,,,,,,1843,﻿,﻿,﻿hi,Louisville
﻿lou.ky.9034_02,﻿church,﻿[Chapel of?] Loretto Convent and Academy [of St. Mary's?],English,﻿p131: https://digital.library.villanova.edu/Item/vudl:325604#?xywh=-111%2C219%2C1488%2C814&cv=130,,,,﻿Marion County,﻿Loretto,,﻿KY,,﻿#REF!,﻿#REF!,,,,,,,,,,,,,,1843,﻿,﻿,﻿hi,Louisville
﻿lou.ky.9034_02,﻿church,﻿[Chapel of?] Loretto Convent and Academy [of St. Mary's?],English,﻿p131: https://digital.library.villanova.edu/Item/vudl:325604#?xywh=-111%2C219%2C1488%2C814&cv=130,,,,﻿Marion County,﻿Loretto,,﻿KY,,﻿#REF!,﻿#REF!,,,,,,,,,,,,,,1843,﻿,﻿,﻿hi,Louisville
﻿lou.ky.9034_02,﻿church,﻿[Chapel of?] Loretto Convent and Academy [of St. Mary's?],English,﻿p131: https://digital.library.villanova.edu/Item/vudl:325604#?xywh=-111%2C219%2C1488%2C814&cv=130,,,,﻿Marion County,﻿Loretto,,﻿KY,,﻿#REF!,﻿#REF!,,,,,,,,,,,,,,1843,﻿,﻿,﻿hi,Louisville
﻿lou.ky.9034_02,﻿church,﻿[Chapel of?] Loretto Convent and Academy [of St. Mary's?],English,﻿p131: https://digital.library.villanova.edu/Item/vudl:325604#?xywh=-111%2C219%2C1488%2C814&cv=130,,,,﻿Marion County,﻿Loretto,,﻿KY,,﻿#REF!,﻿#REF!,,,,,,,,,,,,,,1843,﻿,﻿,﻿hi,Louisville
﻿lou.ky.9034_02,﻿church,﻿[Chapel of?] Loretto Convent and Academy [of St. Mary's?],English,﻿p131: https://digital.library.villanova.edu/Item/vudl:325604#?xywh=-111%2C219%2C1488%2C814&cv=130,,,,﻿Marion County,﻿Loretto,,﻿KY,,﻿#REF!,﻿#REF!,,,,,,,,,,,,,,1843,﻿,﻿,﻿hi,Louisville
﻿lou.ky.9034_02,﻿church,﻿[Chapel of?] Loretto Convent and Academy [of St. Mary's?],English,﻿p131: https://digital.library.villanova.edu/Item/vudl:325604#?xywh=-111%2C219%2C1488%2C814&cv=130,,,,﻿Marion County,﻿Loretto,,﻿KY,,﻿#REF!,﻿#REF!,,,,,,,,,,,,,,1843,﻿,﻿,﻿hi,Louisville
﻿lou.ky.9034_02,﻿church,﻿[Chapel of?] Loretto Convent and Academy [of St. Mary's?],English,﻿p131: https://digital.library.villanova.edu/Item/vudl:325604#?xywh=-111%2C219%2C1488%2C814&cv=130,,,,﻿Marion County,﻿Loretto,,﻿KY,,﻿#REF!,﻿#REF!,,,,,,,,,,,,,,1843,﻿,﻿,﻿hi,Louisville
﻿lou.ky.9034_02,﻿church,﻿[Chapel of?] Loretto Convent and Academy [of St. Mary's?],English,﻿p131: https://digital.library.villanova.edu/Item/vudl:325604#?xywh=-111%2C219%2C1488%2C814&cv=130,,,,﻿Marion County,﻿Loretto,,﻿KY,,﻿#REF!,﻿#REF!,,,,,,,,,,,,,,1843,﻿,﻿,﻿hi,Louisville
﻿lou.ky.9034_02,﻿church,﻿[Chapel of?] Loretto Convent and Academy [of St. Mary's?],English,﻿p131: https://digital.library.villanova.edu/Item/vudl:325604#?xywh=-111%2C219%2C1488%2C814&cv=130,,,,﻿Marion County,﻿Loretto,,﻿KY,,﻿#REF!,﻿#REF!,,,,,,,,,,,,,,1843,﻿,﻿,﻿hi,Louisville
﻿lou.ky.9034_02,﻿church,﻿[Chapel of?] Loretto Convent and Academy [of St. Mary's?],English,﻿p131: https://digital.library.villanova.edu/Item/vudl:325604#?xywh=-111%2C219%2C1488%2C814&cv=130,,,,﻿Marion County,﻿Loretto,,﻿KY,,﻿#REF!,﻿#REF!,,,,,,,,,,,,,,1843,﻿,﻿,﻿hi,Louisville
﻿lou.ky.9034_02,﻿church,﻿[Chapel of?] Loretto Convent and Academy [of St. Mary's?],English,﻿p131: https://digital.library.villanova.edu/Item/vudl:325604#?xywh=-111%2C219%2C1488%2C814&cv=130,,,,﻿Marion County,﻿Loretto,,﻿KY,,﻿#REF!,﻿#REF!,,,,,,,,,,,,,,1843,﻿,﻿,﻿hi,Louisville
﻿lou.ky.9034_02,﻿church,﻿[Chapel of?] Loretto Convent and Academy [of St. Mary's?],English,﻿p131: https://digital.library.villanova.edu/Item/vudl:325604#?xywh=-111%2C219%2C1488%2C814&cv=130,,,,﻿Marion County,﻿Loretto,,﻿KY,,﻿#REF!,﻿#REF!,,,,,,,,,,,,,,1843,﻿,﻿,﻿hi,Louisville
﻿lou.ky.9034_02,﻿church,﻿[Chapel of?] Loretto Convent and Academy [of St. Mary's?],English,﻿p131: https://digital.library.villanova.edu/Item/vudl:325604#?xywh=-111%2C219%2C1488%2C814&cv=130,,,,﻿Marion County,﻿Loretto,,﻿KY,,﻿#REF!,﻿#REF!,,,,,,,,,,,,,,1843,﻿,﻿,﻿hi,Louisville
﻿lou.ky.9034_02,﻿church,﻿[Chapel of?] Loretto Convent and Academy [of St. Mary's?],English,﻿p131: https://digital.library.villanova.edu/Item/vudl:325604#?xywh=-111%2C219%2C1488%2C814&cv=130,,,,﻿Marion County,﻿Loretto,,﻿KY,,﻿#REF!,﻿#REF!,,,,,,,,,,,,,,1843,﻿,﻿,﻿hi,Louisville
﻿lou.ky.9034_02,﻿church,﻿[Chapel of?] Loretto Convent and Academy [of St. Mary's?],English,﻿p131: https://digital.library.villanova.edu/Item/vudl:325604#?xywh=-111%2C219%2C1488%2C814&cv=130,,,,﻿Marion County,﻿Loretto,,﻿KY,,﻿#REF!,﻿#REF!,,,,,,,,,,,,,,1843,﻿,﻿,﻿hi,Louisville
﻿lou.ky.9034_02,﻿church,﻿[Chapel of?] Loretto Convent and Academy [of St. Mary's?],English,﻿p131: https://digital.library.villanova.edu/Item/vudl:325604#?xywh=-111%2C219%2C1488%2C814&cv=130,,,,﻿Marion County,﻿Loretto,,﻿KY,,﻿#REF!,﻿#REF!,,,,,,,,,,,,,,1843,﻿,﻿,﻿hi,Louisville
﻿lou.ky.9034_02,﻿church,﻿[Chapel of?] Loretto Convent and Academy [of St. Mary's?],English,﻿p131: https://digital.library.villanova.edu/Item/vudl:325604#?xywh=-111%2C219%2C1488%2C814&cv=130,,,,﻿Marion County,﻿Loretto,,﻿KY,,﻿#REF!,﻿#REF!,,,,,,,,,,,,,,1843,﻿,﻿,﻿hi,Louisville
﻿lou.ky.9034_02,﻿church,﻿[Chapel of?] Loretto Convent and Academy [of St. Mary's?],English,﻿p131: https://digital.library.villanova.edu/Item/vudl:325604#?xywh=-111%2C219%2C1488%2C814&cv=130,,,,﻿Marion County,﻿Loretto,,﻿KY,,﻿#REF!,﻿#REF!,,,,,,,,,,,,,,1843,﻿,﻿,﻿hi,Louisville
﻿lou.ky.9034_02,﻿church,﻿[Chapel of?] Loretto Convent and Academy [of St. Mary's?],English,﻿p131: https://digital.library.villanova.edu/Item/vudl:325604#?xywh=-111%2C219%2C1488%2C814&cv=130,,,,﻿Marion County,﻿Loretto,,﻿KY,,﻿#REF!,﻿#REF!,,,,,,,,,,,,,,1843,﻿,﻿,﻿hi,Louisville
﻿lou.ky.9034_02,﻿church,﻿[Chapel of?] Loretto Convent and Academy [of St. Mary's?],English,﻿p131: https://digital.library.villanova.edu/Item/vudl:325604#?xywh=-111%2C219%2C1488%2C814&cv=130,,,,﻿Marion County,﻿Loretto,,﻿KY,,﻿#REF!,﻿#REF!,,,,,,,,,,,,,,1843,﻿,﻿,﻿hi,Louisville
﻿lou.ky.9034_02,﻿church,﻿[Chapel of?] Loretto Convent and Academy [of St. Mary's?],English,﻿p131: https://digital.library.villanova.edu/Item/vudl:325604#?xywh=-111%2C219%2C1488%2C814&cv=130,,,,﻿Marion County,﻿Loretto,,﻿KY,,﻿#REF!,﻿#REF!,,,,,,,,,,,,,,1843,﻿,﻿,﻿hi,Louisville
﻿lou.ky.9034_02,﻿church,﻿[Chapel of?] Loretto Convent and Academy [of St. Mary's?],English,﻿p131: https://digital.library.villanova.edu/Item/vudl:325604#?xywh=-111%2C219%2C1488%2C814&cv=130,,,,﻿Marion County,﻿Loretto,,﻿KY,,﻿#REF!,﻿#REF!,,,,,,,,,,,,,,1843,﻿,﻿,﻿hi,Louisville
﻿lou.ky.9034_02,﻿church,﻿[Chapel of?] Loretto Convent and Academy [of St. Mary's?],English,﻿p131: https://digital.library.villanova.edu/Item/vudl:325604#?xywh=-111%2C219%2C1488%2C814&cv=130,,,,﻿Marion County,﻿Loretto,,﻿KY,,﻿#REF!,﻿#REF!,,,,,,,,,,,,,,1843,﻿,﻿,﻿hi,Louisville
﻿lou.ky.9034_02,﻿church,﻿[Chapel of?] Loretto Convent and Academy [of St. Mary's?],English,﻿p131: https://digital.library.villanova.edu/Item/vudl:325604#?xywh=-111%2C219%2C1488%2C814&cv=130,,,,﻿Marion County,﻿Loretto,,﻿KY,,﻿#REF!,﻿#REF!,,,,,,,,,,,,,,1843,﻿,﻿,﻿hi,Louisville
﻿lou.ky.9034_02,﻿church,﻿[Chapel of?] Loretto Convent and Academy [of St. Mary's?],English,﻿p131: https://digital.library.villanova.edu/Item/vudl:325604#?xywh=-111%2C219%2C1488%2C814&cv=130,,,,﻿Marion County,﻿Loretto,,﻿KY,,﻿#REF!,﻿#REF!,,,,,,,,,,,,,,1843,﻿,﻿,﻿hi,Louisville
﻿lou.ky.9034_02,﻿church,﻿[Chapel of?] Loretto Convent and Academy [of St. Mary's?],English,﻿p131: https://digital.library.villanova.edu/Item/vudl:325604#?xywh=-111%2C219%2C1488%2C814&cv=130,,,,﻿Marion County,﻿Loretto,,﻿KY,,﻿#REF!,﻿#REF!,,,,,,,,,,,,,,1843,﻿,﻿,﻿hi,Louisville
﻿lou.ky.9034_02,﻿church,﻿[Chapel of?] Loretto Convent and Academy [of St. Mary's?],English,﻿p131: https://digital.library.villanova.edu/Item/vudl:325604#?xywh=-111%2C219%2C1488%2C814&cv=130,,,,﻿Marion County,﻿Loretto,,﻿KY,,﻿#REF!,﻿#REF!,,,,,,,,,,,,,,1843,﻿,﻿,﻿hi,Louisville
﻿lou.ky.9034_02,﻿church,﻿[Chapel of?] Loretto Convent and Academy [of St. Mary's?],English,﻿p131: https://digital.library.villanova.edu/Item/vudl:325604#?xywh=-111%2C219%2C1488%2C814&cv=130,,,,﻿Marion County,﻿Loretto,,﻿KY,,﻿#REF!,﻿#REF!,,,,,,,,,,,,,,1843,﻿,﻿,﻿hi,Louisville
﻿lou.ky.9034_02,﻿church,﻿[Chapel of?] Loretto Convent and Academy [of St. Mary's?],English,﻿p131: https://digital.library.villanova.edu/Item/vudl:325604#?xywh=-111%2C219%2C1488%2C814&cv=130,,,,﻿Marion County,﻿Loretto,,﻿KY,,﻿#REF!,﻿#REF!,,,,,,,,,,,,,,1843,﻿,﻿,﻿hi,Louisville
﻿lou.ky.9034_02,﻿church,﻿[Chapel of?] Loretto Convent and Academy [of St. Mary's?],English,﻿p131: https://digital.library.villanova.edu/Item/vudl:325604#?xywh=-111%2C219%2C1488%2C814&cv=130,,,,﻿Marion County,﻿Loretto,,﻿KY,,﻿#REF!,﻿#REF!,,,,,,,,,,,,,,1843,﻿,﻿,﻿hi,Louisville
﻿lou.ky.9034_02,﻿church,﻿[Chapel of?] Loretto Convent and Academy [of St. Mary's?],English,﻿p131: https://digital.library.villanova.edu/Item/vudl:325604#?xywh=-111%2C219%2C1488%2C814&cv=130,,,,﻿Marion County,﻿Loretto,,﻿KY,,﻿#REF!,﻿#REF!,,,,,,,,,,,,,,1843,﻿,﻿,﻿hi,Louisville
﻿lou.ky.9034_02,﻿church,﻿[Chapel of?] Loretto Convent and Academy [of St. Mary's?],English,﻿p131: https://digital.library.villanova.edu/Item/vudl:325604#?xywh=-111%2C219%2C1488%2C814&cv=130,,,,﻿Marion County,﻿Loretto,,﻿KY,,﻿#REF!,﻿#REF!,,,,,,,,,,,,,,1843,﻿,﻿,﻿hi,Louisville
﻿lou.ky.9034_02,﻿church,﻿[Chapel of?] Loretto Convent and Academy [of St. Mary's?],English,﻿p131: https://digital.library.villanova.edu/Item/vudl:325604#?xywh=-111%2C219%2C1488%2C814&cv=130,,,,﻿Marion County,﻿Loretto,,﻿KY,,﻿#REF!,﻿#REF!,,,,,,,,,,,,,,1843,﻿,﻿,﻿hi,Louisville
﻿lou.ky.9034_02,﻿church,﻿[Chapel of?] Loretto Convent and Academy [of St. Mary's?],English,﻿p131: https://digital.library.villanova.edu/Item/vudl:325604#?xywh=-111%2C219%2C1488%2C814&cv=130,,,,﻿Marion County,﻿Loretto,,﻿KY,,﻿#REF!,﻿#REF!,,,,,,,,,,,,,,1843,﻿,﻿,﻿hi,Louisville
﻿lou.ky.9034_02,﻿church,﻿[Chapel of?] Loretto Convent and Academy [of St. Mary's?],English,﻿p131: https://digital.library.villanova.edu/Item/vudl:325604#?xywh=-111%2C219%2C1488%2C814&cv=130,,,,﻿Marion County,﻿Loretto,,﻿KY,,﻿#REF!,﻿#REF!,,,,,,,,,,,,,,1843,﻿,﻿,﻿hi,Louisville
﻿lou.ky.9034_02,﻿church,﻿[Chapel of?] Loretto Convent and Academy [of St. Mary's?],English,﻿p131: https://digital.library.villanova.edu/Item/vudl:325604#?xywh=-111%2C219%2C1488%2C814&cv=130,,,,﻿Marion County,﻿Loretto,,﻿KY,,﻿#REF!,﻿#REF!,,,,,,,,,,,,,,1843,﻿,﻿,﻿hi,Louisville
﻿lou.ky.9034_02,﻿church,﻿[Chapel of?] Loretto Convent and Academy [of St. Mary's?],English,﻿p131: https://digital.library.villanova.edu/Item/vudl:325604#?xywh=-111%2C219%2C1488%2C814&cv=130,,,,﻿Marion County,﻿Loretto,,﻿KY,,﻿#REF!,﻿#REF!,,,,,,,,,,,,,,1843,﻿,﻿,﻿hi,Louisville
﻿lou.ky.9034_02,﻿church,﻿[Chapel of?] Loretto Convent and Academy [of St. Mary's?],English,﻿p131: https://digital.library.villanova.edu/Item/vudl:325604#?xywh=-111%2C219%2C1488%2C814&cv=130,,,,﻿Marion County,﻿Loretto,,﻿KY,,﻿#REF!,﻿#REF!,,,,,,,,,,,,,,1843,﻿,﻿,﻿hi,Louisville
﻿lou.ky.9034_02,﻿church,﻿[Chapel of?] Loretto Convent and Academy [of St. Mary's?],English,﻿p131: https://digital.library.villanova.edu/Item/vudl:325604#?xywh=-111%2C219%2C1488%2C814&cv=130,,,,﻿Marion County,﻿Loretto,,﻿KY,,﻿#REF!,﻿#REF!,,,,,,,,,,,,,,1843,﻿,﻿,﻿hi,Louisville
﻿lou.ky.9034_02,﻿church,﻿[Chapel of?] Loretto Convent and Academy [of St. Mary's?],English,﻿p131: https://digital.library.villanova.edu/Item/vudl:325604#?xywh=-111%2C219%2C1488%2C814&cv=130,,,,﻿Marion County,﻿Loretto,,﻿KY,,﻿#REF!,﻿#REF!,,,,,,,,,,,,,,1843,﻿,﻿,﻿hi,Louisville
﻿lou.ky.9034_02,﻿church,﻿[Chapel of?] Loretto Convent and Academy [of St. Mary's?],English,﻿p131: https://digital.library.villanova.edu/Item/vudl:325604#?xywh=-111%2C219%2C1488%2C814&cv=130,,,,﻿Marion County,﻿Loretto,,﻿KY,,﻿#REF!,﻿#REF!,,,,,,,,,,,,,,1843,﻿,﻿,﻿hi,Louisville
﻿lou.ky.9034_02,﻿church,﻿[Chapel of?] Loretto Convent and Academy [of St. Mary's?],English,﻿p131: https://digital.library.villanova.edu/Item/vudl:325604#?xywh=-111%2C219%2C1488%2C814&cv=130,,,,﻿Marion County,﻿Loretto,,﻿KY,,﻿#REF!,﻿#REF!,,,,,,,,,,,,,,1843,﻿,﻿,﻿hi,Louisville
﻿lou.ky.9034_02,﻿church,﻿[Chapel of?] Loretto Convent and Academy [of St. Mary's?],English,﻿p131: https://digital.library.villanova.edu/Item/vudl:325604#?xywh=-111%2C219%2C1488%2C814&cv=130,,,,﻿Marion County,﻿Loretto,,﻿KY,,﻿#REF!,﻿#REF!,,,,,,,,,,,,,,1843,﻿,﻿,﻿hi,Louisville
﻿lou.ky.9034_02,﻿church,﻿[Chapel of?] Loretto Convent and Academy [of St. Mary's?],English,﻿p131: https://digital.library.villanova.edu/Item/vudl:325604#?xywh=-111%2C219%2C1488%2C814&cv=130,,,,﻿Marion County,﻿Loretto,,﻿KY,,﻿#REF!,﻿#REF!,,,,,,,,,,,,,,1843,﻿,﻿,﻿hi,Louisville
﻿lou.ky.9034_02,﻿church,﻿[Chapel of?] Loretto Convent and Academy [of St. Mary's?],English,﻿p131: https://digital.library.villanova.edu/Item/vudl:325604#?xywh=-111%2C219%2C1488%2C814&cv=130,,,,﻿Marion County,﻿Loretto,,﻿KY,,﻿#REF!,﻿#REF!,,,,,,,,,,,,,,1843,﻿,﻿,﻿hi,Louisville
﻿lou.ky.9034_02,﻿church,﻿[Chapel of?] Loretto Convent and Academy [of St. Mary's?],English,﻿p131: https://digital.library.villanova.edu/Item/vudl:325604#?xywh=-111%2C219%2C1488%2C814&cv=130,,,,﻿Marion County,﻿Loretto,,﻿KY,,﻿#REF!,﻿#REF!,,,,,,,,,,,,,,1843,﻿,﻿,﻿hi,Louisville
﻿lou.ky.9034_02,﻿church,﻿[Chapel of?] Loretto Convent and Academy [of St. Mary's?],English,﻿p131: https://digital.library.villanova.edu/Item/vudl:325604#?xywh=-111%2C219%2C1488%2C814&cv=130,,,,﻿Marion County,﻿Loretto,,﻿KY,,﻿#REF!,﻿#REF!,,,,,,,,,,,,,,1843,﻿,﻿,﻿hi,Louisville
﻿lou.ky.9034_02,﻿church,﻿[Chapel of?] Loretto Convent and Academy [of St. Mary's?],English,﻿p131: https://digital.library.villanova.edu/Item/vudl:325604#?xywh=-111%2C219%2C1488%2C814&cv=130,,,,﻿Marion County,﻿Loretto,,﻿KY,,﻿#REF!,﻿#REF!,,,,,,,,,,,,,,1843,﻿,﻿,﻿hi,Louisville
﻿lou.ky.9034_02,﻿church,﻿[Chapel of?] Loretto Convent and Academy [of St. Mary's?],English,﻿p131: https://digital.library.villanova.edu/Item/vudl:325604#?xywh=-111%2C219%2C1488%2C814&cv=130,,,,﻿Marion County,﻿Loretto,,﻿KY,,﻿#REF!,﻿#REF!,,,,,,,,,,,,,,1843,﻿,﻿,﻿hi,Louisville
﻿lou.ky.9034_02,﻿church,﻿[Chapel of?] Loretto Convent and Academy [of St. Mary's?],English,﻿p131: https://digital.library.villanova.edu/Item/vudl:325604#?xywh=-111%2C219%2C1488%2C814&cv=130,,,,﻿Marion County,﻿Loretto,,﻿KY,,﻿#REF!,﻿#REF!,,,,,,,,,,,,,,1843,﻿,﻿,﻿hi,Louisville
﻿lou.ky.9034_02,﻿church,﻿[Chapel of?] Loretto Convent and Academy [of St. Mary's?],English,﻿p131: https://digital.library.villanova.edu/Item/vudl:325604#?xywh=-111%2C219%2C1488%2C814&cv=130,,,,﻿Marion County,﻿Loretto,,﻿KY,,﻿#REF!,﻿#REF!,,,,,,,,,,,,,,1843,﻿,﻿,﻿hi,Louisville
﻿lou.ky.9034_02,﻿church,﻿[Chapel of?] Loretto Convent and Academy [of St. Mary's?],English,﻿p131: https://digital.library.villanova.edu/Item/vudl:325604#?xywh=-111%2C219%2C1488%2C814&cv=130,,,,﻿Marion County,﻿Loretto,,﻿KY,,﻿#REF!,﻿#REF!,,,,,,,,,,,,,,1843,﻿,﻿,﻿hi,Louisville
﻿lou.ky.9034_02,﻿church,﻿[Chapel of?] Loretto Convent and Academy [of St. Mary's?],English,﻿p131: https://digital.library.villanova.edu/Item/vudl:325604#?xywh=-111%2C219%2C1488%2C814&cv=130,,,,﻿Marion County,﻿Loretto,,﻿KY,,﻿#REF!,﻿#REF!,,,,,,,,,,,,,,1843,﻿,﻿,﻿hi,Louisville
﻿lou.ky.9034_02,﻿church,﻿[Chapel of?] Loretto Convent and Academy [of St. Mary's?],English,﻿p131: https://digital.library.villanova.edu/Item/vudl:325604#?xywh=-111%2C219%2C1488%2C814&cv=130,,,,﻿Marion County,﻿Loretto,,﻿KY,,﻿#REF!,﻿#REF!,,,,,,,,,,,,,,1843,﻿,﻿,﻿hi,Louisville
﻿lou.ky.9034_02,﻿church,﻿[Chapel of?] Loretto Convent and Academy [of St. Mary's?],English,﻿p131: https://digital.library.villanova.edu/Item/vudl:325604#?xywh=-111%2C219%2C1488%2C814&cv=130,,,,﻿Marion County,﻿Loretto,,﻿KY,,﻿#REF!,﻿#REF!,,,,,,,,,,,,,,1843,﻿,﻿,﻿hi,Louisville
﻿lou.ky.9034_02,﻿church,﻿[Chapel of?] Loretto Convent and Academy [of St. Mary's?],English,﻿p131: https://digital.library.villanova.edu/Item/vudl:325604#?xywh=-111%2C219%2C1488%2C814&cv=130,,,,﻿Marion County,﻿Loretto,,﻿KY,,﻿#REF!,﻿#REF!,,,,,,,,,,,,,,1843,﻿,﻿,﻿hi,Louisville
﻿lou.ky.9034_02,﻿church,﻿[Chapel of?] Loretto Convent and Academy [of St. Mary's?],English,﻿p131: https://digital.library.villanova.edu/Item/vudl:325604#?xywh=-111%2C219%2C1488%2C814&cv=130,,,,﻿Marion County,﻿Loretto,,﻿KY,,﻿#REF!,﻿#REF!,,,,,,,,,,,,,,1843,﻿,﻿,﻿hi,Louisville
﻿lou.ky.9034_02,﻿church,﻿[Chapel of?] Loretto Convent and Academy [of St. Mary's?],English,﻿p131: https://digital.library.villanova.edu/Item/vudl:325604#?xywh=-111%2C219%2C1488%2C814&cv=130,,,,﻿Marion County,﻿Loretto,,﻿KY,,﻿#REF!,﻿#REF!,,,,,,,,,,,,,,1843,﻿,﻿,﻿hi,Louisville
﻿lou.ky.9034_02,﻿church,﻿[Chapel of?] Loretto Convent and Academy [of St. Mary's?],English,﻿p131: https://digital.library.villanova.edu/Item/vudl:325604#?xywh=-111%2C219%2C1488%2C814&cv=130,,,,﻿Marion County,﻿Loretto,,﻿KY,,﻿#REF!,﻿#REF!,,,,,,,,,,,,,,1843,﻿,﻿,﻿hi,Louisville
﻿lou.ky.9034_02,﻿church,﻿[Chapel of?] Loretto Convent and Academy [of St. Mary's?],English,﻿p131: https://digital.library.villanova.edu/Item/vudl:325604#?xywh=-111%2C219%2C1488%2C814&cv=130,,,,﻿Marion County,﻿Loretto,,﻿KY,,﻿#REF!,﻿#REF!,,,,,,,,,,,,,,1843,﻿,﻿,﻿hi,Louisville
﻿lou.ky.9034_02,﻿church,﻿[Chapel of?] Loretto Convent and Academy [of St. Mary's?],English,﻿p131: https://digital.library.villanova.edu/Item/vudl:325604#?xywh=-111%2C219%2C1488%2C814&cv=130,,,,﻿Marion County,﻿Loretto,,﻿KY,,﻿#REF!,﻿#REF!,,,,,,,,,,,,,,1843,﻿,﻿,﻿hi,Louisville
﻿lou.ky.9034_02,﻿church,﻿[Chapel of?] Loretto Convent and Academy [of St. Mary's?],English,﻿p131: https://digital.library.villanova.edu/Item/vudl:325604#?xywh=-111%2C219%2C1488%2C814&cv=130,,,,﻿Marion County,﻿Loretto,,﻿KY,,﻿#REF!,﻿#REF!,,,,,,,,,,,,,,1843,﻿,﻿,﻿hi,Louisville
﻿lou.ky.9034_02,﻿church,﻿[Chapel of?] Loretto Convent and Academy [of St. Mary's?],English,﻿p131: https://digital.library.villanova.edu/Item/vudl:325604#?xywh=-111%2C219%2C1488%2C814&cv=130,,,,﻿Marion County,﻿Loretto,,﻿KY,,﻿#REF!,﻿#REF!,,,,,,,,,,,,,,1843,﻿,﻿,﻿hi,Louisville
﻿lou.ky.9034_02,﻿church,﻿[Chapel of?] Loretto Convent and Academy [of St. Mary's?],English,﻿p131: https://digital.library.villanova.edu/Item/vudl:325604#?xywh=-111%2C219%2C1488%2C814&cv=130,,,,﻿Marion County,﻿Loretto,,﻿KY,,﻿#REF!,﻿#REF!,,,,,,,,,,,,,,1843,﻿,﻿,﻿hi,Louisville
﻿lou.ky.9034_02,﻿church,﻿[Chapel of?] Loretto Convent and Academy [of St. Mary's?],English,﻿p131: https://digital.library.villanova.edu/Item/vudl:325604#?xywh=-111%2C219%2C1488%2C814&cv=130,,,,﻿Marion County,﻿Loretto,,﻿KY,,﻿#REF!,﻿#REF!,,,,,,,,,,,,,,1843,﻿,﻿,﻿hi,Louisville
﻿lou.ky.9034_02,﻿church,﻿[Chapel of?] Loretto Convent and Academy [of St. Mary's?],English,﻿p131: https://digital.library.villanova.edu/Item/vudl:325604#?xywh=-111%2C219%2C1488%2C814&cv=130,,,,﻿Marion County,﻿Loretto,,﻿KY,,﻿#REF!,﻿#REF!,,,,,,,,,,,,,,1843,﻿,﻿,﻿hi,Louisville
﻿lou.ky.9034_02,﻿church,﻿[Chapel of?] Loretto Convent and Academy [of St. Mary's?],English,﻿p131: https://digital.library.villanova.edu/Item/vudl:325604#?xywh=-111%2C219%2C1488%2C814&cv=130,,,,﻿Marion County,﻿Loretto,,﻿KY,,﻿#REF!,﻿#REF!,,,,,,,,,,,,,,1843,﻿,﻿,﻿hi,Louisville
﻿lou.ky.9034_02,﻿church,﻿[Chapel of?] Loretto Convent and Academy [of St. Mary's?],English,﻿p131: https://digital.library.villanova.edu/Item/vudl:325604#?xywh=-111%2C219%2C1488%2C814&cv=130,,,,﻿Marion County,﻿Loretto,,﻿KY,,﻿#REF!,﻿#REF!,,,,,,,,,,,,,,1843,﻿,﻿,﻿hi,Louisville
﻿lou.ky.9034_02,﻿church,﻿[Chapel of?] Loretto Convent and Academy [of St. Mary's?],English,﻿p131: https://digital.library.villanova.edu/Item/vudl:325604#?xywh=-111%2C219%2C1488%2C814&cv=130,,,,﻿Marion County,﻿Loretto,,﻿KY,,﻿#REF!,﻿#REF!,,,,,,,,,,,,,,1843,﻿,﻿,﻿hi,Louisville
﻿lou.ky.9034_02,﻿church,﻿[Chapel of?] Loretto Convent and Academy [of St. Mary's?],English,﻿p131: https://digital.library.villanova.edu/Item/vudl:325604#?xywh=-111%2C219%2C1488%2C814&cv=130,,,,﻿Marion County,﻿Loretto,,﻿KY,,﻿#REF!,﻿#REF!,,,,,,,,,,,,,,1843,﻿,﻿,﻿hi,Louisville
﻿lou.ky.9034_02,﻿church,﻿[Chapel of?] Loretto Convent and Academy [of St. Mary's?],English,﻿p131: https://digital.library.villanova.edu/Item/vudl:325604#?xywh=-111%2C219%2C1488%2C814&cv=130,,,,﻿Marion County,﻿Loretto,,﻿KY,,﻿#REF!,﻿#REF!,,,,,,,,,,,,,,1843,﻿,﻿,﻿hi,Louisville
﻿lou.ky.9034_02,﻿church,﻿[Chapel of?] Loretto Convent and Academy [of St. Mary's?],English,﻿p131: https://digital.library.villanova.edu/Item/vudl:325604#?xywh=-111%2C219%2C1488%2C814&cv=130,,,,﻿Marion County,﻿Loretto,,﻿KY,,﻿#REF!,﻿#REF!,,,,,,,,,,,,,,1843,﻿,﻿,﻿hi,Louisville
﻿lou.ky.9034_02,﻿church,﻿[Chapel of?] Loretto Convent and Academy [of St. Mary's?],English,﻿p131: https://digital.library.villanova.edu/Item/vudl:325604#?xywh=-111%2C219%2C1488%2C814&cv=130,,,,﻿Marion County,﻿Loretto,,﻿KY,,﻿#REF!,﻿#REF!,,,,,,,,,,,,,,1843,﻿,﻿,﻿hi,Louisville
﻿lou.ky.9034_02,﻿church,﻿[Chapel of?] Loretto Convent and Academy [of St. Mary's?],English,﻿p131: https://digital.library.villanova.edu/Item/vudl:325604#?xywh=-111%2C219%2C1488%2C814&cv=130,,,,﻿Marion County,﻿Loretto,,﻿KY,,﻿#REF!,﻿#REF!,,,,,,,,,,,,,,1843,﻿,﻿,﻿hi,Louisville
﻿lou.ky.9034_02,﻿church,﻿[Chapel of?] Loretto Convent and Academy [of St. Mary's?],English,﻿p131: https://digital.library.villanova.edu/Item/vudl:325604#?xywh=-111%2C219%2C1488%2C814&cv=130,,,,﻿Marion County,﻿Loretto,,﻿KY,,﻿#REF!,﻿#REF!,,,,,,,,,,,,,,1843,﻿,﻿,﻿hi,Louisville
﻿lou.ky.9034_02,﻿church,﻿[Chapel of?] Loretto Convent and Academy [of St. Mary's?],English,﻿p131: https://digital.library.villanova.edu/Item/vudl:325604#?xywh=-111%2C219%2C1488%2C814&cv=130,,,,﻿Marion County,﻿Loretto,,﻿KY,,﻿#REF!,﻿#REF!,,,,,,,,,,,,,,1843,﻿,﻿,﻿hi,Louisville
﻿lou.ky.9034_02,﻿church,﻿[Chapel of?] Loretto Convent and Academy [of St. Mary's?],English,﻿p131: https://digital.library.villanova.edu/Item/vudl:325604#?xywh=-111%2C219%2C1488%2C814&cv=130,,,,﻿Marion County,﻿Loretto,,﻿KY,,﻿#REF!,﻿#REF!,,,,,,,,,,,,,,1843,﻿,﻿,﻿hi,Louisville
﻿lou.ky.9034_02,﻿church,﻿[Chapel of?] Loretto Convent and Academy [of St. Mary's?],English,﻿p131: https://digital.library.villanova.edu/Item/vudl:325604#?xywh=-111%2C219%2C1488%2C814&cv=130,,,,﻿Marion County,﻿Loretto,,﻿KY,,﻿#REF!,﻿#REF!,,,,,,,,,,,,,,1843,﻿,﻿,﻿hi,Louisville
﻿lou.ky.9034_02,﻿church,﻿[Chapel of?] Loretto Convent and Academy [of St. Mary's?],English,﻿p131: https://digital.library.villanova.edu/Item/vudl:325604#?xywh=-111%2C219%2C1488%2C814&cv=130,,,,﻿Marion County,﻿Loretto,,﻿KY,,﻿#REF!,﻿#REF!,,,,,,,,,,,,,,1843,﻿,﻿,﻿hi,Louisville
﻿lou.ky.9034_02,﻿church,﻿[Chapel of?] Loretto Convent and Academy [of St. Mary's?],English,﻿p131: https://digital.library.villanova.edu/Item/vudl:325604#?xywh=-111%2C219%2C1488%2C814&cv=130,,,,﻿Marion County,﻿Loretto,,﻿KY,,﻿#REF!,﻿#REF!,,,,,,,,,,,,,,1843,﻿,﻿,﻿hi,Louisville
﻿lou.ky.9034_02,﻿church,﻿[Chapel of?] Loretto Convent and Academy [of St. Mary's?],English,﻿p131: https://digital.library.villanova.edu/Item/vudl:325604#?xywh=-111%2C219%2C1488%2C814&cv=130,,,,﻿Marion County,﻿Loretto,,﻿KY,,﻿#REF!,﻿#REF!,,,,,,,,,,,,,,1843,﻿,﻿,﻿hi,Louisville
﻿lou.ky.9034_02,﻿church,﻿[Chapel of?] Loretto Convent and Academy [of St. Mary's?],English,﻿p131: https://digital.library.villanova.edu/Item/vudl:325604#?xywh=-111%2C219%2C1488%2C814&cv=130,,,,﻿Marion County,﻿Loretto,,﻿KY,,﻿#REF!,﻿#REF!,,,,,,,,,,,,,,1843,﻿,﻿,﻿hi,Louisville
﻿lou.ky.9034_02,﻿church,﻿[Chapel of?] Loretto Convent and Academy [of St. Mary's?],English,﻿p131: https://digital.library.villanova.edu/Item/vudl:325604#?xywh=-111%2C219%2C1488%2C814&cv=130,,,,﻿Marion County,﻿Loretto,,﻿KY,,﻿#REF!,﻿#REF!,,,,,,,,,,,,,,1843,﻿,﻿,﻿hi,Louisville
﻿lou.ky.9034_02,﻿church,﻿[Chapel of?] Loretto Convent and Academy [of St. Mary's?],English,﻿p131: https://digital.library.villanova.edu/Item/vudl:325604#?xywh=-111%2C219%2C1488%2C814&cv=130,,,,﻿Marion County,﻿Loretto,,﻿KY,,﻿#REF!,﻿#REF!,,,,,,,,,,,,,,1843,﻿,﻿,﻿hi,Louisville
﻿lou.ky.9034_02,﻿church,﻿[Chapel of?] Loretto Convent and Academy [of St. Mary's?],English,﻿p131: https://digital.library.villanova.edu/Item/vudl:325604#?xywh=-111%2C219%2C1488%2C814&cv=130,,,,﻿Marion County,﻿Loretto,,﻿KY,,﻿#REF!,﻿#REF!,,,,,,,,,,,,,,1843,﻿,﻿,﻿hi,Louisville
﻿lou.ky.9034_02,﻿church,﻿[Chapel of?] Loretto Convent and Academy [of St. Mary's?],English,﻿p131: https://digital.library.villanova.edu/Item/vudl:325604#?xywh=-111%2C219%2C1488%2C814&cv=130,,,,﻿Marion County,﻿Loretto,,﻿KY,,﻿#REF!,﻿#REF!,,,,,,,,,,,,,,1843,﻿,﻿,﻿hi,Louisville
﻿lou.ky.9034_02,﻿church,﻿[Chapel of?] Loretto Convent and Academy [of St. Mary's?],English,﻿p131: https://digital.library.villanova.edu/Item/vudl:325604#?xywh=-111%2C219%2C1488%2C814&cv=130,,,,﻿Marion County,﻿Loretto,,﻿KY,,﻿#REF!,﻿#REF!,,,,,,,,,,,,,,1843,﻿,﻿,﻿hi,Louisville
﻿lou.ky.9034_02,﻿church,﻿[Chapel of?] Loretto Convent and Academy [of St. Mary's?],English,﻿p131: https://digital.library.villanova.edu/Item/vudl:325604#?xywh=-111%2C219%2C1488%2C814&cv=130,,,,﻿Marion County,﻿Loretto,,﻿KY,,﻿#REF!,﻿#REF!,,,,,,,,,,,,,,1843,﻿,﻿,﻿hi,Louisville
﻿lou.ky.9034_02,﻿church,﻿[Chapel of?] Loretto Convent and Academy [of St. Mary's?],English,﻿p131: https://digital.library.villanova.edu/Item/vudl:325604#?xywh=-111%2C219%2C1488%2C814&cv=130,,,,﻿Marion County,﻿Loretto,,﻿KY,,﻿#REF!,﻿#REF!,,,,,,,,,,,,,,1843,﻿,﻿,﻿hi,Louisville
﻿lou.ky.9034_02,﻿church,﻿[Chapel of?] Loretto Convent and Academy [of St. Mary's?],English,﻿p131: https://digital.library.villanova.edu/Item/vudl:325604#?xywh=-111%2C219%2C1488%2C814&cv=130,,,,﻿Marion County,﻿Loretto,,﻿KY,,﻿#REF!,﻿#REF!,,,,,,,,,,,,,,1843,﻿,﻿,﻿hi,Louisville
﻿lou.ky.9034_02,﻿church,﻿[Chapel of?] Loretto Convent and Academy [of St. Mary's?],English,﻿p131: https://digital.library.villanova.edu/Item/vudl:325604#?xywh=-111%2C219%2C1488%2C814&cv=130,,,,﻿Marion County,﻿Loretto,,﻿KY,,﻿#REF!,﻿#REF!,,,,,,,,,,,,,,1843,﻿,﻿,﻿hi,Louisville
﻿lou.ky.9034_02,﻿church,﻿[Chapel of?] Loretto Convent and Academy [of St. Mary's?],English,﻿p131: https://digital.library.villanova.edu/Item/vudl:325604#?xywh=-111%2C219%2C1488%2C814&cv=130,,,,﻿Marion County,﻿Loretto,,﻿KY,,﻿#REF!,﻿#REF!,,,,,,,,,,,,,,1843,﻿,﻿,﻿hi,Louisville
﻿lou.ky.9034_02,﻿church,﻿[Chapel of?] Loretto Convent and Academy [of St. Mary's?],English,﻿p131: https://digital.library.villanova.edu/Item/vudl:325604#?xywh=-111%2C219%2C1488%2C814&cv=130,,,,﻿Marion County,﻿Loretto,,﻿KY,,﻿#REF!,﻿#REF!,,,,,,,,,,,,,,1843,﻿,﻿,﻿hi,Louisville
﻿lou.ky.9034_02,﻿church,﻿[Chapel of?] Loretto Convent and Academy [of St. Mary's?],English,﻿p131: https://digital.library.villanova.edu/Item/vudl:325604#?xywh=-111%2C219%2C1488%2C814&cv=130,,,,﻿Marion County,﻿Loretto,,﻿KY,,﻿#REF!,﻿#REF!,,,,,,,,,,,,,,1843,﻿,﻿,﻿hi,Louisville
﻿lou.ky.9034_02,﻿church,﻿[Chapel of?] Loretto Convent and Academy [of St. Mary's?],English,﻿p131: https://digital.library.villanova.edu/Item/vudl:325604#?xywh=-111%2C219%2C1488%2C814&cv=130,,,,﻿Marion County,﻿Loretto,,﻿KY,,﻿#REF!,﻿#REF!,,,,,,,,,,,,,,1843,﻿,﻿,﻿hi,Louisville
﻿lou.ky.9034_02,﻿church,﻿[Chapel of?] Loretto Convent and Academy [of St. Mary's?],English,﻿p131: https://digital.library.villanova.edu/Item/vudl:325604#?xywh=-111%2C219%2C1488%2C814&cv=130,,,,﻿Marion County,﻿Loretto,,﻿KY,,﻿#REF!,﻿#REF!,,,,,,,,,,,,,,1843,﻿,﻿,﻿hi,Louisville
﻿lou.ky.9034_02,﻿church,﻿[Chapel of?] Loretto Convent and Academy [of St. Mary's?],English,﻿p131: https://digital.library.villanova.edu/Item/vudl:325604#?xywh=-111%2C219%2C1488%2C814&cv=130,,,,﻿Marion County,﻿Loretto,,﻿KY,,﻿#REF!,﻿#REF!,,,,,,,,,,,,,,1843,﻿,﻿,﻿hi,Louisville
﻿lou.ky.9034_02,﻿church,﻿[Chapel of?] Loretto Convent and Academy [of St. Mary's?],English,﻿p131: https://digital.library.villanova.edu/Item/vudl:325604#?xywh=-111%2C219%2C1488%2C814&cv=130,,,,﻿Marion County,﻿Loretto,,﻿KY,,﻿#REF!,﻿#REF!,,,,,,,,,,,,,,1843,﻿,﻿,﻿hi,Louisville
﻿lou.ky.9034_02,﻿church,﻿[Chapel of?] Loretto Convent and Academy [of St. Mary's?],English,﻿p131: https://digital.library.villanova.edu/Item/vudl:325604#?xywh=-111%2C219%2C1488%2C814&cv=130,,,,﻿Marion County,﻿Loretto,,﻿KY,,﻿#REF!,﻿#REF!,,,,,,,,,,,,,,1843,﻿,﻿,﻿hi,Louisville
﻿lou.ky.9034_02,﻿church,﻿[Chapel of?] Loretto Convent and Academy [of St. Mary's?],English,﻿p131: https://digital.library.villanova.edu/Item/vudl:325604#?xywh=-111%2C219%2C1488%2C814&cv=130,,,,﻿Marion County,﻿Loretto,,﻿KY,,﻿#REF!,﻿#REF!,,,,,,,,,,,,,,1843,﻿,﻿,﻿hi,Louisville
﻿lou.ky.9034_02,﻿church,﻿[Chapel of?] Loretto Convent and Academy [of St. Mary's?],English,﻿p131: https://digital.library.villanova.edu/Item/vudl:325604#?xywh=-111%2C219%2C1488%2C814&cv=130,,,,﻿Marion County,﻿Loretto,,﻿KY,,﻿#REF!,﻿#REF!,,,,,,,,,,,,,,1843,﻿,﻿,﻿hi,Louisville
﻿lou.ky.9034_02,﻿church,﻿[Chapel of?] Loretto Convent and Academy [of St. Mary's?],English,﻿p131: https://digital.library.villanova.edu/Item/vudl:325604#?xywh=-111%2C219%2C1488%2C814&cv=130,,,,﻿Marion County,﻿Loretto,,﻿KY,,﻿#REF!,﻿#REF!,,,,,,,,,,,,,,1843,﻿,﻿,﻿hi,Louisville
﻿lou.ky.9034_02,﻿church,﻿[Chapel of?] Loretto Convent and Academy [of St. Mary's?],English,﻿p131: https://digital.library.villanova.edu/Item/vudl:325604#?xywh=-111%2C219%2C1488%2C814&cv=130,,,,﻿Marion County,﻿Loretto,,﻿KY,,﻿#REF!,﻿#REF!,,,,,,,,,,,,,,1843,﻿,﻿,﻿hi,Louisville
﻿lou.ky.9034_02,﻿church,﻿[Chapel of?] Loretto Convent and Academy [of St. Mary's?],English,﻿p131: https://digital.library.villanova.edu/Item/vudl:325604#?xywh=-111%2C219%2C1488%2C814&cv=130,,,,﻿Marion County,﻿Loretto,,﻿KY,,﻿#REF!,﻿#REF!,,,,,,,,,,,,,,1843,﻿,﻿,﻿hi,Louisville
﻿lou.ky.9034_02,﻿church,﻿[Chapel of?] Loretto Convent and Academy [of St. Mary's?],English,﻿p131: https://digital.library.villanova.edu/Item/vudl:325604#?xywh=-111%2C219%2C1488%2C814&cv=130,,,,﻿Marion County,﻿Loretto,,﻿KY,,﻿#REF!,﻿#REF!,,,,,,,,,,,,,,1843,﻿,﻿,﻿hi,Louisville
﻿lou.ky.9034_02,﻿church,﻿[Chapel of?] Loretto Convent and Academy [of St. Mary's?],English,﻿p131: https://digital.library.villanova.edu/Item/vudl:325604#?xywh=-111%2C219%2C1488%2C814&cv=130,,,,﻿Marion County,﻿Loretto,,﻿KY,,﻿#REF!,﻿#REF!,,,,,,,,,,,,,,1843,﻿,﻿,﻿hi,Louisville
﻿lou.ky.9034_02,﻿church,﻿[Chapel of?] Loretto Convent and Academy [of St. Mary's?],English,﻿p131: https://digital.library.villanova.edu/Item/vudl:325604#?xywh=-111%2C219%2C1488%2C814&cv=130,,,,﻿Marion County,﻿Loretto,,﻿KY,,﻿#REF!,﻿#REF!,,,,,,,,,,,,,,1843,﻿,﻿,﻿hi,Louisville
﻿lou.ky.9034_02,﻿church,﻿[Chapel of?] Loretto Convent and Academy [of St. Mary's?],English,﻿p131: https://digital.library.villanova.edu/Item/vudl:325604#?xywh=-111%2C219%2C1488%2C814&cv=130,,,,﻿Marion County,﻿Loretto,,﻿KY,,﻿#REF!,﻿#REF!,,,,,,,,,,,,,,1843,﻿,﻿,﻿hi,Louisville
﻿lou.ky.9034_02,﻿church,﻿[Chapel of?] Loretto Convent and Academy [of St. Mary's?],English,﻿p131: https://digital.library.villanova.edu/Item/vudl:325604#?xywh=-111%2C219%2C1488%2C814&cv=130,,,,﻿Marion County,﻿Loretto,,﻿KY,,﻿#REF!,﻿#REF!,,,,,,,,,,,,,,1843,﻿,﻿,﻿hi,Louisville
﻿lou.ky.9034_02,﻿church,﻿[Chapel of?] Loretto Convent and Academy [of St. Mary's?],English,﻿p131: https://digital.library.villanova.edu/Item/vudl:325604#?xywh=-111%2C219%2C1488%2C814&cv=130,,,,﻿Marion County,﻿Loretto,,﻿KY,,﻿#REF!,﻿#REF!,,,,,,,,,,,,,,1843,﻿,﻿,﻿hi,Louisville
﻿lou.ky.9034_02,﻿church,﻿[Chapel of?] Loretto Convent and Academy [of St. Mary's?],English,﻿p131: https://digital.library.villanova.edu/Item/vudl:325604#?xywh=-111%2C219%2C1488%2C814&cv=130,,,,﻿Marion County,﻿Loretto,,﻿KY,,﻿#REF!,﻿#REF!,,,,,,,,,,,,,,1843,﻿,﻿,﻿hi,Louisville
﻿lou.ky.9034_02,﻿church,﻿[Chapel of?] Loretto Convent and Academy [of St. Mary's?],English,﻿p131: https://digital.library.villanova.edu/Item/vudl:325604#?xywh=-111%2C219%2C1488%2C814&cv=130,,,,﻿Marion County,﻿Loretto,,﻿KY,,﻿#REF!,﻿#REF!,,,,,,,,,,,,,,1843,﻿,﻿,﻿hi,Louisville
﻿lou.ky.9034_02,﻿church,﻿[Chapel of?] Loretto Convent and Academy [of St. Mary's?],English,﻿p131: https://digital.library.villanova.edu/Item/vudl:325604#?xywh=-111%2C219%2C1488%2C814&cv=130,,,,﻿Marion County,﻿Loretto,,﻿KY,,﻿#REF!,﻿#REF!,,,,,,,,,,,,,,1843,﻿,﻿,﻿hi,Louisville
﻿lou.ky.9034_02,﻿church,﻿[Chapel of?] Loretto Convent and Academy [of St. Mary's?],English,﻿p131: https://digital.library.villanova.edu/Item/vudl:325604#?xywh=-111%2C219%2C1488%2C814&cv=130,,,,﻿Marion County,﻿Loretto,,﻿KY,,﻿#REF!,﻿#REF!,,,,,,,,,,,,,,1843,﻿,﻿,﻿hi,Louisville
﻿lou.ky.9034_02,﻿church,﻿[Chapel of?] Loretto Convent and Academy [of St. Mary's?],English,﻿p131: https://digital.library.villanova.edu/Item/vudl:325604#?xywh=-111%2C219%2C1488%2C814&cv=130,,,,﻿Marion County,﻿Loretto,,﻿KY,,﻿#REF!,﻿#REF!,,,,,,,,,,,,,,1843,﻿,﻿,﻿hi,Louisville
﻿lou.ky.9034_02,﻿church,﻿[Chapel of?] Loretto Convent and Academy [of St. Mary's?],English,﻿p131: https://digital.library.villanova.edu/Item/vudl:325604#?xywh=-111%2C219%2C1488%2C814&cv=130,,,,﻿Marion County,﻿Loretto,,﻿KY,,﻿#REF!,﻿#REF!,,,,,,,,,,,,,,1843,﻿,﻿,﻿hi,Louisville
﻿lou.ky.9034_02,﻿church,﻿[Chapel of?] Loretto Convent and Academy [of St. Mary's?],English,﻿p131: https://digital.library.villanova.edu/Item/vudl:325604#?xywh=-111%2C219%2C1488%2C814&cv=130,,,,﻿Marion County,﻿Loretto,,﻿KY,,﻿#REF!,﻿#REF!,,,,,,,,,,,,,,1843,﻿,﻿,﻿hi,Louisville
﻿lou.ky.9034_02,﻿church,﻿[Chapel of?] Loretto Convent and Academy [of St. Mary's?],English,﻿p131: https://digital.library.villanova.edu/Item/vudl:325604#?xywh=-111%2C219%2C1488%2C814&cv=130,,,,﻿Marion County,﻿Loretto,,﻿KY,,﻿#REF!,﻿#REF!,,,,,,,,,,,,,,1843,﻿,﻿,﻿hi,Louisville
﻿lou.ky.9034_02,﻿church,﻿[Chapel of?] Loretto Convent and Academy [of St. Mary's?],English,﻿p131: https://digital.library.villanova.edu/Item/vudl:325604#?xywh=-111%2C219%2C1488%2C814&cv=130,,,,﻿Marion County,﻿Loretto,,﻿KY,,﻿#REF!,﻿#REF!,,,,,,,,,,,,,,1843,﻿,﻿,﻿hi,Louisville
﻿lou.ky.9034_02,﻿church,﻿[Chapel of?] Loretto Convent and Academy [of St. Mary's?],English,﻿p131: https://digital.library.villanova.edu/Item/vudl:325604#?xywh=-111%2C219%2C1488%2C814&cv=130,,,,﻿Marion County,﻿Loretto,,﻿KY,,﻿#REF!,﻿#REF!,,,,,,,,,,,,,,1843,﻿,﻿,﻿hi,Louisville
﻿lou.ky.9034_02,﻿church,﻿[Chapel of?] Loretto Convent and Academy [of St. Mary's?],English,﻿p131: https://digital.library.villanova.edu/Item/vudl:325604#?xywh=-111%2C219%2C1488%2C814&cv=130,,,,﻿Marion County,﻿Loretto,,﻿KY,,﻿#REF!,﻿#REF!,,,,,,,,,,,,,,1843,﻿,﻿,﻿hi,Louisville
﻿lou.ky.9034_02,﻿church,﻿[Chapel of?] Loretto Convent and Academy [of St. Mary's?],English,﻿p131: https://digital.library.villanova.edu/Item/vudl:325604#?xywh=-111%2C219%2C1488%2C814&cv=130,,,,﻿Marion County,﻿Loretto,,﻿KY,,﻿#REF!,﻿#REF!,,,,,,,,,,,,,,1843,﻿,﻿,﻿hi,Louisville
﻿lou.ky.9034_02,﻿church,﻿[Chapel of?] Loretto Convent and Academy [of St. Mary's?],English,﻿p131: https://digital.library.villanova.edu/Item/vudl:325604#?xywh=-111%2C219%2C1488%2C814&cv=130,,,,﻿Marion County,﻿Loretto,,﻿KY,,﻿#REF!,﻿#REF!,,,,,,,,,,,,,,1843,﻿,﻿,﻿hi,Louisville
﻿lou.ky.9034_02,﻿church,﻿[Chapel of?] Loretto Convent and Academy [of St. Mary's?],English,﻿p131: https://digital.library.villanova.edu/Item/vudl:325604#?xywh=-111%2C219%2C1488%2C814&cv=130,,,,﻿Marion County,﻿Loretto,,﻿KY,,﻿#REF!,﻿#REF!,,,,,,,,,,,,,,1843,﻿,﻿,﻿hi,Louisville
﻿lou.ky.9034_02,﻿church,﻿[Chapel of?] Loretto Convent and Academy [of St. Mary's?],English,﻿p131: https://digital.library.villanova.edu/Item/vudl:325604#?xywh=-111%2C219%2C1488%2C814&cv=130,,,,﻿Marion County,﻿Loretto,,﻿KY,,﻿#REF!,﻿#REF!,,,,,,,,,,,,,,1843,﻿,﻿,﻿hi,Louisville
﻿lou.ky.9034_02,﻿church,﻿[Chapel of?] Loretto Convent and Academy [of St. Mary's?],English,﻿p131: https://digital.library.villanova.edu/Item/vudl:325604#?xywh=-111%2C219%2C1488%2C814&cv=130,,,,﻿Marion County,﻿Loretto,,﻿KY,,﻿#REF!,﻿#REF!,,,,,,,,,,,,,,1843,﻿,﻿,﻿hi,Louisville
﻿lou.ky.9034_02,﻿church,﻿[Chapel of?] Loretto Convent and Academy [of St. Mary's?],English,﻿p131: https://digital.library.villanova.edu/Item/vudl:325604#?xywh=-111%2C219%2C1488%2C814&cv=130,,,,﻿Marion County,﻿Loretto,,﻿KY,,﻿#REF!,﻿#REF!,,,,,,,,,,,,,,1843,﻿,﻿,﻿hi,Louisville
﻿lou.ky.9034_02,﻿church,﻿[Chapel of?] Loretto Convent and Academy [of St. Mary's?],English,﻿p131: https://digital.library.villanova.edu/Item/vudl:325604#?xywh=-111%2C219%2C1488%2C814&cv=130,,,,﻿Marion County,﻿Loretto,,﻿KY,,﻿#REF!,﻿#REF!,,,,,,,,,,,,,,1843,﻿,﻿,﻿hi,Louisville
﻿lou.ky.9034_02,﻿church,﻿[Chapel of?] Loretto Convent and Academy [of St. Mary's?],English,﻿p131: https://digital.library.villanova.edu/Item/vudl:325604#?xywh=-111%2C219%2C1488%2C814&cv=130,,,,﻿Marion County,﻿Loretto,,﻿KY,,﻿#REF!,﻿#REF!,,,,,,,,,,,,,,1843,﻿,﻿,﻿hi,Louisville
﻿lou.ky.9034_02,﻿church,﻿[Chapel of?] Loretto Convent and Academy [of St. Mary's?],English,﻿p131: https://digital.library.villanova.edu/Item/vudl:325604#?xywh=-111%2C219%2C1488%2C814&cv=130,,,,﻿Marion County,﻿Loretto,,﻿KY,,﻿#REF!,﻿#REF!,,,,,,,,,,,,,,1843,﻿,﻿,﻿hi,Louisville
﻿lou.ky.9034_02,﻿church,﻿[Chapel of?] Loretto Convent and Academy [of St. Mary's?],English,﻿p131: https://digital.library.villanova.edu/Item/vudl:325604#?xywh=-111%2C219%2C1488%2C814&cv=130,,,,﻿Marion County,﻿Loretto,,﻿KY,,﻿#REF!,﻿#REF!,,,,,,,,,,,,,,1843,﻿,﻿,﻿hi,Louisville
﻿lou.ky.9034_02,﻿church,﻿[Chapel of?] Loretto Convent and Academy [of St. Mary's?],English,﻿p131: https://digital.library.villanova.edu/Item/vudl:325604#?xywh=-111%2C219%2C1488%2C814&cv=130,,,,﻿Marion County,﻿Loretto,,﻿KY,,﻿#REF!,﻿#REF!,,,,,,,,,,,,,,1843,﻿,﻿,﻿hi,Louisville
﻿lou.ky.9034_02,﻿church,﻿[Chapel of?] Loretto Convent and Academy [of St. Mary's?],English,﻿p131: https://digital.library.villanova.edu/Item/vudl:325604#?xywh=-111%2C219%2C1488%2C814&cv=130,,,,﻿Marion County,﻿Loretto,,﻿KY,,﻿#REF!,﻿#REF!,,,,,,,,,,,,,,1843,﻿,﻿,﻿hi,Louisville
﻿lou.ky.9034_02,﻿church,﻿[Chapel of?] Loretto Convent and Academy [of St. Mary's?],English,﻿p131: https://digital.library.villanova.edu/Item/vudl:325604#?xywh=-111%2C219%2C1488%2C814&cv=130,,,,﻿Marion County,﻿Loretto,,﻿KY,,﻿#REF!,﻿#REF!,,,,,,,,,,,,,,1843,﻿,﻿,﻿hi,Louisville
﻿lou.ky.9034_02,﻿church,﻿[Chapel of?] Loretto Convent and Academy [of St. Mary's?],English,﻿p131: https://digital.library.villanova.edu/Item/vudl:325604#?xywh=-111%2C219%2C1488%2C814&cv=130,,,,﻿Marion County,﻿Loretto,,﻿KY,,﻿#REF!,﻿#REF!,,,,,,,,,,,,,,1843,﻿,﻿,﻿hi,Louisville
﻿lou.ky.9034_02,﻿church,﻿[Chapel of?] Loretto Convent and Academy [of St. Mary's?],English,﻿p131: https://digital.library.villanova.edu/Item/vudl:325604#?xywh=-111%2C219%2C1488%2C814&cv=130,,,,﻿Marion County,﻿Loretto,,﻿KY,,﻿#REF!,﻿#REF!,,,,,,,,,,,,,,1843,﻿,﻿,﻿hi,Louisville
﻿lou.ky.9034_02,﻿church,﻿[Chapel of?] Loretto Convent and Academy [of St. Mary's?],English,﻿p131: https://digital.library.villanova.edu/Item/vudl:325604#?xywh=-111%2C219%2C1488%2C814&cv=130,,,,﻿Marion County,﻿Loretto,,﻿KY,,﻿#REF!,﻿#REF!,,,,,,,,,,,,,,1843,﻿,﻿,﻿hi,Louisville
﻿lou.ky.9034_02,﻿church,﻿[Chapel of?] Loretto Convent and Academy [of St. Mary's?],English,﻿p131: https://digital.library.villanova.edu/Item/vudl:325604#?xywh=-111%2C219%2C1488%2C814&cv=130,,,,﻿Marion County,﻿Loretto,,﻿KY,,﻿#REF!,﻿#REF!,,,,,,,,,,,,,,1843,﻿,﻿,﻿hi,Louisville
﻿lou.ky.9034_02,﻿church,﻿[Chapel of?] Loretto Convent and Academy [of St. Mary's?],English,﻿p131: https://digital.library.villanova.edu/Item/vudl:325604#?xywh=-111%2C219%2C1488%2C814&cv=130,,,,﻿Marion County,﻿Loretto,,﻿KY,,﻿#REF!,﻿#REF!,,,,,,,,,,,,,,1843,﻿,﻿,﻿hi,Louisville
﻿lou.ky.9034_02,﻿church,﻿[Chapel of?] Loretto Convent and Academy [of St. Mary's?],English,﻿p131: https://digital.library.villanova.edu/Item/vudl:325604#?xywh=-111%2C219%2C1488%2C814&cv=130,,,,﻿Marion County,﻿Loretto,,﻿KY,,﻿#REF!,﻿#REF!,,,,,,,,,,,,,,1843,﻿,﻿,﻿hi,Louisville
﻿lou.ky.9034_02,﻿church,﻿[Chapel of?] Loretto Convent and Academy [of St. Mary's?],English,﻿p131: https://digital.library.villanova.edu/Item/vudl:325604#?xywh=-111%2C219%2C1488%2C814&cv=130,,,,﻿Marion County,﻿Loretto,,﻿KY,,﻿#REF!,﻿#REF!,,,,,,,,,,,,,,1843,﻿,﻿,﻿hi,Louisville
﻿lou.ky.9034_02,﻿church,﻿[Chapel of?] Loretto Convent and Academy [of St. Mary's?],English,﻿p131: https://digital.library.villanova.edu/Item/vudl:325604#?xywh=-111%2C219%2C1488%2C814&cv=130,,,,﻿Marion County,﻿Loretto,,﻿KY,,﻿#REF!,﻿#REF!,,,,,,,,,,,,,,1843,﻿,﻿,﻿hi,Louisville
﻿lou.ky.9034_02,﻿church,﻿[Chapel of?] Loretto Convent and Academy [of St. Mary's?],English,﻿p131: https://digital.library.villanova.edu/Item/vudl:325604#?xywh=-111%2C219%2C1488%2C814&cv=130,,,,﻿Marion County,﻿Loretto,,﻿KY,,﻿#REF!,﻿#REF!,,,,,,,,,,,,,,1843,﻿,﻿,﻿hi,Louisville
﻿lou.ky.9034_02,﻿church,﻿[Chapel of?] Loretto Convent and Academy [of St. Mary's?],English,﻿p131: https://digital.library.villanova.edu/Item/vudl:325604#?xywh=-111%2C219%2C1488%2C814&cv=130,,,,﻿Marion County,﻿Loretto,,﻿KY,,﻿#REF!,﻿#REF!,,,,,,,,,,,,,,1843,﻿,﻿,﻿hi,Louisville
﻿lou.ky.9034_02,﻿church,﻿[Chapel of?] Loretto Convent and Academy [of St. Mary's?],English,﻿p131: https://digital.library.villanova.edu/Item/vudl:325604#?xywh=-111%2C219%2C1488%2C814&cv=130,,,,﻿Marion County,﻿Loretto,,﻿KY,,﻿#REF!,﻿#REF!,,,,,,,,,,,,,,1843,﻿,﻿,﻿hi,Louisville
﻿lou.ky.9034_02,﻿church,﻿[Chapel of?] Loretto Convent and Academy [of St. Mary's?],English,﻿p131: https://digital.library.villanova.edu/Item/vudl:325604#?xywh=-111%2C219%2C1488%2C814&cv=130,,,,﻿Marion County,﻿Loretto,,﻿KY,,﻿#REF!,﻿#REF!,,,,,,,,,,,,,,1843,﻿,﻿,﻿hi,Louisville
﻿lou.ky.9034_02,﻿church,﻿[Chapel of?] Loretto Convent and Academy [of St. Mary's?],English,﻿p131: https://digital.library.villanova.edu/Item/vudl:325604#?xywh=-111%2C219%2C1488%2C814&cv=130,,,,﻿Marion County,﻿Loretto,,﻿KY,,﻿#REF!,﻿#REF!,,,,,,,,,,,,,,1843,﻿,﻿,﻿hi,Louisville
﻿lou.ky.9034_02,﻿church,﻿[Chapel of?] Loretto Convent and Academy [of St. Mary's?],English,﻿p131: https://digital.library.villanova.edu/Item/vudl:325604#?xywh=-111%2C219%2C1488%2C814&cv=130,,,,﻿Marion County,﻿Loretto,,﻿KY,,﻿#REF!,﻿#REF!,,,,,,,,,,,,,,1843,﻿,﻿,﻿hi,Louisville
﻿lou.ky.9034_02,﻿church,﻿[Chapel of?] Loretto Convent and Academy [of St. Mary's?],English,﻿p131: https://digital.library.villanova.edu/Item/vudl:325604#?xywh=-111%2C219%2C1488%2C814&cv=130,,,,﻿Marion County,﻿Loretto,,﻿KY,,﻿#REF!,﻿#REF!,,,,,,,,,,,,,,1843,﻿,﻿,﻿hi,Louisville
﻿lou.ky.9034_02,﻿church,﻿[Chapel of?] Loretto Convent and Academy [of St. Mary's?],English,﻿p131: https://digital.library.villanova.edu/Item/vudl:325604#?xywh=-111%2C219%2C1488%2C814&cv=130,,,,﻿Marion County,﻿Loretto,,﻿KY,,﻿#REF!,﻿#REF!,,,,,,,,,,,,,,1843,﻿,﻿,﻿hi,Louisville
﻿lou.ky.9034_02,﻿church,﻿[Chapel of?] Loretto Convent and Academy [of St. Mary's?],English,﻿p131: https://digital.library.villanova.edu/Item/vudl:325604#?xywh=-111%2C219%2C1488%2C814&cv=130,,,,﻿Marion County,﻿Loretto,,﻿KY,,﻿#REF!,﻿#REF!,,,,,,,,,,,,,,1843,﻿,﻿,﻿hi,Louisville
﻿lou.ky.9034_02,﻿church,﻿[Chapel of?] Loretto Convent and Academy [of St. Mary's?],English,﻿p131: https://digital.library.villanova.edu/Item/vudl:325604#?xywh=-111%2C219%2C1488%2C814&cv=130,,,,﻿Marion County,﻿Loretto,,﻿KY,,﻿#REF!,﻿#REF!,,,,,,,,,,,,,,1843,﻿,﻿,﻿hi,Louisville
﻿lou.ky.9034_02,﻿church,﻿[Chapel of?] Loretto Convent and Academy [of St. Mary's?],English,﻿p131: https://digital.library.villanova.edu/Item/vudl:325604#?xywh=-111%2C219%2C1488%2C814&cv=130,,,,﻿Marion County,﻿Loretto,,﻿KY,,﻿#REF!,﻿#REF!,,,,,,,,,,,,,,1843,﻿,﻿,﻿hi,Louisville
﻿lou.ky.9034_02,﻿church,﻿[Chapel of?] Loretto Convent and Academy [of St. Mary's?],English,﻿p131: https://digital.library.villanova.edu/Item/vudl:325604#?xywh=-111%2C219%2C1488%2C814&cv=130,,,,﻿Marion County,﻿Loretto,,﻿KY,,﻿#REF!,﻿#REF!,,,,,,,,,,,,,,1843,﻿,﻿,﻿hi,Louisville
﻿lou.ky.9034_02,﻿church,﻿[Chapel of?] Loretto Convent and Academy [of St. Mary's?],English,﻿p131: https://digital.library.villanova.edu/Item/vudl:325604#?xywh=-111%2C219%2C1488%2C814&cv=130,,,,﻿Marion County,﻿Loretto,,﻿KY,,﻿#REF!,﻿#REF!,,,,,,,,,,,,,,1843,﻿,﻿,﻿hi,Louisville
﻿lou.ky.9034_02,﻿church,﻿[Chapel of?] Loretto Convent and Academy [of St. Mary's?],English,﻿p131: https://digital.library.villanova.edu/Item/vudl:325604#?xywh=-111%2C219%2C1488%2C814&cv=130,,,,﻿Marion County,﻿Loretto,,﻿KY,,﻿#REF!,﻿#REF!,,,,,,,,,,,,,,1843,﻿,﻿,﻿hi,Louisville
﻿lou.ky.9034_02,﻿church,﻿[Chapel of?] Loretto Convent and Academy [of St. Mary's?],English,﻿p131: https://digital.library.villanova.edu/Item/vudl:325604#?xywh=-111%2C219%2C1488%2C814&cv=130,,,,﻿Marion County,﻿Loretto,,﻿KY,,﻿#REF!,﻿#REF!,,,,,,,,,,,,,,1843,﻿,﻿,﻿hi,Louisville
﻿lou.ky.9034_02,﻿church,﻿[Chapel of?] Loretto Convent and Academy [of St. Mary's?],English,﻿p131: https://digital.library.villanova.edu/Item/vudl:325604#?xywh=-111%2C219%2C1488%2C814&cv=130,,,,﻿Marion County,﻿Loretto,,﻿KY,,﻿#REF!,﻿#REF!,,,,,,,,,,,,,,1843,﻿,﻿,﻿hi,Louisville
﻿lou.ky.9034_02,﻿church,﻿[Chapel of?] Loretto Convent and Academy [of St. Mary's?],English,﻿p131: https://digital.library.villanova.edu/Item/vudl:325604#?xywh=-111%2C219%2C1488%2C814&cv=130,,,,﻿Marion County,﻿Loretto,,﻿KY,,﻿#REF!,﻿#REF!,,,,,,,,,,,,,,1843,﻿,﻿,﻿hi,Louisville
﻿lou.ky.9034_02,﻿church,﻿[Chapel of?] Loretto Convent and Academy [of St. Mary's?],English,﻿p131: https://digital.library.villanova.edu/Item/vudl:325604#?xywh=-111%2C219%2C1488%2C814&cv=130,,,,﻿Marion County,﻿Loretto,,﻿KY,,﻿#REF!,﻿#REF!,,,,,,,,,,,,,,1843,﻿,﻿,﻿hi,Louisville
﻿lou.ky.9034_02,﻿church,﻿[Chapel of?] Loretto Convent and Academy [of St. Mary's?],English,﻿p131: https://digital.library.villanova.edu/Item/vudl:325604#?xywh=-111%2C219%2C1488%2C814&cv=130,,,,﻿Marion County,﻿Loretto,,﻿KY,,﻿#REF!,﻿#REF!,,,,,,,,,,,,,,1843,﻿,﻿,﻿hi,Louisville
﻿lou.ky.9034_02,﻿church,﻿[Chapel of?] Loretto Convent and Academy [of St. Mary's?],English,﻿p131: https://digital.library.villanova.edu/Item/vudl:325604#?xywh=-111%2C219%2C1488%2C814&cv=130,,,,﻿Marion County,﻿Loretto,,﻿KY,,﻿#REF!,﻿#REF!,,,,,,,,,,,,,,1843,﻿,﻿,﻿hi,Louisville
﻿lou.ky.9034_02,﻿church,﻿[Chapel of?] Loretto Convent and Academy [of St. Mary's?],English,﻿p131: https://digital.library.villanova.edu/Item/vudl:325604#?xywh=-111%2C219%2C1488%2C814&cv=130,,,,﻿Marion County,﻿Loretto,,﻿KY,,﻿#REF!,﻿#REF!,,,,,,,,,,,,,,1843,﻿,﻿,﻿hi,Louisville
﻿lou.ky.9034_02,﻿church,﻿[Chapel of?] Loretto Convent and Academy [of St. Mary's?],English,﻿p131: https://digital.library.villanova.edu/Item/vudl:325604#?xywh=-111%2C219%2C1488%2C814&cv=130,,,,﻿Marion County,﻿Loretto,,﻿KY,,﻿#REF!,﻿#REF!,,,,,,,,,,,,,,1843,﻿,﻿,﻿hi,Louisville
﻿lou.ky.9034_02,﻿church,﻿[Chapel of?] Loretto Convent and Academy [of St. Mary's?],English,﻿p131: https://digital.library.villanova.edu/Item/vudl:325604#?xywh=-111%2C219%2C1488%2C814&cv=130,,,,﻿Marion County,﻿Loretto,,﻿KY,,﻿#REF!,﻿#REF!,,,,,,,,,,,,,,1843,﻿,﻿,﻿hi,Louisville
﻿lou.ky.9034_02,﻿church,﻿[Chapel of?] Loretto Convent and Academy [of St. Mary's?],English,﻿p131: https://digital.library.villanova.edu/Item/vudl:325604#?xywh=-111%2C219%2C1488%2C814&cv=130,,,,﻿Marion County,﻿Loretto,,﻿KY,,﻿#REF!,﻿#REF!,,,,,,,,,,,,,,1843,﻿,﻿,﻿hi,Louisville
﻿lou.ky.9034_02,﻿church,﻿[Chapel of?] Loretto Convent and Academy [of St. Mary's?],English,﻿p131: https://digital.library.villanova.edu/Item/vudl:325604#?xywh=-111%2C219%2C1488%2C814&cv=130,,,,﻿Marion County,﻿Loretto,,﻿KY,,﻿#REF!,﻿#REF!,,,,,,,,,,,,,,1843,﻿,﻿,﻿hi,Louisville
﻿lou.ky.9034_02,﻿church,﻿[Chapel of?] Loretto Convent and Academy [of St. Mary's?],English,﻿p131: https://digital.library.villanova.edu/Item/vudl:325604#?xywh=-111%2C219%2C1488%2C814&cv=130,,,,﻿Marion County,﻿Loretto,,﻿KY,,﻿#REF!,﻿#REF!,,,,,,,,,,,,,,1843,﻿,﻿,﻿hi,Louisville
﻿lou.ky.9034_02,﻿church,﻿[Chapel of?] Loretto Convent and Academy [of St. Mary's?],English,﻿p131: https://digital.library.villanova.edu/Item/vudl:325604#?xywh=-111%2C219%2C1488%2C814&cv=130,,,,﻿Marion County,﻿Loretto,,﻿KY,,﻿#REF!,﻿#REF!,,,,,,,,,,,,,,1843,﻿,﻿,﻿hi,Louisville
﻿lou.ky.9034_02,﻿church,﻿[Chapel of?] Loretto Convent and Academy [of St. Mary's?],English,﻿p131: https://digital.library.villanova.edu/Item/vudl:325604#?xywh=-111%2C219%2C1488%2C814&cv=130,,,,﻿Marion County,﻿Loretto,,﻿KY,,﻿#REF!,﻿#REF!,,,,,,,,,,,,,,1843,﻿,﻿,﻿hi,Louisville
﻿lou.ky.9034_02,﻿church,﻿[Chapel of?] Loretto Convent and Academy [of St. Mary's?],English,﻿p131: https://digital.library.villanova.edu/Item/vudl:325604#?xywh=-111%2C219%2C1488%2C814&cv=130,,,,﻿Marion County,﻿Loretto,,﻿KY,,﻿#REF!,﻿#REF!,,,,,,,,,,,,,,1843,﻿,﻿,﻿hi,Louisville
﻿lou.ky.9034_02,﻿church,﻿[Chapel of?] Loretto Convent and Academy [of St. Mary's?],English,﻿p131: https://digital.library.villanova.edu/Item/vudl:325604#?xywh=-111%2C219%2C1488%2C814&cv=130,,,,﻿Marion County,﻿Loretto,,﻿KY,,﻿#REF!,﻿#REF!,,,,,,,,,,,,,,1843,﻿,﻿,﻿hi,Louisville
﻿lou.ky.9034_02,﻿church,﻿[Chapel of?] Loretto Convent and Academy [of St. Mary's?],English,﻿p131: https://digital.library.villanova.edu/Item/vudl:325604#?xywh=-111%2C219%2C1488%2C814&cv=130,,,,﻿Marion County,﻿Loretto,,﻿KY,,﻿#REF!,﻿#REF!,,,,,,,,,,,,,,1843,﻿,﻿,﻿hi,Louisville
﻿lou.ky.9034_02,﻿church,﻿[Chapel of?] Loretto Convent and Academy [of St. Mary's?],English,﻿p131: https://digital.library.villanova.edu/Item/vudl:325604#?xywh=-111%2C219%2C1488%2C814&cv=130,,,,﻿Marion County,﻿Loretto,,﻿KY,,﻿#REF!,﻿#REF!,,,,,,,,,,,,,,1843,﻿,﻿,﻿hi,Louisville
﻿lou.ky.9034_02,﻿church,﻿[Chapel of?] Loretto Convent and Academy [of St. Mary's?],English,﻿p131: https://digital.library.villanova.edu/Item/vudl:325604#?xywh=-111%2C219%2C1488%2C814&cv=130,,,,﻿Marion County,﻿Loretto,,﻿KY,,﻿#REF!,﻿#REF!,,,,,,,,,,,,,,1843,﻿,﻿,﻿hi,Louisville
﻿lou.ky.9034_02,﻿church,﻿[Chapel of?] Loretto Convent and Academy [of St. Mary's?],English,﻿p131: https://digital.library.villanova.edu/Item/vudl:325604#?xywh=-111%2C219%2C1488%2C814&cv=130,,,,﻿Marion County,﻿Loretto,,﻿KY,,﻿#REF!,﻿#REF!,,,,,,,,,,,,,,1843,﻿,﻿,﻿hi,Louisville
﻿lou.ky.9034_02,﻿church,﻿[Chapel of?] Loretto Convent and Academy [of St. Mary's?],English,﻿p131: https://digital.library.villanova.edu/Item/vudl:325604#?xywh=-111%2C219%2C1488%2C814&cv=130,,,,﻿Marion County,﻿Loretto,,﻿KY,,﻿#REF!,﻿#REF!,,,,,,,,,,,,,,1843,﻿,﻿,﻿hi,Louisville
﻿lou.ky.9034_02,﻿church,﻿[Chapel of?] Loretto Convent and Academy [of St. Mary's?],English,﻿p131: https://digital.library.villanova.edu/Item/vudl:325604#?xywh=-111%2C219%2C1488%2C814&cv=130,,,,﻿Marion County,﻿Loretto,,﻿KY,,﻿#REF!,﻿#REF!,,,,,,,,,,,,,,1843,﻿,﻿,﻿hi,Louisville
﻿lou.ky.9034_02,﻿church,﻿[Chapel of?] Loretto Convent and Academy [of St. Mary's?],English,﻿p131: https://digital.library.villanova.edu/Item/vudl:325604#?xywh=-111%2C219%2C1488%2C814&cv=130,,,,﻿Marion County,﻿Loretto,,﻿KY,,﻿#REF!,﻿#REF!,,,,,,,,,,,,,,1843,﻿,﻿,﻿hi,Louisville
﻿lou.ky.9034_02,﻿church,﻿[Chapel of?] Loretto Convent and Academy [of St. Mary's?],English,﻿p131: https://digital.library.villanova.edu/Item/vudl:325604#?xywh=-111%2C219%2C1488%2C814&cv=130,,,,﻿Marion County,﻿Loretto,,﻿KY,,﻿#REF!,﻿#REF!,,,,,,,,,,,,,,1843,﻿,﻿,﻿hi,Louisville
﻿lou.ky.9034_02,﻿church,﻿[Chapel of?] Loretto Convent and Academy [of St. Mary's?],English,﻿p131: https://digital.library.villanova.edu/Item/vudl:325604#?xywh=-111%2C219%2C1488%2C814&cv=130,,,,﻿Marion County,﻿Loretto,,﻿KY,,﻿#REF!,﻿#REF!,,,,,,,,,,,,,,1843,﻿,﻿,﻿hi,Louisville
﻿lou.ky.9034_02,﻿church,﻿[Chapel of?] Loretto Convent and Academy [of St. Mary's?],English,﻿p131: https://digital.library.villanova.edu/Item/vudl:325604#?xywh=-111%2C219%2C1488%2C814&cv=130,,,,﻿Marion County,﻿Loretto,,﻿KY,,﻿#REF!,﻿#REF!,,,,,,,,,,,,,,1843,﻿,﻿,﻿hi,Louisville
﻿lou.ky.9034_02,﻿church,﻿[Chapel of?] Loretto Convent and Academy [of St. Mary's?],English,﻿p131: https://digital.library.villanova.edu/Item/vudl:325604#?xywh=-111%2C219%2C1488%2C814&cv=130,,,,﻿Marion County,﻿Loretto,,﻿KY,,﻿#REF!,﻿#REF!,,,,,,,,,,,,,,1843,﻿,﻿,﻿hi,Louisville
﻿lou.ky.9034_02,﻿church,﻿[Chapel of?] Loretto Convent and Academy [of St. Mary's?],English,﻿p131: https://digital.library.villanova.edu/Item/vudl:325604#?xywh=-111%2C219%2C1488%2C814&cv=130,,,,﻿Marion County,﻿Loretto,,﻿KY,,﻿#REF!,﻿#REF!,,,,,,,,,,,,,,1843,﻿,﻿,﻿hi,Louisville
﻿lou.ky.9034_02,﻿church,﻿[Chapel of?] Loretto Convent and Academy [of St. Mary's?],English,﻿p131: https://digital.library.villanova.edu/Item/vudl:325604#?xywh=-111%2C219%2C1488%2C814&cv=130,,,,﻿Marion County,﻿Loretto,,﻿KY,,﻿#REF!,﻿#REF!,,,,,,,,,,,,,,1843,﻿,﻿,﻿hi,Louisville
﻿lou.ky.9034_02,﻿church,﻿[Chapel of?] Loretto Convent and Academy [of St. Mary's?],English,﻿p131: https://digital.library.villanova.edu/Item/vudl:325604#?xywh=-111%2C219%2C1488%2C814&cv=130,,,,﻿Marion County,﻿Loretto,,﻿KY,,﻿#REF!,﻿#REF!,,,,,,,,,,,,,,1843,﻿,﻿,﻿hi,Louisville
﻿lou.ky.9034_02,﻿church,﻿[Chapel of?] Loretto Convent and Academy [of St. Mary's?],English,﻿p131: https://digital.library.villanova.edu/Item/vudl:325604#?xywh=-111%2C219%2C1488%2C814&cv=130,,,,﻿Marion County,﻿Loretto,,﻿KY,,﻿#REF!,﻿#REF!,,,,,,,,,,,,,,1843,﻿,﻿,﻿hi,Louisville
﻿lou.ky.9034_02,﻿church,﻿[Chapel of?] Loretto Convent and Academy [of St. Mary's?],English,﻿p131: https://digital.library.villanova.edu/Item/vudl:325604#?xywh=-111%2C219%2C1488%2C814&cv=130,,,,﻿Marion County,﻿Loretto,,﻿KY,,﻿#REF!,﻿#REF!,,,,,,,,,,,,,,1843,﻿,﻿,﻿hi,Louisville
﻿lou.ky.9034_02,﻿church,﻿[Chapel of?] Loretto Convent and Academy [of St. Mary's?],English,﻿p131: https://digital.library.villanova.edu/Item/vudl:325604#?xywh=-111%2C219%2C1488%2C814&cv=130,,,,﻿Marion County,﻿Loretto,,﻿KY,,﻿#REF!,﻿#REF!,,,,,,,,,,,,,,1843,﻿,﻿,﻿hi,Louisville
﻿lou.ky.9034_02,﻿church,﻿[Chapel of?] Loretto Convent and Academy [of St. Mary's?],English,﻿p131: https://digital.library.villanova.edu/Item/vudl:325604#?xywh=-111%2C219%2C1488%2C814&cv=130,,,,﻿Marion County,﻿Loretto,,﻿KY,,﻿#REF!,﻿#REF!,,,,,,,,,,,,,,1843,﻿,﻿,﻿hi,Louisville
﻿lou.ky.9034_02,﻿church,﻿[Chapel of?] Loretto Convent and Academy [of St. Mary's?],English,﻿p131: https://digital.library.villanova.edu/Item/vudl:325604#?xywh=-111%2C219%2C1488%2C814&cv=130,,,,﻿Marion County,﻿Loretto,,﻿KY,,﻿#REF!,﻿#REF!,,,,,,,,,,,,,,1843,﻿,﻿,﻿hi,Louisville
﻿lou.ky.9034_02,﻿church,﻿[Chapel of?] Loretto Convent and Academy [of St. Mary's?],English,﻿p131: https://digital.library.villanova.edu/Item/vudl:325604#?xywh=-111%2C219%2C1488%2C814&cv=130,,,,﻿Marion County,﻿Loretto,,﻿KY,,﻿#REF!,﻿#REF!,,,,,,,,,,,,,,1843,﻿,﻿,﻿hi,Louisville
﻿lou.ky.9034_02,﻿church,﻿[Chapel of?] Loretto Convent and Academy [of St. Mary's?],English,﻿p131: https://digital.library.villanova.edu/Item/vudl:325604#?xywh=-111%2C219%2C1488%2C814&cv=130,,,,﻿Marion County,﻿Loretto,,﻿KY,,﻿#REF!,﻿#REF!,,,,,,,,,,,,,,1843,﻿,﻿,﻿hi,Louisville
﻿lou.ky.9034_02,﻿church,﻿[Chapel of?] Loretto Convent and Academy [of St. Mary's?],English,﻿p131: https://digital.library.villanova.edu/Item/vudl:325604#?xywh=-111%2C219%2C1488%2C814&cv=130,,,,﻿Marion County,﻿Loretto,,﻿KY,,﻿#REF!,﻿#REF!,,,,,,,,,,,,,,1843,﻿,﻿,﻿hi,Louisville
﻿lou.ky.9034_02,﻿church,﻿[Chapel of?] Loretto Convent and Academy [of St. Mary's?],English,﻿p131: https://digital.library.villanova.edu/Item/vudl:325604#?xywh=-111%2C219%2C1488%2C814&cv=130,,,,﻿Marion County,﻿Loretto,,﻿KY,,﻿#REF!,﻿#REF!,,,,,,,,,,,,,,1843,﻿,﻿,﻿hi,Louisville
﻿lou.ky.9034_02,﻿church,﻿[Chapel of?] Loretto Convent and Academy [of St. Mary's?],English,﻿p131: https://digital.library.villanova.edu/Item/vudl:325604#?xywh=-111%2C219%2C1488%2C814&cv=130,,,,﻿Marion County,﻿Loretto,,﻿KY,,﻿#REF!,﻿#REF!,,,,,,,,,,,,,,1843,﻿,﻿,﻿hi,Louisville
﻿lou.ky.9034_02,﻿church,﻿[Chapel of?] Loretto Convent and Academy [of St. Mary's?],English,﻿p131: https://digital.library.villanova.edu/Item/vudl:325604#?xywh=-111%2C219%2C1488%2C814&cv=130,,,,﻿Marion County,﻿Loretto,,﻿KY,,﻿#REF!,﻿#REF!,,,,,,,,,,,,,,1843,﻿,﻿,﻿hi,Louisville
